from_node,to_node,K_i_bnUSD,K_j_bnUSD,distance_km,trade_pct_gdp_i,trade_pct_gdp_j,C_ij_capacity,kappa_ij_cost,rho_i,rho_j,rho_ij_risk,active,A_trade_from,A_trade_to,C_ij_corrected,export_qty_t_total,C_ij_fao_rescale,C_ij_fao_actual
United States,China,24977.118,32004.885,11146.0,25.29,36.105,5.87549788838191e+17,0.5573,0.3333,1.0,0.6667,1,4.98222425257149,0.1831727396433205,5.281440421026854e+19,212566398.28000003,94.09480664905156,5.281440421026854e+19
United States,India,24977.118,13376.573,12046.0,25.29,44.993,2.619988456594939e+17,0.6023,0.3333,0.6667,0.5,1,4.98222425257149,1.2375989763828106,5.143544754120875e+16,207016.4,0.07906086081846808,5.143544754120875e+16
United States,Brazil,24977.118,4028.525,6796.0,25.29,33.666,1.854943385491129e+17,0.3398,0.3333,0.3333,0.3333,1,4.98222425257149,76.47659476447654,1.541549803419804e+16,62044.0,0.004257464097585707,1.541549803419804e+16
United States,Russia,24977.118,5835.482,7821.0,25.29,40.834,2.460788982575284e+17,0.3911,0.3333,0.6667,0.5,1,4.98222425257149,3.071899161702484,3.0470479537424188e+16,122637.0,0.03165117243474391,3.0470479537424188e+16
United States,Ukraine,24977.118,561.23,7833.0,25.29,77.51,4.478543169799799e+16,0.3916,0.3333,0.6667,0.5,1,4.98222425257149,9.312299146946048,364735394304720.1,1467.98,0.0011956416901581146,364735394304720.1
United States,Argentina,24977.118,1240.029,8397.0,25.29,26.677,2.963578373593374e+16,0.4199,0.3333,0.3333,0.3333,1,4.98222425257149,100.0,5.241398531211143e+16,210954.8,0.07923537725471491,5.241398531211143e+16
United States,Australia,24977.118,1617.856,15944.0,25.29,49.044,1.971655640775597e+16,0.7972,0.3333,0.0,0.1667,1,4.98222425257149,79.42885847747789,1.0524411751445364e+16,42358.45,0.026832798478158077,1.0524411751445364e+16
United States,Canada,24977.118,2305.5,733.0,25.29,66.632,1.8060879127363688e+19,0.0367,0.3333,0.3333,0.3333,1,4.98222425257149,2.910147342926411,9.319306161618812e+17,3750816.42,0.01355113177930218,9.319306161618812e+17
United States,France,24977.118,3712.391,6165.0,25.29,70.626,4.357625010627808e+17,0.3083,0.3333,0.0,0.1667,1,4.98222425257149,0.3360171579634735,2.1282450886458176e+17,856571.99,0.37746737599039354,2.1282450886458176e+17
United States,Indonesia,24977.118,3905.723,16358.0,25.29,41.336,3.81126656338389e+16,0.8,0.3333,0.6667,0.5,1,4.98222425257149,0.1192907261272955,4.319472000322996e+18,17384927.830000002,147.0098253291886,4.319472000322996e+18
United States,Vietnam,24977.118,1359.364,13344.0,25.29,164.818,7.948137984974574e+16,0.6672,0.3333,1.0,0.6667,1,4.98222425257149,0.6765030764157078,1.0451393488582957e+18,4206456.75,7.162461114038313,1.0451393488582957e+18
United States,Thailand,24977.118,1519.479,14154.0,25.29,128.824,6.172061286698329e+16,0.7077,0.3333,0.6667,0.5,1,4.98222425257149,1.6743502921052975,1.527116480621715e+18,6146309.04,8.566573341713594,1.527116480621715e+18
United States,Egypt,24977.118,1911.761,9349.0,25.29,40.45,5.588855565538147e+16,0.4674,0.3333,0.6667,0.5,1,4.98222425257149,0.01,4.242201498396833e+18,17073931.0,340.0609557915103,4.242201498396833e+18
United States,Nigeria,24977.118,1787.476,8896.0,25.29,26.167,3.733303999280286e+16,0.4448,0.3333,0.3333,0.3333,1,4.98222425257149,0.01,2.4927837268920428e+16,100329.08,2.991435268575569,2.4927837268920428e+16
United States,Bangladesh,24977.118,1413.299,12920.0,25.29,30.983,1.6570245351311164e+16,0.646,0.3333,1.0,0.6667,1,4.98222425257149,0.01,1.1363319581601009e+18,4573487.01,307.23072538373464,1.1363319581601009e+18
United States,Pakistan,24977.118,1341.17,11374.0,25.29,28.468,1.864259566714301e+16,0.5687,0.3333,0.6667,0.5,1,4.98222425257149,0.107169635497179,8.116014732717516e+17,3266518.0,59.578413427290414,8.116014732717516e+17
United States,Germany,24977.118,5250.377,6710.0,25.29,81.963,6.037508322614034e+17,0.3355,0.3333,0.0,0.1667,1,4.98222425257149,0.1026848226912732,2.944895559907023e+18,11852559.01,6.819419236152986,2.944895559907023e+18
United States,Japan,24977.118,5710.167,10906.0,25.29,45.151,1.3692439066157346e+17,0.5453,0.3333,0.0,0.1667,1,4.98222425257149,0.01,6.775356420494557e+18,27269324.210000005,221.68672815735485,6.775356420494557e+18
United States,United Kingdom,24977.118,3602.178,5898.0,25.29,64.992,4.251233052104192e+17,0.2949,0.3333,0.3333,0.3333,1,4.98222425257149,0.0432171177569208,2.6775436040307546e+17,1077652.6,1.357319545535273,2.6775436040307546e+17
United States,Saudi Arabia,24977.118,2173.214,10837.0,25.29,54.169,6.33187155398037e+16,0.5419,0.3333,1.0,0.6667,1,4.98222425257149,0.01,3.403184668515388e+17,1369707.22,24.079185030905887,3.403184668515388e+17
United States,West Africa (ECOWAS),24977.118,900.434,8724.0,25.29,60.104,4.491779097595952e+16,0.4362,0.3333,0.7111,0.5222,1,4.98222425257149,2.533527925920729,1.5958529597268243e+17,,,
United States,East Africa,24977.118,1576.319,11524.0,25.29,42.375,3.177175174559624e+16,0.5762,0.3333,0.6894,0.5114,1,4.98222425257149,2.303405693687899,1.0763115833011182e+17,,,
United States,Southern Africa (SADC),24977.118,1284.21,13046.0,25.29,64.705,3.084007569409863e+16,0.6523,0.3333,0.4533,0.3933,1,4.98222425257149,15.4573865722838,2.7064194456052362e+17,,,
United States,Central Africa,24977.118,471.023,10517.0,25.29,72.817,1.95879118927344e+16,0.5259,0.3333,0.6662,0.4998,1,4.98222425257149,1.208058214226458,4.805556734998021e+16,,,
United States,MENA-other,24977.118,8746.966,10176.0,25.29,69.092,3.686617330862681e+17,0.5088,0.3333,0.7717,0.5525,1,4.98222425257149,0.0618247892439834,2.0460725003298678e+17,,,
United States,Central Asia,24977.118,1783.598,9542.0,25.29,72.977,9.030295791305133e+16,0.4771,0.3333,0.7486,0.541,1,4.98222425257149,1.6043642390614754,2.55308396707849e+17,,,
United States,South Asia-other,24977.118,454.619,12384.0,25.29,44.042,8246940623511910.0,0.6192,0.3333,0.3333,0.3333,1,4.98222425257149,0.9163832465357904,1.7621508099458404e+16,,,
United States,Southeast Asia-other,24977.118,6921.188,13777.0,25.29,100.466,2.3141383871656102e+17,0.6888,0.3333,0.5788,0.4561,1,4.98222425257149,0.3886224314479692,3.2200668992469645e+17,,,
United States,Pacific/Oceania-other,24977.118,320.176,14083.0,25.29,101.415,1.034185543248163e+16,0.7042,0.3333,0.4321,0.3827,1,4.98222425257149,16.253867807039022,9.306544534617723e+16,,,
United States,Caribbean & Central America,24977.118,4131.411,3032.0,25.29,73.736,2.093216552443744e+18,0.1516,0.3333,0.6082,0.4708,1,4.98222425257149,1.664261084130132,6.027490368861976e+18,,,
United States,Andean & Southern Cone-other,24977.118,2728.156,4349.0,25.29,47.798,4.355046391527466e+17,0.2175,0.3333,0.3433,0.3383,1,4.98222425257149,16.55568657417006,3.9552871589635727e+18,,,
United States,Eastern Europe-other,24977.118,1774.495,7178.0,25.29,104.557,2.27467656228936e+17,0.3589,0.3333,0.5139,0.4236,1,4.98222425257149,0.2606376651637235,2.5920888071945424e+17,,,
United States,EU-other,24977.118,13437.767,7217.0,25.29,108.192,1.763213079483496e+18,0.3609,0.3333,0.113,0.2232,1,4.98222425257149,0.0784203120070404,1.1021246539602465e+18,,,
United States,Nordics,24977.118,1914.495,6636.0,25.29,102.211,2.8069525651810576e+17,0.3318,0.3333,0.0,0.1667,1,4.98222425257149,0.2021287863665108,2.816831011954969e+17,,,
China,United States,32004.885,24977.118,11146.0,36.105,25.29,5.87549788838191e+17,0.5573,1.0,0.3333,0.6667,1,0.1831727396433205,4.98222425257149,1.5465308411970104e+18,224382.56,2.755318793332798,1.5465308411970104e+18
China,India,32004.885,13376.573,3780.0,36.105,44.993,4.867328368590873e+18,0.189,1.0,0.6667,0.8333,1,0.1831727396433205,1.2375989763828106,3659856080952159.5,531.0,0.001579257579789244,3659856080952159.5
China,Brazil,32004.885,4028.525,16932.0,36.105,33.666,5.466508533920236e+16,0.8,1.0,0.3333,0.6667,1,0.1831727396433205,76.47659476447654,41561077529456.734,6.03,0.0002031337456715592,41561077529456.734
China,Russia,32004.885,5835.482,5794.0,36.105,40.834,8.20221434406642e+17,0.2897,1.0,0.6667,0.8333,1,0.1831727396433205,3.071899161702484,1.8498332464304856e+16,2683.88,0.03006544028225896,1.8498332464304856e+16
China,Ukraine,32004.885,561.23,6451.0,36.105,77.51,1.207891943768587e+17,0.3226,1.0,0.6667,0.8333,1,0.1831727396433205,9.312299146946048,1.577563918111599e+17,,,
China,Argentina,32004.885,1240.029,19267.0,36.105,26.677,1.0297354853073968e+16,0.8,1.0,0.3333,0.6667,1,0.1831727396433205,100.0,28603394982959.45,4.15,0.000649025086498322,28603394982959.45
China,Australia,32004.885,1617.856,9008.0,36.105,49.044,1.129946893473631e+17,0.4504,1.0,0.0,0.5,1,0.1831727396433205,79.42885847747789,8.28817486933699e+16,12025.12,0.19230088900120407,8.28817486933699e+16
China,Canada,32004.885,2305.5,10451.0,36.105,66.632,1.625250433147875e+17,0.5225,1.0,0.3333,0.6667,1,0.1831727396433205,2.910147342926411,1.5378598081627306e+17,22312.45,1.2960105795296586,1.5378598081627306e+17
China,France,32004.885,3712.391,8217.0,36.105,70.626,4.48723271547865e+17,0.4108,1.0,0.0,0.5,1,0.1831727396433205,0.3360171579634735,2145116776035292.8,311.23,0.019269089695125537,2145116776035292.8
China,Indonesia,32004.885,3905.723,5221.0,36.105,41.336,6.844023571170515e+17,0.2611,1.0,0.6667,0.8333,1,0.1831727396433205,0.1192907261272955,7060213891757710.0,1024.35,0.06978669000620627,7060213891757710.0
China,Vietnam,32004.885,1359.364,2327.0,36.105,164.818,4.7811662887028e+18,0.1163,1.0,1.0,0.9,1,0.1831727396433205,0.6765030764157078,9.102584516060479e+17,132067.28,0.540835963519005,9.102584516060479e+17
China,Thailand,32004.885,1519.479,3296.0,36.105,128.824,2.0821084986826007e+18,0.1648,1.0,0.6667,0.8333,1,0.1831727396433205,1.6743502921052975,1.370378315057086e+16,1988.25,0.011884571812654593,1.370378315057086e+16
China,Egypt,32004.885,1911.761,7544.0,36.105,40.45,1.5701422387211613e+17,0.3772,1.0,0.6667,0.8333,1,0.1831727396433205,0.01,827086119989188.4,120.0,0.12307825078052413,827086119989188.4
China,Nigeria,32004.885,1787.476,10938.0,36.105,26.167,4.517479770826583e+16,0.5469,1.0,0.3333,0.6667,1,0.1831727396433205,0.01,6892384333243.237,1.0,0.003564863043519817,6892384333243.237
China,Bangladesh,32004.885,1413.299,3019.0,36.105,30.983,5.551583684663548e+17,0.151,1.0,1.0,0.9,1,0.1831727396433205,0.01,2215901563137701.0,321.5,0.09326166240613666,2215901563137701.0
China,Pakistan,32004.885,1341.17,3884.0,36.105,28.468,2.9245802060877914e+17,0.1942,1.0,0.6667,0.8333,1,0.1831727396433205,0.107169635497179,139777554278172.88,20.28,0.0034112033036862023,139777554278172.88
China,Germany,32004.885,5250.377,7358.0,36.105,81.963,9.18485630622958e+17,0.3679,1.0,0.0,0.5,1,0.1831727396433205,0.1026848226912732,7.87468005603273e+16,11425.19,0.6251395878262389,7.87468005603273e+16
China,Japan,32004.885,5710.167,2089.0,36.105,45.151,6.826908375594144e+18,0.1045,1.0,0.0,0.5,1,0.1831727396433205,0.01,4.877973355226701e+18,707733.7999999999,16.694942554780003,4.877973355226701e+18
China,United Kingdom,32004.885,3602.178,8141.0,36.105,64.992,4.0818598675959846e+17,0.4071,1.0,0.3333,0.6667,1,0.1831727396433205,0.0432171177569208,1.8227041324564067e+17,26445.19,5.018798585080213,1.8227041324564067e+17
China,Saudi Arabia,32004.885,2173.214,6601.0,36.105,54.169,3.121906759915333e+17,0.3301,1.0,1.0,0.9,1,0.1831727396433205,0.01,1411560311448215.0,204.8,0.10564503473993646,1411560311448215.0
China,West Africa (ECOWAS),32004.885,900.434,11455.0,36.105,60.104,4.7659410596835416e+16,0.5727,1.0,0.7111,0.8555,1,0.1831727396433205,2.533527925920729,3.2466983140541212e+16,,,
China,East Africa,32004.885,1576.319,8315.0,36.105,42.375,1.1163806570725754e+17,0.4158,1.0,0.6894,0.8447,1,0.1831727396433205,2.303405693687899,7.25150150799196e+16,,,
China,Southern Africa (SADC),32004.885,1284.21,11707.0,36.105,64.705,7.005967164156301e+16,0.5854,1.0,0.4533,0.7267,1,0.1831727396433205,15.4573865722838,1.17887172723536e+17,,,
China,Central Africa,32004.885,471.023,11274.0,36.105,72.817,3.118207266639833e+16,0.5637,1.0,0.6662,0.8331,1,0.1831727396433205,1.208058214226458,1.4668284715428284e+16,,,
China,MENA-other,32004.885,8746.966,5605.0,36.105,69.092,2.222901268459664e+18,0.2802,1.0,0.7717,0.8859,1,0.1831727396433205,0.0618247892439834,2.3655488257533616e+17,,,
China,Central Asia,32004.885,1783.598,3651.0,36.105,72.977,1.128356370348622e+18,0.1825,1.0,0.7486,0.8743,1,0.1831727396433205,1.6043642390614754,6.116855091926737e+17,,,
China,South Asia-other,32004.885,454.619,3154.0,36.105,44.042,2.3258437042583693e+17,0.1577,1.0,0.3333,0.6667,1,0.1831727396433205,0.9163832465357904,9.52904807156137e+16,,,
China,Southeast Asia-other,32004.885,6921.188,2849.0,36.105,100.466,9.89926374786168e+18,0.1424,1.0,0.5788,0.7894,1,0.1831727396433205,0.3886224314479692,2.641175428267515e+18,,,
China,Pacific/Oceania-other,32004.885,320.176,10780.0,36.105,101.415,3.228794835787826e+16,0.539,1.0,0.4321,0.716,1,0.1831727396433205,16.253867807039022,5.57120619179626e+16,,,
China,Caribbean & Central America,32004.885,4131.411,12458.0,36.105,73.736,2.2681149005036275e+17,0.6229,1.0,0.6082,0.8041,1,0.1831727396433205,1.664261084130132,1.2522937159169797e+17,,,
China,Andean & Southern Cone-other,32004.885,2728.156,15348.0,36.105,47.798,6.396717487806359e+16,0.7674,1.0,0.3433,0.6716,1,0.1831727396433205,16.55568657417006,1.1139384348704112e+17,,,
China,Eastern Europe-other,32004.885,1774.495,6941.0,36.105,104.557,4.450118979078621e+17,0.3471,1.0,0.5139,0.757,1,0.1831727396433205,0.2606376651637235,9.72345550683457e+16,,,
China,EU-other,32004.885,13437.767,8125.0,36.105,108.192,2.5448408096691154e+18,0.4062,1.0,0.113,0.5565,1,0.1831727396433205,0.0784203120070404,3.050038518751756e+17,,,
China,Nordics,32004.885,1914.495,6708.0,36.105,102.211,5.025171301900161e+17,0.3354,1.0,0.0,0.5,1,0.1831727396433205,0.2021287863665108,9.669307586528518e+16,,,
India,United States,13376.573,24977.118,12046.0,44.993,25.29,2.6199884565949382e+17,0.6023,0.6667,0.3333,0.5,1,1.2375989763828106,4.98222425257149,5.308430754554225e+18,116404.17,8.15953053998496,5.308430754554225e+18
India,China,13376.573,32004.885,3780.0,44.993,36.105,4.867328368590873e+18,0.189,0.6667,1.0,0.8333,1,1.2375989763828106,0.1831727396433205,9120688295881888.0,200.0,0.003935650967023585,9120688295881888.0
India,Brazil,13376.573,4028.525,14235.0,44.993,33.666,4.028227135079055e+16,0.7117,0.6667,0.3333,0.5,1,1.2375989763828106,76.47659476447654,32723495331274.7,0.06,8.350096486244206e-05,32723495331274.7
India,Russia,13376.573,5835.482,4343.0,44.993,40.834,7.603451514149564e+17,0.2172,0.6667,0.6667,0.6667,1,1.2375989763828106,3.071899161702484,6521748165970340.0,143.01,0.004399059087614893,6521748165970340.0
India,Ukraine,13376.573,561.23,4578.0,44.993,77.51,1.249202760779418e+17,0.2289,0.6667,0.6667,0.6667,1,1.2375989763828106,9.312299146946048,456034414794094.25,10.0,0.0010753411187233537,456034414794094.25
India,Argentina,13376.573,1240.029,15791.0,44.993,26.677,7984301905705230.0,0.7895,0.6667,0.3333,0.5,1,1.2375989763828106,100.0,8.882330344190837e+16,,,
India,Australia,13376.573,1617.856,10353.0,44.993,49.044,4.455379508325213e+16,0.5177,0.6667,0.0,0.3333,1,1.2375989763828106,79.42885847747789,1.2232211108021992e+16,268.23,0.027691159001841437,1.2232211108021992e+16
India,Canada,13376.573,2305.5,11339.0,44.993,66.632,7.190992220541729e+16,0.5669,0.6667,0.3333,0.5,1,1.2375989763828106,2.910147342926411,4.166334973902993e+18,91360.1,30.529374445748388,4.166334973902993e+18
India,France,13376.573,3712.391,6587.0,44.993,70.626,3.6369069014116685e+17,0.3293,0.6667,0.0,0.3333,1,1.2375989763828106,0.3360171579634735,2.3622947513865914e+17,5180.08,1.0072359153652481,2.3622947513865914e+17
India,Indonesia,13376.573,3905.723,5007.0,44.993,41.336,3.875841814575079e+17,0.2504,0.6667,0.6667,0.6667,1,1.2375989763828106,0.1192907261272955,2.0986703768824214e+17,4602.0,1.4092397243525494,2.0986703768824214e+17
India,Vietnam,13376.573,1359.364,3001.0,44.993,164.818,1.4972591230558277e+18,0.15,0.6667,1.0,0.8333,1,1.2375989763828106,0.6765030764157078,8.649080305822572e+17,18965.85,0.6313178994115112,8.649080305822572e+17
India,Thailand,13376.573,1519.479,2916.0,44.993,128.824,1.3854953329086124e+18,0.1458,0.6667,0.6667,0.6667,1,1.2375989763828106,1.6743502921052975,1.4730550046029955e+17,3230.14,0.07385854788954462,1.4730550046029955e+17
India,Egypt,13376.573,1911.761,4429.0,44.993,40.45,2.372648147985893e+17,0.2215,0.6667,0.6667,0.6667,1,1.2375989763828106,0.01,325152537748189.2,7.13,0.012318670473541888,325152537748189.2
India,Nigeria,13376.573,1787.476,7560.0,44.993,26.167,4.925278663362359e+16,0.378,0.6667,0.3333,0.5,1,1.2375989763828106,0.01,258571513188251.38,5.67,0.047191078101272044,258571513188251.38
India,Bangladesh,13376.573,1413.299,1420.0,44.993,30.983,1.30697948766249e+18,0.071,0.6667,1.0,0.8333,1,1.2375989763828106,0.01,1.8434917597402378e+17,4042.44,1.2678925743584877,1.8434917597402378e+17
India,Pakistan,13376.573,1341.17,689.0,44.993,28.468,4.840451562107416e+18,0.0345,0.6667,0.6667,0.6667,1,1.2375989763828106,0.107169635497179,1.316115321095756e+17,2886.0,0.07465900862405032,1.316115321095756e+17
India,Germany,13376.573,5250.377,5781.0,44.993,81.963,7.749761515884096e+17,0.289,0.6667,0.0,0.3333,1,1.2375989763828106,0.1026848226912732,1348493764546136.8,29.57,0.004881097749373236,1348493764546136.8
India,Japan,13376.573,5710.167,5834.0,44.993,45.151,4.5590089853964896e+17,0.2917,0.6667,0.0,0.3333,1,1.2375989763828106,0.01,5.827490493576109e+17,12778.62,11.490029793880764,5.827490493576109e+17
India,United Kingdom,13376.573,3602.178,6711.0,44.993,64.992,3.128538231311034e+17,0.3356,0.6667,0.3333,0.5,1,1.2375989763828106,0.0432171177569208,1.3845250436590181e+17,3036.01,1.9135573327523354,1.3845250436590181e+17
India,Saudi Arabia,13376.573,2173.214,3057.0,44.993,54.169,7.581425291661722e+17,0.1529,0.6667,1.0,0.8333,1,1.2375989763828106,0.01,1.58914312523298e+16,348.47,0.18841791036052563,1.58914312523298e+16
India,West Africa (ECOWAS),13376.573,900.434,8084.0,44.993,60.104,4.9841211248625e+16,0.4042,0.6667,0.7111,0.6889,1,1.2375989763828106,2.533527925920729,8.82554241854966e+16,,,
India,East Africa,13376.573,1576.319,4566.0,44.993,42.375,1.9282677574213062e+17,0.2283,0.6667,0.6894,0.678,1,1.2375989763828106,2.303405693687899,3.255686121689891e+17,,,
India,Southern Africa (SADC),13376.573,1284.21,8042.0,44.993,64.705,7.732742354640952e+16,0.4021,0.6667,0.4533,0.56,1,1.2375989763828106,15.4573865722838,3.3821397225627674e+17,,,
India,Central Africa,13376.573,471.023,7561.0,44.993,72.817,3.6108122543963496e+16,0.378,0.6667,0.6662,0.6664,1,1.2375989763828106,1.208058214226458,4.415082363718078e+16,,,
India,MENA-other,13376.573,8746.966,2546.0,44.993,69.092,5.611215555139156e+18,0.1273,0.6667,0.7717,0.7192,1,1.2375989763828106,0.0618247892439834,1.5521305444279094e+18,,,
India,Central Asia,13376.573,1783.598,2553.0,44.993,72.977,1.2019064477610473e+18,0.1277,0.6667,0.7486,0.7076,1,1.2375989763828106,1.6043642390614754,1.6936049809525942e+18,,,
India,South Asia-other,13376.573,454.619,802.0,44.993,44.042,1.873516455521365e+18,0.0401,0.6667,0.3333,0.5,1,1.2375989763828106,0.9163832465357904,1.9951982401658826e+18,,,
India,Southeast Asia-other,13376.573,6921.188,4755.0,44.993,100.466,1.850926165733256e+18,0.2377,0.6667,0.5788,0.6228,1,1.2375989763828106,0.3886224314479692,1.2836392791450035e+18,,,
India,Pacific/Oceania-other,13376.573,320.176,12649.0,44.993,101.415,1.2214281646022336e+16,0.6324,0.6667,0.4321,0.5494,1,1.2375989763828106,16.253867807039022,5.478179551192601e+16,,,
India,Caribbean & Central America,13376.573,4131.411,14658.0,44.993,73.736,8.533252834061182e+16,0.7329,0.6667,0.6082,0.6375,1,1.2375989763828106,1.664261084130132,1.2246593805834554e+17,,,
India,Andean & Southern Cone-other,13376.573,2728.156,15931.0,44.993,47.798,3.0922672424642816e+16,0.7965,0.6667,0.3433,0.505,1,1.2375989763828106,16.55568657417006,1.3997181320553782e+17,,,
India,Eastern Europe-other,13376.573,1774.495,5263.0,44.993,104.557,4.031357517031363e+17,0.2631,0.6667,0.5139,0.5903,1,1.2375989763828106,0.2606376651637235,2.289601357133221e+17,,,
India,EU-other,13376.573,13437.767,5916.0,44.993,108.192,2.500076931463876e+18,0.2958,0.6667,0.113,0.3898,1,1.2375989763828106,0.0784203120070404,7.788568189044897e+17,,,
India,Nordics,13376.573,1914.495,5570.0,44.993,102.211,3.796023846638687e+17,0.2785,0.6667,0.0,0.3333,1,1.2375989763828106,0.2021287863665108,1.8985978596398182e+17,,,
Brazil,United States,4028.525,24977.118,6796.0,33.666,25.29,1.854943385491129e+17,0.3398,0.3333,0.3333,0.3333,1,76.47659476447654,4.98222425257149,1.977649485296372e+16,615283.13,0.005461887551462542,1.977649485296372e+16
Brazil,China,4028.525,32004.885,16932.0,33.666,36.105,5.466508533920237e+16,0.8,0.3333,1.0,0.6667,1,76.47659476447654,0.1831727396433205,1.1667902916681185e+19,363009920.6400001,57.02799264330192,1.1667902916681185e+19
Brazil,India,4028.525,13376.573,14235.0,33.666,44.993,4.028227135079056e+16,0.7117,0.3333,0.6667,0.5,1,76.47659476447654,1.2375989763828106,32723575607635.656,1000.07,8.35011697046671e-05,32723575607635.656
Brazil,Russia,4028.525,5835.482,11177.0,33.666,40.834,2.586975058909419e+16,0.5588,0.3333,0.6667,0.5,1,76.47659476447654,3.071899161702484,1.8473389318290922e+17,5747411.2,0.46589343680754014,1.8473389318290922e+17
Brazil,Ukraine,4028.525,561.23,10561.0,33.666,77.51,5289647487456932.0,0.5281,0.3333,0.6667,0.5,1,76.47659476447654,9.312299146946048,2538701720926646.0,78983.68,0.01798424524448365,2538701720926646.0
Brazil,Argentina,4028.525,1240.029,2339.0,33.666,26.677,8.20064624098871e+16,0.1169,0.3333,0.3333,0.3333,1,76.47659476447654,100.0,1.7181989038211392e+17,5345632.82,0.023958580803049995,1.7181989038211392e+17
Brazil,Australia,4028.525,1617.856,14059.0,33.666,49.044,5444532231788841.0,0.7029,0.3333,0.0,0.1667,1,76.47659476447654,79.42885847747789,3354253631772311.0,104357.0,0.007904636327174648,3354253631772311.0
Brazil,Canada,4028.525,2305.5,7362.0,33.666,66.632,3.844138330291387e+16,0.3681,0.3333,0.3333,0.3333,1,76.47659476447654,2.910147342926411,901163692694230.9,28036.86,0.0015713861411793908,901163692694230.9
Brazil,France,4028.525,3712.391,8725.0,33.666,70.626,4.671205177222731e+16,0.4363,0.3333,0.0,0.1667,1,76.47659476447654,0.3360171579634735,6.57307531566516e+16,2045004.63,0.2775841515614094,6.57307531566516e+16
Brazil,Indonesia,4028.525,3905.723,16310.0,33.666,41.336,8231246515931286.0,0.8,0.3333,0.6667,0.5,1,76.47659476447654,0.1192907261272955,3273762087220154.5,101852.76,0.13167820396483468,3273762087220154.5
Brazil,Vietnam,4028.525,1359.364,17185.0,33.666,164.818,1.028921376019675e+16,0.8,0.3333,1.0,0.6667,1,76.47659476447654,0.6765030764157078,1.4308979792228634e+17,4451786.8,1.933424962573629,1.4308979792228634e+17
Brazil,Thailand,4028.525,1519.479,16611.0,33.666,128.824,9621457237380764.0,0.8,0.3333,0.6667,0.5,1,76.47659476447654,1.6743502921052975,5.460559030336602e+17,16988803.509999998,5.015437469712193,5.460559030336602e+17
Brazil,Egypt,4028.525,1911.761,9874.0,33.666,40.45,1.0757485219032218e+16,0.4937,0.3333,0.6667,0.5,1,76.47659476447654,0.01,2.6893621802182468e+16,836710.04,2.8587374045981804,2.6893621802182468e+16
Brazil,Nigeria,4028.525,1787.476,6685.0,33.666,26.167,1.419462353792833e+16,0.3342,0.3333,0.3333,0.3333,1,76.47659476447654,0.01,353563152922136.7,11000.0,0.02848254866993497,353563152922136.7
Brazil,Bangladesh,4028.525,1413.299,15578.0,33.666,30.983,2447227618763328.0,0.7789,0.3333,1.0,0.6667,1,76.47659476447654,0.01,1.3895257611699954e+17,4323070.22,64.92739318471494,1.3895257611699954e+17
Brazil,Pakistan,4028.525,1341.17,13814.0,33.666,28.468,2713549341805996.0,0.6907,0.3333,0.6667,0.5,1,76.47659476447654,0.107169635497179,1.5493404397654803e+17,4820283.08,19.943849389965447,1.5493404397654803e+17
Brazil,Germany,4028.525,5250.377,9591.0,33.666,81.963,6.344812593168411e+16,0.4795,0.3333,0.0,0.1667,1,76.47659476447654,0.1026848226912732,1.4945707013720915e+17,4649884.350000001,0.8405823480013972,1.4945707013720915e+17
Brazil,Japan,4028.525,5710.167,17681.0,33.666,45.151,1.1185153625061536e+16,0.8,0.3333,0.0,0.1667,1,76.47659476447654,0.01,1.5524172523911546e+17,4829855.609999999,15.870924881055599,1.5524172523911546e+17
Brazil,United Kingdom,4028.525,3602.178,8792.0,33.666,64.992,4.10764487023625e+16,0.4396,0.3333,0.3333,0.3333,1,76.47659476447654,0.0432171177569208,1.8407203035332304e+17,5726819.43,2.4649195120171514,1.8407203035332304e+17
Brazil,Saudi Arabia,4028.525,2173.214,11182.0,33.666,54.169,1.2768946440141296e+16,0.5591,0.3333,1.0,0.6667,1,76.47659476447654,0.01,5.493231958794451e+16,1709045.5,4.91935995700667,5.493231958794451e+16
Brazil,West Africa (ECOWAS),4028.525,900.434,6164.0,33.666,60.104,1.93182704436672e+16,0.3082,0.3333,0.7111,0.5222,1,76.47659476447654,2.533527925920729,2.6890282234516464e+17,,,
Brazil,East Africa,4028.525,1576.319,9924.0,33.666,42.375,9198519779300850.0,0.4962,0.3333,0.6894,0.5114,1,76.47659476447654,2.303405693687899,1.2208644156124749e+17,,,
Brazil,Southern Africa (SADC),4028.525,1284.21,7864.0,33.666,64.705,1.8223297790155804e+16,0.3932,0.3333,0.4533,0.3933,1,76.47659476447654,15.4573865722838,6.265551114231132e+17,,,
Brazil,Central Africa,4028.525,471.023,7002.0,33.666,72.817,9487930066251740.0,0.3501,0.3333,0.6662,0.4998,1,76.47659476447654,1.208058214226458,9.11968163066976e+16,,,
Brazil,MENA-other,4028.525,8746.966,11847.0,33.666,69.092,5.839952008056953e+16,0.5924,0.3333,0.7717,0.5525,1,76.47659476447654,0.0618247892439834,1.2698571583209035e+17,,,
Brazil,Central Asia,4028.525,1783.598,13401.0,33.666,72.977,9829924545244692.0,0.6701,0.3333,0.7486,0.541,1,76.47659476447654,1.6043642390614754,1.0888447006445306e+17,,,
Brazil,South Asia-other,4028.525,454.619,15035.0,33.666,44.042,1201300582364001.2,0.7518,0.3333,0.3333,0.3333,1,76.47659476447654,0.9163832465357904,1.0056677632838688e+16,,,
Brazil,Southeast Asia-other,4028.525,6921.188,18813.0,33.666,100.466,2.664565070145533e+16,0.8,0.3333,0.5788,0.4561,1,76.47659476447654,0.3886224314479692,1.452628410308063e+17,,,
Brazil,Pacific/Oceania-other,4028.525,320.176,12300.0,33.666,101.415,2910867225795466.5,0.615,0.3333,0.4321,0.3827,1,76.47659476447654,16.253867807039022,1.0262780232049803e+17,,,
Brazil,Caribbean & Central America,4028.525,4131.411,6837.0,33.666,73.736,8.838634854886632e+16,0.3418,0.3333,0.6082,0.4708,1,76.47659476447654,1.664261084130132,9.97149308934576e+17,,,
Brazil,Andean & Southern Cone-other,4028.525,2728.156,3778.0,33.666,47.798,1.2390575885717229e+17,0.1889,0.3333,0.3433,0.3383,1,76.47659476447654,16.55568657417006,4.4088909884643625e+18,,,
Brazil,Eastern Europe-other,4028.525,1774.495,10026.0,33.666,104.557,2.5033118677929964e+16,0.5013,0.3333,0.5139,0.4236,1,76.47659476447654,0.2606376651637235,1.1176293997701778e+17,,,
Brazil,EU-other,4028.525,13437.767,8905.0,33.666,108.192,2.486532613538446e+17,0.4452,0.3333,0.113,0.2232,1,76.47659476447654,0.0784203120070404,6.08937491485279e+17,,,
Brazil,Nordics,4028.525,1914.495,10225.0,33.666,102.211,2.538428838000456e+16,0.5112,0.3333,0.0,0.1667,1,76.47659476447654,0.2021287863665108,9.980294304373035e+16,,,
Russia,United States,5835.482,24977.118,7821.0,40.834,25.29,2.460788982575284e+17,0.3911,0.6667,0.3333,0.5,1,3.071899161702484,4.98222425257149,9.626967089527571e+17,,,
Russia,China,5835.482,32004.885,5794.0,40.834,36.105,8.20221434406642e+17,0.2897,0.6667,1.0,0.8333,1,3.071899161702484,0.1831727396433205,1.0304048311860509e+19,2352649.84,16.747225717969336,1.0304048311860509e+19
Russia,India,5835.482,13376.573,4343.0,40.834,44.993,7.603451514149563e+17,0.2172,0.6667,0.6667,0.6667,1,3.071899161702484,1.2375989763828106,1.4825325225413914e+18,,,
Russia,Brazil,5835.482,4028.525,11177.0,40.834,33.666,2.58697505890942e+16,0.5588,0.6667,0.3333,0.5,1,3.071899161702484,76.47659476447654,3.965153371740297e+17,,,
Russia,Ukraine,5835.482,561.23,756.0,40.834,77.51,1.813655390334676e+18,0.0378,0.6667,0.6667,0.6667,1,3.071899161702484,9.312299146946048,7204096681997890.0,1644.86,0.00074266477321242,7204096681997890.0
Russia,Argentina,5835.482,1240.029,13476.0,40.834,26.677,4340582975637347.0,0.6738,0.6667,0.3333,0.5,1,3.071899161702484,100.0,7.60766780333939e+16,,,
Russia,Australia,5835.482,1617.856,14481.0,40.834,49.044,9016414607945706.0,0.724,0.6667,0.0,0.3333,1,3.071899161702484,79.42885847747789,1.408401607882795e+17,,,
Russia,Canada,5835.482,2305.5,7158.0,40.834,66.632,7.144449838010185e+16,0.3579,0.6667,0.3333,0.5,1,3.071899161702484,2.910147342926411,2.1361402249740854e+17,,,
Russia,France,5835.482,3712.391,2486.0,40.834,70.626,1.0109254085556662e+18,0.1243,0.6667,0.0,0.3333,1,3.071899161702484,0.3360171579634735,1.0270777405945879e+18,,,
Russia,Indonesia,5835.482,3905.723,9312.0,40.834,41.336,4.436588426361726e+16,0.4656,0.6667,0.6667,0.6667,1,3.071899161702484,0.1192907261272955,2.6856904862221188e+16,,,
Russia,Vietnam,5835.482,1359.364,6734.0,40.834,164.818,1.1773255923576371e+17,0.3367,0.6667,1.0,0.8333,1,3.071899161702484,0.6765030764157078,1.6972075316321136e+17,,,
Russia,Thailand,5835.482,1519.479,7064.0,40.834,128.824,9.347437613668605e+16,0.3532,0.6667,0.6667,0.6667,1,3.071899161702484,1.6743502921052975,2.1199187404720525e+17,,,
Russia,Egypt,5835.482,1911.761,2903.0,40.834,40.45,2.1865755023904675e+17,0.1452,0.6667,0.6667,0.6667,1,3.071899161702484,0.01,3.83237462397872e+16,,,
Russia,Nigeria,5835.482,1787.476,5823.0,40.834,26.167,3.286961883075097e+16,0.2912,0.6667,0.3333,0.5,1,3.071899161702484,0.01,5761003586160559.0,,,
Russia,Bangladesh,5835.482,1413.299,5541.0,40.834,30.983,3.3984666309860584e+16,0.2771,0.6667,1.0,0.8333,1,3.071899161702484,0.01,5956436108787808.0,,,
Russia,Pakistan,5835.482,1341.17,3654.0,40.834,28.468,6.8139836361507576e+16,0.1827,0.6667,0.6667,0.6667,1,3.071899161702484,0.107169635497179,3.909673051300827e+16,,,
Russia,Germany,5835.482,5250.377,1609.0,40.834,81.963,3.960919705615304e+18,0.0804,0.6667,0.0,0.3333,1,3.071899161702484,0.1026848226912732,2.2246036482349363e+18,,,
Russia,Japan,5835.482,5710.167,7477.0,40.834,45.151,1.0989106602472384e+17,0.3739,0.6667,0.0,0.3333,1,3.071899161702484,0.01,2.3611432787927904e+16,5391.03,1.2259040438014712,2.3611432787927904e+16
Russia,United Kingdom,5835.482,3602.178,2501.0,40.834,64.992,8.91871755625266e+17,0.125,0.6667,0.3333,0.5,1,3.071899161702484,0.0432171177569208,3.2496290471985984e+17,,,
Russia,Saudi Arabia,5835.482,2173.214,3530.0,40.834,54.169,2.2511590307561146e+17,0.1765,0.6667,1.0,0.8333,1,3.071899161702484,0.01,3.945569103183727e+16,,,
Russia,West Africa (ECOWAS),5835.482,900.434,6250.0,40.834,60.104,3.301376176673656e+16,0.3125,0.6667,0.7111,0.6889,1,3.071899161702484,2.533527925920729,9.210036229158034e+16,,,
Russia,East Africa,5835.482,1576.319,5197.0,40.834,42.375,5.893151012633226e+16,0.2599,0.6667,0.6894,0.678,1,3.071899161702484,2.303405693687899,1.567603649222021e+17,,,
Russia,Southern Africa (SADC),5835.482,1284.21,9159.0,40.834,64.705,2.360366323452097e+16,0.458,0.6667,0.4533,0.56,1,3.071899161702484,15.4573865722838,1.6264882175975178e+17,,,
Russia,Central Africa,5835.482,471.023,6999.0,40.834,72.817,1.6684194601810218e+16,0.3499,0.6667,0.6662,0.6664,1,3.071899161702484,1.208058214226458,3.2140502008015428e+16,,,
Russia,MENA-other,5835.482,8746.966,2464.0,40.834,69.092,2.371953626930714e+18,0.1232,0.6667,0.7717,0.7192,1,3.071899161702484,0.0618247892439834,1.033691616517929e+18,,,
Russia,Central Asia,5835.482,1783.598,2274.0,40.834,72.977,5.99798290807107e+17,0.1137,0.6667,0.7486,0.7076,1,3.071899161702484,1.6043642390614754,1.3315583063691612e+18,,,
Russia,South Asia-other,5835.482,454.619,4889.0,40.834,44.042,1.9960895634313564e+16,0.2445,0.6667,0.3333,0.5,1,3.071899161702484,0.9163832465357904,3.349053397624461e+16,,,
Russia,Southeast Asia-other,5835.482,6921.188,8257.0,40.834,100.466,2.4302973772173395e+17,0.4128,0.6667,0.5788,0.6228,1,3.071899161702484,0.3886224314479692,2.6553809070840314e+17,,,
Russia,Pacific/Oceania-other,5835.482,320.176,16547.0,40.834,101.415,2825892464612286.5,0.8,0.6667,0.4321,0.5494,1,3.071899161702484,16.253867807039022,1.996813346179326e+16,,,
Russia,Caribbean & Central America,5835.482,4131.411,10719.0,40.834,73.736,6.317850667828172e+16,0.536,0.6667,0.6082,0.6375,1,3.071899161702484,1.664261084130132,1.4285109153898842e+17,,,
Russia,Andean & Southern Cone-other,5835.482,2728.156,11618.0,40.834,47.798,2.302047077033989e+16,0.5809,0.6667,0.3433,0.505,1,3.071899161702484,16.55568657417006,1.6416904673124502e+17,,,
Russia,Eastern Europe-other,5835.482,1774.495,1151.0,40.834,104.557,3.337192489911355e+18,0.0575,0.6667,0.5139,0.5903,1,3.071899161702484,0.2606376651637235,2.9860929594235837e+18,,,
Russia,EU-other,5835.482,13437.767,2375.0,40.834,108.192,6.141809268993241e+18,0.1187,0.6667,0.113,0.3898,1,3.071899161702484,0.0784203120070404,3.014491656426723e+18,,,
Russia,Nordics,5835.482,1914.495,1227.0,40.834,102.211,3.0971628893484e+18,0.0614,0.6667,0.0,0.3333,1,3.071899161702484,0.2021287863665108,2.4405157163125734e+18,,,
Ukraine,United States,561.23,24977.118,7833.0,77.51,25.29,4.478543169799799e+16,0.3916,0.6667,0.3333,0.5,1,9.312299146946048,4.98222425257149,2.8727601824494445e+17,66480.06,0.9417215585864344,2.8727601824494445e+17
Ukraine,China,561.23,32004.885,6451.0,77.51,36.105,1.207891943768587e+17,0.3226,0.6667,1.0,0.8333,1,9.312299146946048,0.1831727396433205,9.306927815921471e+17,215376.53,5.899556721012103,9.306927815921471e+17
Ukraine,India,561.23,13376.573,4578.0,77.51,44.993,1.249202760779418e+17,0.2289,0.6667,0.6667,0.6667,1,9.312299146946048,1.2375989763828106,5627675077924696.0,1302.33,0.013270205532272145,5627675077924696.0
Ukraine,Brazil,561.23,4028.525,10561.0,77.51,33.666,5289647487456932.0,0.5281,0.6667,0.3333,0.5,1,9.312299146946048,76.47659476447654,1.411625390120471e+17,,,
Ukraine,Russia,561.23,5835.482,756.0,77.51,40.834,1.813655390334676e+18,0.0378,0.6667,0.6667,0.6667,1,9.312299146946048,3.071899161702484,2.879585142342924e+17,66638.0,0.02968542124133292,2.879585142342924e+17
Ukraine,Argentina,561.23,1240.029,12824.0,77.51,26.677,875018270185347.9,0.6412,0.6667,0.3333,0.5,1,9.312299146946048,100.0,2.670210998777814e+16,,,
Ukraine,Australia,561.23,1617.856,14896.0,77.51,49.044,1555556271798444.0,0.7448,0.6667,0.0,0.3333,1,9.312299146946048,79.42885847747789,4.230613453298486e+16,,,
Ukraine,Canada,561.23,2305.5,7215.0,77.51,66.632,1.283729676388032e+16,0.3608,0.6667,0.3333,0.5,1,9.312299146946048,2.910147342926411,2.4469602944921404e+16,5662.639999999999,0.36615704355835393,2.4469602944921404e+16
Ukraine,France,561.23,3712.391,2023.0,77.51,70.626,2.786914644891604e+17,0.1012,0.6667,0.0,0.3333,1,9.312299146946048,0.3360171579634735,4.4896590368488525e+17,103897.57,0.9107108400037336,4.4896590368488525e+17
Ukraine,Indonesia,561.23,3905.723,9585.0,77.51,41.336,7644426591994496.0,0.4793,0.6667,0.6667,0.6667,1,9.312299146946048,0.1192907261272955,238272944489313.6,55.14,0.029573179320704645,238272944489313.6
Ukraine,Vietnam,561.23,1359.364,7194.0,77.51,164.818,1.883198130106709e+16,0.3597,0.6667,1.0,0.8333,1,9.312299146946048,0.6765030764157078,4862729908655595.0,1125.31,0.10287759108880164,4862729908655595.0
Ukraine,Thailand,561.23,1519.479,7420.0,77.51,128.824,1.5466078790183276e+16,0.371,0.6667,0.6667,0.6667,1,9.312299146946048,1.6743502921052975,1.1656058355749538e+16,2697.39,0.19086217748567724,1.1656058355749538e+16
Ukraine,Egypt,561.23,1911.761,2270.0,77.51,40.45,6.528312088223674e+16,0.1135,0.6667,0.6667,0.6667,1,9.312299146946048,0.01,8.022905685267777e+18,1856622.96,402.71918526681236,8.022905685267777e+18
Ukraine,Nigeria,561.23,1787.476,5068.0,77.51,26.167,7921530671494845.0,0.2534,0.6667,0.3333,0.5,1,9.312299146946048,0.01,2417339048440766.0,,,
Ukraine,Bangladesh,561.23,1413.299,5880.0,77.51,30.983,5509329288729585.0,0.294,0.6667,1.0,0.8333,1,9.312299146946048,0.01,1681230228431500.8,,,
Ukraine,Pakistan,561.23,1341.17,3903.0,77.51,28.468,1.0902727113714628e+16,0.1951,0.6667,0.6667,0.6667,1,9.312299146946048,0.107169635497179,1.0891795493893186e+16,,,
Ukraine,Germany,561.23,5250.377,1204.0,77.51,81.963,1.291365636110376e+18,0.0602,0.6667,0.0,0.3333,1,9.312299146946048,0.1026848226912732,2.2143260442321572e+18,512428.88,1.7535201247674206,2.2143260442321572e+18
Ukraine,Japan,561.23,5710.167,8198.0,77.51,45.151,1.668765805769623e+16,0.4099,0.6667,0.0,0.3333,1,9.312299146946048,0.01,86424716898554.11,20.0,0.016971261061133308,86424716898554.11
Ukraine,United Kingdom,561.23,3602.178,2133.0,77.51,64.992,2.238422979619211e+17,0.1066,0.6667,0.3333,0.5,1,9.312299146946048,0.0432171177569208,4.69219103966477e+17,108584.47,3.3042825061201087,4.69219103966477e+17
Ukraine,Saudi Arabia,561.23,2173.214,3180.0,77.51,54.169,5.064020086112942e+16,0.159,0.6667,1.0,0.8333,1,9.312299146946048,0.01,410603829985030.4,95.02,0.02657046268285283,410603829985030.4
Ukraine,West Africa (ECOWAS),561.23,900.434,5495.0,77.51,60.104,7796752112742334.0,0.2747,0.6667,0.7111,0.6889,1,9.312299146946048,2.533527925920729,3.787084834338363e+16,,,
Ukraine,East Africa,561.23,1576.319,4668.0,77.51,42.375,1.3334765459103614e+16,0.2334,0.6667,0.6894,0.678,1,9.312299146946048,2.303405693687899,6.1758829852398344e+16,,,
Ukraine,Southern Africa (SADC),561.23,1284.21,8527.0,77.51,64.705,4971381298361562.0,0.4264,0.6667,0.4533,0.56,1,9.312299146946048,15.4573865722838,5.964493474057553e+16,,,
Ukraine,Central Africa,561.23,471.023,6276.0,77.51,72.817,3787960454298109.0,0.3138,0.6667,0.6662,0.6664,1,9.312299146946048,1.208058214226458,1.2705092377299356e+16,,,
Ukraine,MENA-other,561.23,8746.966,2344.0,77.51,69.092,4.784829409985611e+17,0.1172,0.6667,0.7717,0.7192,1,9.312299146946048,0.0618247892439834,3.630581919050635e+17,,,
Ukraine,Central Asia,561.23,1783.598,2841.0,77.51,72.977,7.015162726670517e+16,0.1421,0.6667,0.7486,0.7076,1,9.312299146946048,1.6043642390614754,2.7115504894648054e+17,,,
Ukraine,South Asia-other,561.23,454.619,5213.0,77.51,44.042,3205078870263575.5,0.2606,0.6667,0.3333,0.5,1,9.312299146946048,0.9163832465357904,9362800093678846.0,,,
Ukraine,Southeast Asia-other,561.23,6921.188,8794.0,77.51,100.466,3.911336108239926e+16,0.4397,0.6667,0.5788,0.6228,1,9.312299146946048,0.3886224314479692,7.440763979494125e+16,,,
Ukraine,Pacific/Oceania-other,561.23,320.176,17099.0,77.51,101.415,483110874178039.3,0.8,0.6667,0.4321,0.5494,1,9.312299146946048,16.253867807039022,5943655563676862.0,,,
Ukraine,Caribbean & Central America,561.23,4131.411,10817.0,77.51,73.736,1.132552417254286e+16,0.5409,0.6667,0.6082,0.6375,1,9.312299146946048,1.664261084130132,4.458589611169578e+16,,,
Ukraine,Andean & Southern Cone-other,561.23,2728.156,11353.0,77.51,47.798,4400983514519935.0,0.5676,0.6667,0.3433,0.505,1,9.312299146946048,16.55568657417006,5.464517222773509e+16,,,
Ukraine,Eastern Europe-other,561.23,1774.495,689.0,77.51,104.557,1.7001511496416988e+18,0.0345,0.6667,0.5139,0.5903,1,9.312299146946048,0.2606376651637235,2.648711036153283e+18,,,
Ukraine,EU-other,561.23,13437.767,1675.0,77.51,108.192,2.254176942319048e+18,0.0838,0.6667,0.113,0.3898,1,9.312299146946048,0.0784203120070404,1.926330253690985e+18,,,
Ukraine,Nordics,561.23,1914.495,1264.0,77.51,102.211,5.327863588123456e+17,0.0632,0.6667,0.0,0.3333,1,9.312299146946048,0.2021287863665108,7.30963414195284e+17,,,
Argentina,United States,1240.029,24977.118,8397.0,26.677,25.29,2.963578373593374e+16,0.4199,0.3333,0.3333,0.3333,1,100.0,4.98222425257149,6.762705489434538e+16,554930.45,0.10223330997005066,6.762705489434538e+16
Argentina,China,1240.029,32004.885,19267.0,26.677,36.105,1.0297354853073968e+16,0.8,0.3333,1.0,0.6667,1,100.0,0.1831727396433205,7.306940819266046e+18,59958902.0,165.79807746904015,7.306940819266046e+18
Argentina,India,1240.029,13376.573,15791.0,26.677,44.993,7984301905705230.0,0.7895,0.3333,0.6667,0.5,1,100.0,1.2375989763828106,8.882330344190837e+16,,,
Argentina,Brazil,1240.029,4028.525,2339.0,26.677,33.666,8.20064624098871e+16,0.1169,0.3333,0.3333,0.3333,1,100.0,76.47659476447654,1169696179221291.8,9598.23,0.0001631025393076926,1169696179221291.8
Argentina,Russia,1240.029,5835.482,13476.0,26.677,40.834,4340582975637347.0,0.6738,0.3333,0.6667,0.5,1,100.0,3.071899161702484,7.60766780333939e+16,,,
Argentina,Ukraine,1240.029,561.23,12824.0,26.677,77.51,875018270185347.9,0.6412,0.3333,0.6667,0.5,1,100.0,9.312299146946048,2.670210998777814e+16,,,
Argentina,Australia,1240.029,1617.856,11736.0,26.677,49.044,1905708877818650.0,0.5868,0.3333,0.0,0.1667,1,100.0,79.42885847747789,1.6984224340721622e+17,,,
Argentina,Canada,1240.029,2305.5,9067.0,26.677,66.632,6181455196283241.0,0.4533,0.3333,0.3333,0.3333,1,100.0,2.910147342926411,1377752820803891.8,11305.490000000002,0.013065411543311475,1377752820803891.8
Argentina,France,1240.029,3712.391,11050.0,26.677,70.626,7103339672727016.0,0.5525,0.3333,0.0,0.1667,1,100.0,0.3360171579634735,14380166879530.13,118.0,0.000349237295435694,14380166879530.13
Argentina,Indonesia,1240.029,3905.723,15219.0,26.677,41.336,2305837087977360.5,0.761,0.3333,0.6667,0.5,1,100.0,0.1192907261272955,6.162766755207857e+16,505701.0,7.738268056581406,6.162766755207857e+16
Argentina,Vietnam,1240.029,1359.364,17855.0,26.677,164.818,2324817561132517.0,0.8,0.3333,1.0,0.6667,1,100.0,0.6765030764157078,2.9147684271149988e+16,239178.5,1.5243345423019707,2.9147684271149988e+16
Argentina,Thailand,1240.029,1519.479,16873.0,26.677,128.824,2274443333989242.0,0.8,0.3333,0.6667,0.5,1,100.0,1.6743502921052975,1.7989698445531107e+17,1476189.0,6.112594709136039,1.7989698445531107e+17
Argentina,Egypt,1240.029,1911.761,11813.0,26.677,40.45,1833174973579924.8,0.5907,0.3333,0.6667,0.5,1,100.0,0.01,4.0527258719116736e+17,3325564.0,221.07687101997078,4.0527258719116736e+17
Argentina,Nigeria,1240.029,1787.476,8438.0,26.677,26.167,2173076342281240.0,0.4219,0.3333,0.3333,0.3333,1,100.0,0.01,444810246697330.5,3650.0,0.20469149566571604,444810246697330.5
Argentina,Bangladesh,1240.029,1413.299,16774.0,26.677,30.983,514815733105989.06,0.8,0.3333,1.0,0.6667,1,100.0,0.01,5.981820384167802e+16,490853.0,116.19342610370997,5.981820384167802e+16
Argentina,Pakistan,1240.029,1341.17,15588.0,26.677,28.468,519784297948434.56,0.7794,0.3333,0.6667,0.5,1,100.0,0.107169635497179,1701606095608119.2,,,
Argentina,Germany,1240.029,5250.377,11910.0,26.677,81.963,1.0035762653119224e+16,0.5955,0.3333,0.0,0.1667,1,100.0,0.1026848226912732,544009025001886.06,4464.0,0.016916191548976698,544009025001886.06
Argentina,Japan,1240.029,5710.167,18373.0,26.677,45.151,2526520203162408.5,0.8,0.3333,0.0,0.1667,1,100.0,0.01,3028365652172237.0,24850.0,1.198631084913422,3028365652172237.0
Argentina,United Kingdom,1240.029,3602.178,11128.0,26.677,64.992,6254049839884397.0,0.5564,0.3333,0.3333,0.3333,1,100.0,0.0432171177569208,2619383956852717.5,21494.0,0.20146978621019104,2619383956852717.5
Argentina,Saudi Arabia,1240.029,2173.214,12851.0,26.677,54.169,2358020181482057.0,0.6425,0.3333,1.0,0.6667,1,100.0,0.01,1.5286434244075168e+16,125436.6,6.482741057147092,1.5286434244075168e+16
Argentina,West Africa (ECOWAS),1240.029,900.434,7916.0,26.677,60.104,2856993513906860.0,0.3958,0.3333,0.7111,0.5222,1,100.0,2.533527925920729,4.547493660146582e+16,,,
Argentina,East Africa,1240.029,1576.319,11225.0,26.677,42.375,1753662770400667.2,0.5613,0.3333,0.6894,0.5114,1,100.0,2.303405693687899,2.661529597963209e+16,,,
Argentina,Southern Africa (SADC),1240.029,1284.21,8088.0,26.677,64.705,4202028758516076.0,0.4044,0.3333,0.4533,0.3933,1,100.0,15.4573865722838,1.6520647109437296e+17,,,
Argentina,Central Africa,1240.029,471.023,8233.0,26.677,72.817,1673889483109506.5,0.4117,0.3333,0.6662,0.4998,1,100.0,1.208058214226458,1.839800413306113e+16,,,
Argentina,MENA-other,1240.029,8746.966,13775.0,26.677,69.092,1.0535864189362958e+16,0.6887,0.3333,0.7717,0.5525,1,100.0,0.0618247892439834,2.6196995534975276e+16,,,
Argentina,Central Asia,1240.029,1783.598,15638.0,26.677,72.977,1760716786454738.8,0.7819,0.3333,0.7486,0.541,1,100.0,1.6043642390614754,2.2301855178180372e+16,,,
Argentina,South Asia-other,1240.029,454.619,16498.0,26.677,44.042,243345476546846.6,0.8,0.3333,0.3333,0.3333,1,100.0,0.9163832465357904,2329495351222337.0,,,
Argentina,Southeast Asia-other,1240.029,6921.188,17790.0,26.677,100.466,7268049375347312.0,0.8,0.3333,0.5788,0.4561,1,100.0,0.3886224314479692,4.530872084303129e+16,,,
Argentina,Pacific/Oceania-other,1240.029,320.176,9983.0,26.677,101.415,1077799060580013.0,0.4991,0.3333,0.4321,0.3827,1,100.0,16.253867807039022,4.345263948799937e+16,,,
Argentina,Caribbean & Central America,1240.029,4131.411,7392.0,26.677,73.736,1.844249862203928e+16,0.3696,0.3333,0.6082,0.4708,1,100.0,1.664261084130132,2.3791974665050282e+17,,,
Argentina,Andean & Southern Cone-other,1240.029,2728.156,4360.0,26.677,47.798,2.2691841649985064e+16,0.218,0.3333,0.3433,0.3383,1,100.0,16.55568657417006,9.23301077170004e+17,,,
Argentina,Eastern Europe-other,1240.029,1774.495,12327.0,26.677,104.557,4039084050775392.0,0.6163,0.3333,0.5139,0.4236,1,100.0,0.2606376651637235,2.0620608596726028e+16,,,
Argentina,EU-other,1240.029,13437.767,11152.0,26.677,108.192,3.867085815415455e+16,0.5576,0.3333,0.113,0.2232,1,100.0,0.0784203120070404,1.0829242840080453e+17,,,
Argentina,Nordics,1240.029,1914.495,12561.0,26.677,102.211,4102707155710835.0,0.628,0.3333,0.0,0.1667,1,100.0,0.2021287863665108,1.8445252429194436e+16,,,
Australia,United States,1617.856,24977.118,15944.0,49.044,25.29,1.971655640775597e+16,0.7972,0.0,0.3333,0.1667,1,79.42885847747789,4.98222425257149,3.922219204982382e+17,,,
Australia,China,1617.856,32004.885,9008.0,49.044,36.105,1.129946893473631e+17,0.4504,0.0,1.0,0.5,1,79.42885847747789,0.1831727396433205,4.310003407880811e+17,,,
Australia,India,1617.856,13376.573,10353.0,49.044,44.993,4.455379508325213e+16,0.5177,0.0,0.6667,0.3333,1,79.42885847747789,1.2375989763828106,2.5355208306499576e+16,133.85,0.05739887077975929,2.5355208306499576e+16
Australia,Brazil,1617.856,4028.525,14059.0,49.044,33.666,5444532231788841.0,0.7029,0.0,0.3333,0.1667,1,79.42885847747789,76.47659476447654,4.2434003196845626e+17,,,
Australia,Russia,1617.856,5835.482,14481.0,49.044,40.834,9016414607945706.0,0.724,0.0,0.6667,0.3333,1,79.42885847747789,3.071899161702484,1.408401607882795e+17,,,
Australia,Ukraine,1617.856,561.23,14896.0,49.044,77.51,1555556271798444.2,0.7448,0.0,0.6667,0.3333,1,79.42885847747789,9.312299146946048,4.230613453298487e+16,,,
Australia,Argentina,1617.856,1240.029,11736.0,49.044,26.677,1905708877818650.5,0.5868,0.0,0.3333,0.1667,1,79.42885847747789,100.0,1.698422434072163e+17,,,
Australia,Canada,1617.856,2305.5,16108.0,49.044,66.632,4697811958442094.0,0.8,0.0,0.3333,0.1667,1,79.42885847747789,2.910147342926411,1.66698418451398e+16,88.0,0.23339373859922974,1.66698418451398e+16
Australia,France,1617.856,3712.391,16920.0,49.044,70.626,7266869061747645.0,0.8,0.0,0.0,0.05,1,79.42885847747789,0.3360171579634735,3.754198419888132e+16,,,
Australia,Indonesia,1617.856,3905.723,5391.0,49.044,41.336,4.407812420941288e+16,0.2696,0.0,0.6667,0.3333,1,79.42885847747789,0.1192907261272955,3.826486423543454e+16,202.0,0.2820230277468262,3.826486423543454e+16
Australia,Vietnam,1617.856,1359.364,7748.0,49.044,164.818,2.9613536602379868e+16,0.3874,0.0,1.0,0.5,1,79.42885847747789,0.6765030764157078,3328285468398934.5,17.57,0.015332262431325258,3328285468398934.5
Australia,Thailand,1617.856,1519.479,7478.0,49.044,128.824,2.777472235439724e+16,0.3739,0.0,0.6667,0.3333,1,79.42885847747789,1.6743502921052975,3.2030376820307904e+17,,,
Australia,Egypt,1617.856,1911.761,14266.0,49.044,40.45,3014954774255376.5,0.7133,0.0,0.6667,0.3333,1,79.42885847747789,0.01,2687014205532600.5,,,
Australia,Nigeria,1617.856,1787.476,15165.0,49.044,26.167,1613727166588189.5,0.7582,0.0,0.3333,0.1667,1,79.42885847747789,0.01,1438199954938712.5,,,
Australia,Bangladesh,1617.856,1413.299,9018.0,49.044,30.983,4272337369473716.0,0.4509,0.0,1.0,0.5,1,79.42885847747789,0.01,3807629653562185.5,,,
Australia,Pakistan,1617.856,1341.17,11012.0,49.044,28.468,2498230224771677.0,0.5506,0.0,0.6667,0.3333,1,79.42885847747789,0.107169635497179,7288824537944682.0,,,
Australia,Germany,1617.856,5250.377,16066.0,49.044,81.963,1.3228764740627004e+16,0.8,0.0,0.0,0.05,1,79.42885847747789,0.1026848226912732,3.7779967707097816e+16,,,
Australia,Japan,1617.856,5710.167,7951.0,49.044,45.151,3.235939044923914e+16,0.3976,0.0,0.0,0.05,1,79.42885847747789,0.01,8.111393497828255e+17,4282.0,28.125870804114047,8.111393497828255e+17
Australia,United Kingdom,1617.856,3602.178,16982.0,49.044,64.992,6441378398059582.0,0.8,0.0,0.3333,0.1667,1,79.42885847747789,0.0432171177569208,1.1934270376364684e+16,,,
Australia,Saudi Arabia,1617.856,2173.214,12639.0,49.044,54.169,5847319855669491.0,0.632,0.0,1.0,0.5,1,79.42885847747789,0.01,5211299237600409.0,,,
Australia,West Africa (ECOWAS),1617.856,900.434,15278.0,49.044,60.104,1839707283752900.0,0.7639,0.0,0.7111,0.3555,1,79.42885847747789,2.533527925920729,2.6097609963980972e+16,,,
Australia,East Africa,1617.856,1576.319,12432.0,49.044,42.375,3429238511111366.5,0.6216,0.0,0.6894,0.3447,1,79.42885847747789,2.303405693687899,4.638441363309464e+16,,,
Australia,Southern Africa (SADC),1617.856,1284.21,10794.0,49.044,64.705,5658970002261031.0,0.5397,0.0,0.4533,0.2267,1,79.42885847747789,15.4573865722838,1.982871572149984e+17,,,
Australia,Central Africa,1617.856,471.023,13486.0,49.044,72.817,1496365251844201.8,0.6743,0.0,0.6662,0.3331,1,79.42885847747789,1.208058214226458,1.4657864627774894e+16,,,
Australia,MENA-other,1617.856,8746.966,12813.0,49.044,69.092,2.920872771711061e+16,0.6407,0.0,0.7717,0.3859,1,79.42885847747789,0.0618247892439834,6.472664893624347e+16,,,
Australia,Central Asia,1617.856,1783.598,12221.0,49.044,72.977,6915114059397603.0,0.611,0.0,0.7486,0.3743,1,79.42885847747789,1.6043642390614754,7.80620576857682e+16,,,
Australia,South Asia-other,1617.856,454.619,9687.0,49.044,44.042,1693043787485635.0,0.4844,0.0,0.3333,0.1667,1,79.42885847747789,0.9163832465357904,1.4444280759474532e+16,,,
Australia,Southeast Asia-other,1617.856,6921.188,6290.0,49.044,100.466,1.3945349015652115e+17,0.3145,0.0,0.5788,0.2894,1,79.42885847747789,0.3886224314479692,7.7478727774831e+17,,,
Australia,Pacific/Oceania-other,1617.856,320.176,2326.0,49.044,101.415,4.762132071955493e+16,0.1163,0.0,0.4321,0.216,1,79.42885847747789,16.253867807039022,1.71107465353218e+18,,,
Australia,Caribbean & Central America,1617.856,4131.411,13177.0,49.044,73.736,1.3921034120583018e+16,0.6589,0.0,0.6082,0.3041,1,79.42885847747789,1.664261084130132,1.600557893317646e+17,,,
Australia,Andean & Southern Cone-other,1617.856,2728.156,13708.0,49.044,47.798,5506243904641358.0,0.6854,0.0,0.3433,0.1716,1,79.42885847747789,16.55568657417006,1.9967247606267107e+17,,,
Australia,Eastern Europe-other,1617.856,1774.495,15559.0,49.044,104.557,6081283285754582.0,0.778,0.0,0.5139,0.257,1,79.42885847747789,0.2606376651637235,2.766960653738884e+16,,,
Australia,EU-other,1617.856,13437.767,16216.0,49.044,108.192,4.386950898632649e+16,0.8,0.0,0.113,0.0565,1,79.42885847747789,0.0784203120070404,1.0948792294919648e+17,,,
Australia,Nordics,1617.856,1914.495,15610.0,49.044,102.211,6371974918678046.0,0.7805,0.0,0.0,0.05,1,79.42885847747789,0.2021287863665108,2.5531557120508468e+16,,,
Canada,United States,2305.5,24977.118,733.0,66.632,25.29,1.8060879127363688e+19,0.0367,0.3333,0.3333,0.3333,1,2.910147342926411,4.98222425257149,9.778849658203957e+18,1640994.7100000002,0.14219350461310248,9.778849658203957e+18
Canada,China,2305.5,32004.885,10451.0,66.632,36.105,1.625250433147875e+17,0.5225,0.3333,1.0,0.6667,1,2.910147342926411,0.1831727396433205,2.4479663000198775e+19,4107947.14,206.2990531593452,2.4479663000198775e+19
Canada,India,2305.5,13376.573,11339.0,66.632,44.993,7.190992220541727e+16,0.5669,0.3333,0.6667,0.5,1,2.910147342926411,1.2375989763828106,4166601902705834.5,699.2,0.030531330402104123,4166601902705834.5
Canada,Brazil,2305.5,4028.525,7362.0,66.632,33.666,3.844138330291388e+16,0.3681,0.3333,0.3333,0.3333,1,2.910147342926411,76.47659476447654,1002320423391191.5,168.2,0.0017477761644269809,1002320423391191.5
Canada,Russia,2305.5,5835.482,7158.0,66.632,40.834,7.144449838010185e+16,0.3579,0.3333,0.6667,0.5,1,2.910147342926411,3.071899161702484,3.0382399840281414e+17,50984.89,1.4223036243161424,3.0382399840281414e+17
Canada,Ukraine,2305.5,561.23,7215.0,66.632,77.51,1.283729676388032e+16,0.3608,0.3333,0.6667,0.5,1,2.910147342926411,9.312299146946048,1.955603422501253e+16,3281.71,0.29263162510950064,1.955603422501253e+16
Canada,Argentina,2305.5,1240.029,9067.0,66.632,26.677,6181455196283240.0,0.4533,0.3333,0.3333,0.3333,1,2.910147342926411,100.0,124068437663523.27,20.82,0.0011765573426035828,124068437663523.27
Canada,Australia,2305.5,1617.856,16108.0,66.632,49.044,4697811958442093.0,0.8,0.3333,0.0,0.1667,1,2.910147342926411,79.42885847747789,1.4687748434944548e+16,2464.76,0.20564253402536978,1.4687748434944548e+16
Canada,France,2305.5,3712.391,5649.0,66.632,70.626,1.2621939706580318e+17,0.2824,0.3333,0.0,0.1667,1,2.910147342926411,0.3360171579634735,2.027393460802375e+18,340218.13,16.243279745442525,2.027393460802375e+18
Canada,Indonesia,2305.5,3905.723,15648.0,66.632,41.336,1.012897015703102e+16,0.7824,0.3333,0.6667,0.5,1,2.910147342926411,0.1192907261272955,7.768087982648197e+18,1303567.5699999998,1301.6313918411918,7.768087982648197e+18
Canada,Vietnam,2305.5,1359.364,12625.0,66.632,164.818,2.159374284359455e+16,0.6312,0.3333,1.0,0.6667,1,2.910147342926411,0.6765030764157078,3.111914527743612e+18,522212.27,102.70872970298596,3.111914527743612e+18
Canada,Thailand,2305.5,1519.479,13424.0,66.632,128.824,1.6686988220315826e+16,0.6712,0.3333,0.6667,0.5,1,2.910147342926411,1.6743502921052975,1.6619125737057848e+18,278886.56,45.1179713406523,1.6619125737057848e+18
Canada,Egypt,2305.5,1911.761,8857.0,66.632,40.45,1.5143740196604394e+16,0.4429,0.3333,0.6667,0.5,1,2.910147342926411,0.01,2.770607201783288e+18,464937.28,1072.4679423168202,2.770607201783288e+18
Canada,Nigeria,2305.5,1787.476,8753.0,66.632,26.167,9378260264257862.0,0.4376,0.3333,0.3333,0.3333,1,2.910147342926411,0.01,1599851858518231.2,,,
Canada,Bangladesh,2305.5,1413.299,12189.0,66.632,30.983,4527631222524313.0,0.6095,0.3333,1.0,0.6667,1,2.910147342926411,0.01,1.182942501031857e+18,1219676.2000000002,1531.5638262088642,1.182942501031857e+18
Canada,Pakistan,2305.5,1341.17,10673.0,66.632,28.468,5148883237859534.0,0.5336,0.3333,0.6667,0.5,1,2.910147342926411,0.107169635497179,1.0191249629129194e+18,171019.98,354.4222923996795,1.0191249629129194e+18
Canada,Germany,2305.5,5250.377,6128.0,66.632,81.963,1.7604289566111363e+17,0.3064,0.3333,0.0,0.1667,1,2.910147342926411,0.1026848226912732,4.3784199179779564e+18,734745.3099999999,45.49757917647513,4.3784199179779564e+18
Canada,Japan,2305.5,5710.167,10324.0,66.632,45.151,3.71594301926779e+16,0.5162,0.3333,0.0,0.1667,1,2.910147342926411,0.01,9.708712377095338e+18,3234996.26,1531.5638262088642,9.708712377095338e+18
Canada,United Kingdom,2305.5,3602.178,5361.0,66.632,64.992,1.2513709521180998e+17,0.2681,0.3333,0.3333,0.3333,1,2.910147342926411,0.0432171177569208,2.0050603673400932e+18,336470.4,45.18101615346147,2.0050603673400932e+18
Canada,Saudi Arabia,2305.5,2173.214,10285.0,66.632,54.169,1.7096014794662778e+16,0.5142,0.3333,1.0,0.6667,1,2.910147342926411,0.01,1.7531883288657126e+17,29420.36,60.114078867331564,1.7531883288657126e+17
Canada,West Africa (ECOWAS),2305.5,900.434,8640.0,66.632,60.104,1.1137185483760472e+16,0.432,0.3333,0.7111,0.5222,1,2.910147342926411,2.533527925920729,3.0240975030959896e+16,,,
Canada,East Africa,2305.5,1576.319,11129.0,66.632,42.375,8284925525207155.0,0.5565,0.3333,0.6894,0.5114,1,2.910147342926411,2.303405693687899,2.145019852094614e+16,,,
Canada,Southern Africa (SADC),2305.5,1284.21,13083.0,66.632,64.705,7457765697073043.0,0.6542,0.3333,0.4533,0.3933,1,2.910147342926411,15.4573865722838,5.0018913992047096e+16,,,
Canada,Central Africa,2305.5,471.023,10434.0,66.632,72.817,4839755910920139.0,0.5217,0.3333,0.6662,0.4998,1,2.910147342926411,1.208058214226458,9074545433298558.0,,,
Canada,MENA-other,2305.5,8746.966,9550.0,66.632,69.092,1.017955393580517e+17,0.4775,0.3333,0.7717,0.5525,1,2.910147342926411,0.0618247892439834,4.317850080464635e+16,,,
Canada,Central Asia,2305.5,1783.598,8822.0,66.632,72.977,2.5692119159037624e+16,0.4411,0.3333,0.7486,0.541,1,2.910147342926411,1.6043642390614754,5.551481581001235e+16,,,
Canada,South Asia-other,2305.5,454.619,11659.0,66.632,44.042,2262795903223910.5,0.5829,0.3333,0.3333,0.3333,1,2.910147342926411,0.9163832465357904,3695229728996652.0,,,
Canada,Southeast Asia-other,2305.5,6921.188,13133.0,66.632,100.466,6.193326685606386e+16,0.6566,0.3333,0.5788,0.4561,1,2.910147342926411,0.3886224314479692,6.586359170852048e+16,,,
Canada,Pacific/Oceania-other,2305.5,320.176,14484.0,66.632,101.415,2377743607632249.0,0.7242,0.3333,0.4321,0.3827,1,2.910147342926411,16.253867807039022,1.6353129409898412e+16,,,
Canada,Caribbean & Central America,2305.5,4131.411,3603.0,66.632,73.736,3.60493355194778e+17,0.1802,0.3333,0.6082,0.4708,1,2.910147342926411,1.664261084130132,7.933511984304264e+17,,,
Canada,Andean & Southern Cone-other,2305.5,2728.156,5078.0,66.632,47.798,7.76854063696339e+16,0.2539,0.3333,0.3433,0.3383,1,2.910147342926411,16.55568657417006,5.39225632967429e+17,,,
Canada,Eastern Europe-other,2305.5,1774.495,6577.0,66.632,104.557,6.589069843073108e+16,0.3288,0.3333,0.5139,0.4236,1,2.910147342926411,0.2606376651637235,5.738523815762276e+16,,,
Canada,EU-other,2305.5,13437.767,6729.0,66.632,108.192,4.932537398256164e+17,0.3365,0.3333,0.113,0.2232,1,2.910147342926411,0.0784203120070404,2.356362804764757e+17,,,
Canada,Nordics,2305.5,1914.495,5994.0,66.632,102.211,8.366957923894333e+16,0.2997,0.3333,0.0,0.1667,1,2.910147342926411,0.2021287863665108,6.4171051888980264e+16,,,
France,United States,3712.391,24977.118,6165.0,70.626,25.29,4.3576250106278086e+17,0.3083,0.0,0.3333,0.1667,1,0.3360171579634735,4.98222425257149,1.3887737482246106e+17,972.86,0.24631410422764857,1.3887737482246106e+17
France,China,3712.391,32004.885,8217.0,70.626,36.105,4.48723271547865e+17,0.4108,0.0,1.0,0.5,1,0.3360171579634735,0.1831727396433205,1.1132424053108947e+17,,,
France,India,3712.391,13376.573,6587.0,70.626,44.993,3.6369069014116685e+17,0.3293,0.0,0.6667,0.3333,1,0.3360171579634735,1.2375989763828106,2.345324184086472e+17,,,
France,Brazil,3712.391,4028.525,8725.0,70.626,33.666,4.671205177222731e+16,0.4363,0.0,0.3333,0.1667,1,0.3360171579634735,76.47659476447654,2.3679577089295786e+17,,,
France,Russia,3712.391,5835.482,2486.0,70.626,40.834,1.0109254085556664e+18,0.1243,0.0,0.6667,0.3333,1,0.3360171579634735,3.071899161702484,3.3090690076779194e+17,2318.06,0.3221829153616218,3.3090690076779194e+17
France,Ukraine,3712.391,561.23,2023.0,70.626,77.51,2.7869146448916035e+17,0.1012,0.0,0.6667,0.3333,1,0.3360171579634735,9.312299146946048,6.703046699590365e+16,469.56,0.13596883951019975,6.703046699590365e+16
France,Argentina,3712.391,1240.029,11050.0,70.626,26.677,7103339672727016.0,0.5525,0.0,0.3333,0.1667,1,0.3360171579634735,100.0,142751654731884.44,1.0,0.0034668722717327944,142751654731884.44
France,Australia,3712.391,1617.856,16920.0,70.626,49.044,7266869061747645.0,0.8,0.0,0.0,0.05,1,0.3360171579634735,79.42885847747789,5.6389758652188984e+16,395.02,1.5020452396298567,5.6389758652188984e+16
France,Canada,3712.391,2305.5,5649.0,70.626,66.632,1.2621939706580318e+17,0.2824,0.0,0.3333,0.1667,1,0.3360171579634735,2.910147342926411,8068323525446109.0,56.52,0.0646426254372393,8068323525446109.0
France,Indonesia,3712.391,3905.723,11585.0,70.626,41.336,3.153988253836784e+16,0.5793,0.0,0.6667,0.3333,1,0.3360171579634735,0.1192907261272955,6.407122519331169e+16,448.83,10.14656142953042,6.407122519331169e+16
France,Vietnam,3712.391,1359.364,9196.0,70.626,164.818,6.946434658518306e+16,0.4598,0.0,1.0,0.5,1,0.3360171579634735,0.6765030764157078,3593059149601531.5,25.17,0.1084892724496398,3593059149601531.5
France,Thailand,3712.391,1519.479,9443.0,70.626,128.824,5.755605889829139e+16,0.4722,0.0,0.6667,0.3333,1,0.3360171579634735,1.6743502921052975,2.2349884272766536e+18,15656.48,51.77025952696167,2.2349884272766536e+18
France,Egypt,3712.391,1911.761,3210.0,70.626,40.45,1.967730223540378e+17,0.1605,0.0,0.6667,0.3333,1,0.3360171579634735,0.01,428254964195653.4,3.0,0.03754534699950163,428254964195653.4
France,Nigeria,3712.391,1787.476,4448.0,70.626,26.167,6.1983452398036536e+16,0.2224,0.0,0.3333,0.1667,1,0.3360171579634735,0.01,41397979872246.484,0.29,0.011521861746391684,41397979872246.484
France,Bangladesh,3712.391,1413.299,7903.0,70.626,30.983,1.83819854387186e+16,0.3952,0.0,1.0,0.5,1,0.3360171579634735,0.01,1065548310607852.4,,,
France,Pakistan,3712.391,1341.17,5919.0,70.626,28.468,2.8573179116102896e+16,0.2959,0.0,0.6667,0.3333,1,0.3360171579634735,0.107169635497179,5422195441743513.0,,,
France,Germany,3712.391,5250.377,877.0,70.626,81.963,1.4669861423994784e+19,0.0439,0.0,0.0,0.05,1,0.3360171579634735,0.1026848226912732,6.019242005643334e+18,42165.83,2.2089299179665463,6.019242005643334e+18
France,Japan,3712.391,5710.167,9712.0,70.626,45.151,7.166661160141763e+16,0.4856,0.0,0.0,0.05,1,0.3360171579634735,0.01,1.2569283199142424e+16,88.05000000000001,3.02560976268518,1.2569283199142424e+16
France,United Kingdom,3712.391,3602.178,344.0,70.626,64.992,5.187164013694289e+19,0.02,0.0,0.3333,0.1667,1,0.3360171579634735,0.0432171177569208,2.4365152208112973e+18,17068.21,0.3897898460680057,2.4365152208112973e+18
France,Saudi Arabia,3712.391,2173.214,4677.0,70.626,54.169,1.4110354297475934e+17,0.2339,0.0,1.0,0.5,1,0.3360171579634735,0.01,291213375653044.2,2.04,0.03560349831829751,291213375653044.2
France,West Africa (ECOWAS),3712.391,900.434,4708.0,70.626,60.104,6.4017573776896e+16,0.2354,0.0,0.7111,0.3555,1,0.3360171579634735,2.533527925920729,5.906671056615219e+16,,,
France,East Africa,3712.391,1576.319,5573.0,70.626,42.375,5.63886878653279e+16,0.2787,0.0,0.6894,0.3447,1,0.3360171579634735,2.303405693687899,4.960871000243319e+16,,,
France,Southern Africa (SADC),3712.391,1284.21,8728.0,70.626,64.705,2.859980841499612e+16,0.4364,0.0,0.4533,0.2267,1,0.3360171579634735,15.4573865722838,6.517962914856027e+16,,,
France,Central Africa,3712.391,471.023,6057.0,70.626,72.817,2.4512023128626216e+16,0.3029,0.0,0.6662,0.3331,1,0.3360171579634735,1.208058214226458,1.5617223162370826e+16,,,
France,MENA-other,3712.391,8746.966,4208.0,70.626,69.092,8.948561147064952e+17,0.2104,0.0,0.7717,0.3859,1,0.3360171579634735,0.0618247892439834,1.2897788749944248e+17,,,
France,Central Asia,3712.391,1783.598,4760.0,70.626,72.977,1.5062231228510778e+17,0.238,0.0,0.7486,0.3743,1,0.3360171579634735,1.6043642390614754,1.1059144281716522e+17,,,
France,South Asia-other,3712.391,454.619,7235.0,70.626,44.042,1.0029056982076372e+16,0.3618,0.0,0.3333,0.1667,1,0.3360171579634735,0.9163832465357904,5565182314712971.0,,,
France,Southeast Asia-other,3712.391,6921.188,10744.0,70.626,100.466,1.5793888196678954e+17,0.5372,0.0,0.5788,0.2894,1,0.3360171579634735,0.3886224314479692,5.707339651890041e+16,,,
France,Pacific/Oceania-other,3712.391,320.176,18985.0,70.626,101.415,2362055150320653.0,0.8,0.0,0.4321,0.216,1,0.3360171579634735,16.253867807039022,5520127670260094.0,,,
France,Caribbean & Central America,3712.391,4131.411,9196.0,70.626,73.736,9.444893047647427e+16,0.4598,0.0,0.6082,0.3041,1,0.3360171579634735,1.664261084130132,7.062988523271376e+16,,,
France,Andean & Southern Cone-other,3712.391,2728.156,9353.0,70.626,47.798,3.908338291502938e+16,0.4677,0.0,0.3433,0.1716,1,0.3360171579634735,16.55568657417006,9.2182073495287e+16,,,
France,Eastern Europe-other,3712.391,1774.495,1367.0,70.626,104.557,2.6032264423975096e+18,0.0683,0.0,0.5139,0.257,1,0.3360171579634735,0.2606376651637235,7.703911096153641e+17,,,
France,EU-other,3712.391,13437.767,1105.0,70.626,108.192,3.121879016650354e+19,0.0553,0.0,0.113,0.0565,1,0.3360171579634735,0.0784203120070404,5.067702115752032e+18,,,
France,Nordics,3712.391,1914.495,1544.0,70.626,102.211,2.1521654324712888e+18,0.0772,0.0,0.0,0.05,1,0.3360171579634735,0.2021287863665108,5.608806570958614e+17,,,
Indonesia,United States,3905.723,24977.118,16358.0,41.336,25.29,3.81126656338389e+16,0.8,0.6667,0.3333,0.5,1,0.1192907261272955,4.98222425257149,2453429338321.4165,0.01,8.350053396738486e-05,2453429338321.4165
Indonesia,China,3905.723,32004.885,5221.0,41.336,36.105,6.844023571170516e+17,0.2611,0.6667,1.0,0.8333,1,0.1192907261272955,0.1831727396433205,1.593214421729288e+17,9312.54,1.5748129258865602,1.593214421729288e+17
Indonesia,India,3905.723,13376.573,5007.0,41.336,44.993,3.87584181457508e+17,0.2504,0.6667,0.6667,0.6667,1,0.1192907261272955,1.2375989763828106,6.337980769125257e+16,3704.63,0.4255901436652449,6.337980769125257e+16
Indonesia,Brazil,3905.723,4028.525,16310.0,41.336,33.666,8231246515931286.0,0.8,0.6667,0.3333,0.5,1,0.1192907261272955,76.47659476447654,2.4861837332581092e+16,,,
Indonesia,Russia,3905.723,5835.482,9312.0,41.336,40.834,4.436588426361726e+16,0.4656,0.6667,0.6667,0.6667,1,0.1192907261272955,3.071899161702484,2.6856904862221188e+16,,,
Indonesia,Ukraine,3905.723,561.23,9585.0,41.336,77.51,7644426591994496.0,0.4793,0.6667,0.6667,0.6667,1,0.1192907261272955,9.312299146946048,8057062174660909.0,,,
Indonesia,Argentina,3905.723,1240.029,15219.0,41.336,26.677,2305837087977360.5,0.761,0.6667,0.3333,0.5,1,0.1192907261272955,100.0,7964013019639991.0,,,
Indonesia,Australia,3905.723,1617.856,5391.0,41.336,49.044,4.407812420941288e+16,0.2696,0.6667,0.0,0.3333,1,0.1192907261272955,79.42885847747789,1.3567992848365966e+17,,,
Indonesia,Canada,3905.723,2305.5,15648.0,41.336,66.632,1.012897015703102e+16,0.7824,0.6667,0.3333,0.5,1,0.1192907261272955,2.910147342926411,5967962997312190.0,,,
Indonesia,France,3905.723,3712.391,11585.0,41.336,70.626,3.153988253836784e+16,0.5793,0.6667,0.0,0.3333,1,0.1192907261272955,0.3360171579634735,354996587943597.8,20.75,0.05621860165738521,354996587943597.8
Indonesia,Vietnam,3905.723,1359.364,3031.0,41.336,164.818,3.937329158315023e+17,0.1515,0.6667,1.0,0.8333,1,0.1192907261272955,0.6765030764157078,1.118510208221788e+17,,,
Indonesia,Thailand,3905.723,1519.479,2328.0,41.336,128.824,5.831211469910007e+17,0.1164,0.6667,0.6667,0.6667,1,0.1192907261272955,1.6743502921052975,2.6060653004426896e+17,,,
Indonesia,Egypt,3905.723,1911.761,8986.0,41.336,40.45,1.5461673860272144e+16,0.4493,0.6667,0.6667,0.6667,1,0.1192907261272955,0.01,534022861244929.6,,,
Indonesia,Nigeria,3905.723,1787.476,11149.0,41.336,26.167,6075012895604947.0,0.5575,0.6667,0.3333,0.5,1,0.1192907261272955,0.01,118560306238512.4,6.93,0.5650524563191941,118560306238512.4
Indonesia,Bangladesh,3905.723,1413.299,3784.0,41.336,30.983,4.937280960807527e+16,0.1892,0.6667,1.0,0.8333,1,0.1192907261272955,0.01,1705262269329837.8,,,
Indonesia,Pakistan,3905.723,1341.17,5686.0,41.336,28.468,1.906580946647645e+16,0.2843,0.6667,0.6667,0.6667,1,0.1192907261272955,0.107169635497179,2155730500845477.5,,,
Indonesia,Germany,3905.723,5250.377,10788.0,41.336,81.963,5.969762289588551e+16,0.5394,0.6667,0.0,0.3333,1,0.1192907261272955,0.1026848226912732,684330771939.4656,0.04,0.0001035744321654553,684330771939.4656
Indonesia,Japan,3905.723,5710.167,5782.0,41.336,45.151,1.245064240749266e+17,0.2891,0.6667,0.0,0.3333,1,0.1192907261272955,0.01,6.43142613603359e+16,3759.25,14.955887342438992,6.43142613603359e+16
Indonesia,United Kingdom,3905.723,3602.178,11718.0,41.336,64.992,2.752666476056907e+16,0.5859,0.6667,0.3333,0.5,1,0.1192907261272955,0.0432171177569208,1976445460327691.8,,,
Indonesia,Saudi Arabia,3905.723,2173.214,7358.0,41.336,54.169,3.5104824576715644e+16,0.3679,0.6667,1.0,0.8333,1,0.1192907261272955,0.01,1.0624919565132144e+16,621.04,8.763054298545487,1.0624919565132144e+16
Indonesia,West Africa (ECOWAS),3905.723,900.434,11567.0,41.336,60.104,6530468869708427.0,0.5784,0.6667,0.7111,0.6889,1,0.1192907261272955,2.533527925920729,3590133121712557.0,,,
Indonesia,East Africa,3905.723,1576.319,7734.0,41.336,42.375,1.802915843745852e+16,0.3867,0.6667,0.6894,0.678,1,0.1192907261272955,2.303405693687899,9450700806602090.0,,,
Indonesia,Southern Africa (SADC),3905.723,1284.21,8588.0,41.336,64.705,1.818956207268159e+16,0.4294,0.6667,0.4533,0.56,1,0.1192907261272955,15.4573865722838,2.469981033721427e+16,,,
Indonesia,Central Africa,3905.723,471.023,10128.0,41.336,72.817,5398344990377309.0,0.5064,0.6667,0.6662,0.6664,1,0.1192907261272955,1.208058214226458,2049311172937314.5,,,
Indonesia,MENA-other,3905.723,8746.966,7422.0,41.336,69.092,1.7712362343569142e+17,0.3711,0.6667,0.7717,0.7192,1,0.1192907261272955,0.0618247892439834,1.5211118560748106e+16,,,
Indonesia,Central Asia,3905.723,1783.598,7217.0,41.336,72.977,4.034628211819951e+16,0.3609,0.6667,0.7486,0.7076,1,0.1192907261272955,1.6043642390614754,1.7650554300781246e+16,,,
Indonesia,South Asia-other,3905.723,454.619,4424.0,41.336,44.042,1.6516599913958902e+16,0.2212,0.6667,0.3333,0.5,1,0.1192907261272955,0.9163832465357904,5460879083225015.0,,,
Indonesia,Southeast Asia-other,3905.723,6921.188,2790.0,41.336,100.466,1.4422029110913787e+18,0.1395,0.6667,0.5788,0.6228,1,0.1192907261272955,0.3886224314479692,3.1052290559771174e+17,,,
Indonesia,Pacific/Oceania-other,3905.723,320.176,7716.0,41.336,101.415,8805226140342656.0,0.3858,0.6667,0.4321,0.5494,1,0.1192907261272955,16.253867807039022,1.226089623437527e+16,,,
Indonesia,Caribbean & Central America,3905.723,4131.411,16845.0,41.336,73.736,1.7332717341364948e+16,0.8,0.6667,0.6082,0.6375,1,0.1192907261272955,1.664261084130132,7722905572900510.0,,,
Indonesia,Andean & Southern Cone-other,3905.723,2728.156,19092.0,41.336,47.798,5775703371406476.0,0.8,0.6667,0.3433,0.505,1,0.1192907261272955,16.55568657417006,8116743458463977.0,,,
Indonesia,Eastern Europe-other,3905.723,1774.495,10270.0,41.336,104.557,2.840022656235616e+16,0.5135,0.6667,0.5139,0.5903,1,0.1192907261272955,0.2606376651637235,5007762618619710.0,,,
Indonesia,EU-other,3905.723,13437.767,10827.0,41.336,108.192,2.002341123536089e+17,0.5413,0.6667,0.113,0.3898,1,0.1192907261272955,0.0784203120070404,1.9366702930940172e+16,,,
Indonesia,Nordics,3905.723,1914.495,10532.0,41.336,102.211,2.848146067872216e+16,0.5266,0.6667,0.0,0.3333,1,0.1192907261272955,0.2021287863665108,4422620592189405.5,,,
Vietnam,United States,1359.364,24977.118,13344.0,164.818,25.29,7.948137984974574e+16,0.6672,1.0,0.3333,0.6667,1,0.6765030764157078,4.98222425257149,2.038393925635191e+17,142.78,1.3969349870333396,2.038393925635191e+17
Vietnam,China,1359.364,32004.885,2327.0,164.818,36.105,4.781166288702801e+18,0.1163,1.0,1.0,0.9,1,0.6765030764157078,0.1831727396433205,5239463305141584.0,3.67,0.003113061109137733,5239463305141584.0
Vietnam,India,1359.364,13376.573,3001.0,164.818,44.993,1.4972591230558277e+18,0.15,1.0,0.6667,0.8333,1,0.6765030764157078,1.2375989763828106,1.3700039732573545e+18,,,
Vietnam,Brazil,1359.364,4028.525,17185.0,164.818,33.666,1.0289213760196752e+16,0.8,1.0,0.3333,0.6667,1,0.6765030764157078,76.47659476447654,7.400845685359107e+16,,,
Vietnam,Russia,1359.364,5835.482,6734.0,164.818,40.834,1.1773255923576371e+17,0.3367,1.0,0.6667,0.8333,1,0.6765030764157078,3.071899161702484,9.654746183564301e+17,676.27,5.6886067281824095,9.654746183564301e+17
Vietnam,Ukraine,1359.364,561.23,7194.0,164.818,77.51,1.8831981301067084e+16,0.3597,1.0,0.6667,0.8333,1,0.6765030764157078,9.312299146946048,599611604403124.2,0.42,0.012685589907036294,599611604403124.2
Vietnam,Argentina,1359.364,1240.029,17855.0,164.818,26.677,2324817561132517.0,0.8,1.0,0.3333,0.6667,1,0.6765030764157078,100.0,1.91215795891712e+16,,,
Vietnam,Australia,1359.364,1617.856,7748.0,164.818,49.044,2.9613536602379864e+16,0.3874,1.0,0.0,0.5,1,0.6765030764157078,79.42885847747789,3.4806025988924196e+16,24.38,0.1603393488090512,3.4806025988924196e+16
Vietnam,Canada,1359.364,2305.5,12625.0,164.818,66.632,2.159374284359455e+16,0.6312,1.0,0.3333,0.6667,1,0.6765030764157078,2.910147342926411,1.2663226026323118e+16,8.870000000000001,0.41794973721482476,1.2663226026323118e+16
Vietnam,France,1359.364,3712.391,9196.0,164.818,70.626,6.946434658518305e+16,0.4598,1.0,0.0,0.5,1,0.6765030764157078,0.3360171579634735,956523273690698.0,0.67,0.028881382054442337,956523273690698.0
Vietnam,Indonesia,1359.364,3905.723,3031.0,164.818,41.336,3.937329158315023e+17,0.1515,1.0,0.6667,0.8333,1,0.6765030764157078,0.1192907261272955,1.118510208221788e+17,,,
Vietnam,Thailand,1359.364,1519.479,987.0,164.818,128.824,4.501924116345549e+18,0.0493,1.0,0.6667,0.8333,1,0.6765030764157078,1.6743502921052975,4.791331497601746e+18,,,
Vietnam,Egypt,1359.364,1911.761,7426.0,164.818,40.45,3.1418625327597468e+16,0.3713,1.0,0.6667,0.8333,1,0.6765030764157078,0.01,2584175871810529.5,,,
Vietnam,Nigeria,1359.364,1787.476,10509.0,164.818,26.167,9488640294525652.0,0.5254,1.0,0.3333,0.6667,1,0.6765030764157078,0.01,780438833645093.1,,,
Vietnam,Bangladesh,1359.364,1413.299,1614.0,164.818,30.983,3.7660906457513344e+17,0.0807,1.0,1.0,0.9,1,0.6765030764157078,0.01,3.0976022904647384e+16,,,
Vietnam,Pakistan,1359.364,1341.17,3511.0,164.818,28.468,6.939289922423521e+16,0.1756,1.0,0.6667,0.8333,1,0.6765030764157078,0.107169635497179,1.868468572198718e+16,,,
Vietnam,Germany,1359.364,5250.377,8327.0,164.818,81.963,1.3904952728202736e+17,0.4163,1.0,0.0,0.5,1,0.6765030764157078,0.1026848226912732,1.165245217890071e+18,816.2,31.795070757222447,1.165245217890071e+18
Vietnam,Japan,1359.364,5710.167,3663.0,164.818,45.151,4.305085981095382e+17,0.1832,1.0,0.0,0.5,1,0.6765030764157078,0.01,9693720937850502.0,6.79,0.2737623974937811,9693720937850502.0
Vietnam,United Kingdom,1359.364,3602.178,9234.0,164.818,64.992,6.151606864737617e+16,0.4617,1.0,0.3333,0.6667,1,0.6765030764157078,0.0432171177569208,1.0518440645046116e+16,,,
Vietnam,Saudi Arabia,1359.364,2173.214,6029.0,164.818,54.169,7.256104666974787e+16,0.3014,1.0,1.0,0.9,1,0.6765030764157078,0.01,5968132089871383.0,,,
Vietnam,West Africa (ECOWAS),1359.364,900.434,11026.0,164.818,60.104,9973729620176032.0,0.5513,1.0,0.7111,0.8555,1,0.6765030764157078,2.533527925920729,1.3057358448528142e+16,,,
Vietnam,East Africa,1359.364,1576.319,7280.0,164.818,42.375,2.823766387644957e+16,0.364,1.0,0.6894,0.8447,1,0.6765030764157078,2.303405693687899,3.524916797453054e+16,,,
Vietnam,Southern Africa (SADC),1359.364,1284.21,9888.0,164.818,64.705,1.9041323501070096e+16,0.4944,1.0,0.4533,0.7267,1,0.6765030764157078,15.4573865722838,6.157438085586344e+16,,,
Vietnam,Central Africa,1359.364,471.023,10243.0,164.818,72.817,7324220450576581.0,0.5121,1.0,0.6662,0.8331,1,0.6765030764157078,1.208058214226458,6621253673369013.0,,,
Vietnam,MENA-other,1359.364,8746.966,5498.0,164.818,69.092,4.479367032052349e+17,0.2749,1.0,0.7717,0.8859,1,0.6765030764157078,0.0618247892439834,9.16078856430497e+16,,,
Vietnam,Central Asia,1359.364,1783.598,4481.0,164.818,72.977,1.4523616608761555e+17,0.224,1.0,0.7486,0.8743,1,0.6765030764157078,1.6043642390614754,1.5130774208139885e+17,,,
Vietnam,South Asia-other,1359.364,454.619,2203.0,164.818,44.042,9.243354799093502e+16,0.1101,1.0,0.3333,0.6667,1,0.6765030764157078,0.9163832465357904,7.27784968864577e+16,,,
Vietnam,Southeast Asia-other,1359.364,6921.188,1755.0,164.818,100.466,5.058109944276835e+18,0.0877,1.0,0.5788,0.7894,1,0.6765030764157078,0.3886224314479692,2.5935049743780567e+18,,,
Vietnam,Pacific/Oceania-other,1359.364,320.176,9910.0,164.818,101.415,7407733937090210.0,0.4955,1.0,0.4321,0.716,1,0.6765030764157078,16.253867807039022,2.4563973774731056e+16,,,
Vietnam,Caribbean & Central America,1359.364,4131.411,14759.0,164.818,73.736,3.1333041367052816e+16,0.7379,1.0,0.6082,0.8041,1,0.6765030764157078,1.664261084130132,3.3246671252197544e+16,,,
Vietnam,Andean & Southern Cone-other,1359.364,2728.156,17650.0,164.818,47.798,9378341540332612.0,0.8,1.0,0.3433,0.6716,1,0.6765030764157078,16.55568657417006,3.1385895955962756e+16,,,
Vietnam,Eastern Europe-other,1359.364,1774.495,7830.0,164.818,104.557,6.780268618727666e+16,0.3915,1.0,0.5139,0.757,1,0.6765030764157078,0.2606376651637235,2.84708462579052e+16,,,
Vietnam,EU-other,1359.364,13437.767,8730.0,164.818,108.192,4.273990822434999e+17,0.4365,1.0,0.113,0.5565,1,0.6765030764157078,0.0784203120070404,9.844252761844418e+16,,,
Vietnam,Nordics,1359.364,1914.495,7884.0,164.818,102.211,7.053399136729766e+16,0.3942,1.0,0.0,0.5,1,0.6765030764157078,0.2021287863665108,2.6082392883761176e+16,,,
Thailand,United States,1519.479,24977.118,14154.0,128.824,25.29,6.172061286698328e+16,0.7077,0.6667,0.3333,0.5,1,1.6743502921052975,4.98222425257149,1.3448242161274191e+18,476.92,7.54397940521068,1.3448242161274191e+18
Thailand,China,1519.479,32004.885,3296.0,128.824,36.105,2.082108498682601e+18,0.1648,0.6667,1.0,0.8333,1,1.6743502921052975,0.1831727396433205,8.714625597462444e+17,309.05,0.7557737348545677,8.714625597462444e+17
Thailand,India,1519.479,13376.573,2916.0,128.824,44.993,1.3854953329086126e+18,0.1458,0.6667,0.6667,0.6667,1,1.6743502921052975,1.2375989763828106,2.184789488080861e+17,77.48,0.10954470710853302,2.184789488080861e+17
Thailand,Brazil,1519.479,4028.525,16611.0,128.824,33.666,9621457237380762.0,0.8,0.6667,0.3333,0.5,1,1.6743502921052975,76.47659476447654,1.0887502961232117e+17,,,
Thailand,Russia,1519.479,5835.482,7064.0,128.824,40.834,9.347437613668605e+16,0.3532,0.6667,0.6667,0.6667,1,1.6743502921052975,3.071899161702484,2.1199187404720525e+17,,,
Thailand,Ukraine,1519.479,561.23,7420.0,128.824,77.51,1.5466078790183274e+16,0.371,0.6667,0.6667,0.6667,1,1.6743502921052975,9.312299146946048,6.107055106098344e+16,,,
Thailand,Argentina,1519.479,1240.029,16873.0,128.824,26.677,2274443333989242.0,0.8,0.6667,0.3333,0.5,1,1.6743502921052975,100.0,2.9430543495126948e+16,,,
Thailand,Australia,1519.479,1617.856,7478.0,128.824,49.044,2.777472235439724e+16,0.3739,0.6667,0.0,0.3333,1,1.6743502921052975,79.42885847747789,4.489138958472807e+16,15.92,0.14015254905232968,4.489138958472807e+16
Thailand,Canada,1519.479,2305.5,13424.0,128.824,66.632,1.6686988220315824e+16,0.6712,0.6667,0.3333,0.5,1,1.6743502921052975,2.910147342926411,3.5112285371170464e+17,124.52,9.532361149111392,3.5112285371170464e+17
Thailand,France,1519.479,3712.391,9443.0,128.824,70.626,5.755605889829139e+16,0.4722,0.6667,0.0,0.3333,1,1.6743502921052975,0.3360171579634735,9136187327545162.0,3.2399999999999998,0.2116265047556795,9136187327545162.0
Thailand,Indonesia,1519.479,3905.723,2328.0,128.824,41.336,5.831211469910006e+17,0.1164,0.6667,0.6667,0.6667,1,1.6743502921052975,0.1192907261272955,7.10592347697957e+17,252.0,2.72668665507825,7.10592347697957e+17
Thailand,Vietnam,1519.479,1359.364,987.0,128.824,164.818,4.501924116345549e+18,0.0493,0.6667,1.0,0.8333,1,1.6743502921052975,0.6765030764157078,3.8113410115832924e+18,1351.63,0.7954659395808914,3.8113410115832924e+18
Thailand,Egypt,1519.479,1911.761,7269.0,128.824,40.45,2.864830152135529e+16,0.3634,0.6667,0.6667,0.6667,1,1.6743502921052975,0.01,3706995339852886.5,,,
Thailand,Nigeria,1519.479,1787.476,10099.0,128.824,26.167,8976792170170048.0,0.505,0.6667,0.3333,0.5,1,1.6743502921052975,0.01,1161567177615840.2,,,
Thailand,Bangladesh,1519.479,1413.299,1541.0,128.824,30.983,3.609472187776968e+17,0.077,0.6667,1.0,0.8333,1,1.6743502921052975,0.01,4.670537473030907e+16,,,
Thailand,Pakistan,1519.479,1341.17,3546.0,128.824,28.468,5.943610984457273e+16,0.1773,0.6667,0.6667,0.6667,1,1.6743502921052975,0.107169635497179,2.517731506220887e+16,,,
Thailand,Germany,1519.479,5250.377,8603.0,128.824,81.963,1.1381459253080147e+17,0.4301,0.6667,0.0,0.3333,1,1.6743502921052975,0.1026848226912732,1.3817073427460274e+17,49.0,2.92780284022937,1.3817073427460274e+17
Thailand,Japan,1519.479,5710.167,4599.0,128.824,45.151,2.3860525013504538e+17,0.2299,0.6667,0.0,0.3333,1,1.6743502921052975,0.01,6.836913516779629e+17,242.46,22.14404369911049,6.836913516779629e+17
Thailand,United Kingdom,1519.479,3602.178,9532.0,128.824,64.992,5.043724932550553e+16,0.4766,0.6667,0.3333,0.5,1,1.6743502921052975,0.0432171177569208,9.392790119769424e+16,33.31,6.9229654424332425,9.392790119769424e+16
Thailand,Saudi Arabia,1519.479,2173.214,5745.0,128.824,54.169,6.981764376416973e+16,0.2873,0.6667,1.0,0.8333,1,1.6743502921052975,0.01,6.010426940945217e+17,213.15,66.52991573997112,6.010426940945217e+17
Thailand,West Africa (ECOWAS),1519.479,900.434,10599.0,128.824,60.104,9430070298140380.0,0.53,0.6667,0.7111,0.6889,1,1.6743502921052975,2.533527925920729,1.9422312576454536e+16,,,
Thailand,East Africa,1519.479,1576.319,6736.0,128.824,42.375,2.881631969222973e+16,0.3368,0.6667,0.6894,0.678,1,1.6743502921052975,2.303405693687899,5.659093803765582e+16,,,
Thailand,Southern Africa (SADC),1519.479,1284.21,8998.0,128.824,64.705,2.0089689152621424e+16,0.4499,0.6667,0.4533,0.56,1,1.6743502921052975,15.4573865722838,1.0220318079443198e+17,,,
Thailand,Central Africa,1519.479,471.023,9612.0,128.824,72.817,7266735896227059.0,0.4806,0.6667,0.6662,0.6664,1,1.6743502921052975,1.208058214226458,1.0334904523433144e+16,,,
Thailand,MENA-other,1519.479,8746.966,5457.0,128.824,69.092,3.972549892610693e+17,0.2728,0.6667,0.7717,0.7192,1,1.6743502921052975,0.0618247892439834,1.2781265129346717e+17,,,
Thailand,Central Asia,1519.479,1783.598,4906.0,128.824,72.977,1.058572783145323e+17,0.2453,0.6667,0.7486,0.7076,1,1.6743502921052975,1.6043642390614754,1.7349835896227226e+17,,,
Thailand,South Asia-other,1519.479,454.619,2209.0,128.824,44.042,8.031900756281566e+16,0.1105,0.6667,0.3333,0.5,1,1.6743502921052975,0.9163832465357904,9.949014529408176e+16,,,
Thailand,Southeast Asia-other,1519.479,6921.188,2209.0,128.824,100.466,2.789344930961735e+18,0.1105,0.6667,0.5788,0.6228,1,1.6743502921052975,0.3886224314479692,2.2500352187604754e+18,,,
Thailand,Pacific/Oceania-other,1519.479,320.176,9747.0,128.824,101.415,6690243117194018.0,0.4874,0.6667,0.4321,0.5494,1,1.6743502921052975,16.253867807039022,3.490144617055922e+16,,,
Thailand,Caribbean & Central America,1519.479,4131.411,15744.0,128.824,73.736,2.405677481759341e+16,0.7872,0.6667,0.6082,0.6375,1,1.6743502921052975,1.664261084130132,4.015792767145192e+16,,,
Thailand,Andean & Southern Cone-other,1519.479,2728.156,18501.0,128.824,47.798,7457207120868650.0,0.8,0.6667,0.3433,0.505,1,1.6743502921052975,16.55568657417006,3.926204935779079e+16,,,
Thailand,Eastern Europe-other,1519.479,1774.495,8090.0,128.824,104.557,5.549125263343029e+16,0.4045,0.6667,0.5139,0.5903,1,1.6743502921052975,0.2606376651637235,3.66577899064076e+16,,,
Thailand,EU-other,1519.479,13437.767,8829.0,128.824,108.192,3.6508180299280704e+17,0.4415,0.6667,0.113,0.3898,1,1.6743502921052975,0.0784203120070404,1.3229018711327458e+17,,,
Thailand,Nordics,1519.479,1914.495,8267.0,128.824,102.211,5.60463021679064e+16,0.4133,0.6667,0.0,0.3333,1,1.6743502921052975,0.2021287863665108,3.260500035258713e+16,,,
Egypt,United States,1911.761,24977.118,9349.0,40.45,25.29,5.588855565538148e+16,0.4674,0.6667,0.3333,0.5,1,0.01,4.98222425257149,1.9656501642407812e+16,252.99,1.5756933607610792,1.9656501642407812e+16
Egypt,China,1911.761,32004.885,7544.0,40.45,36.105,1.570142238721161e+17,0.3772,0.6667,1.0,0.8333,1,0.01,0.1831727396433205,6720002232271456.0,,,
Egypt,India,1911.761,13376.573,4429.0,40.45,44.993,2.372648147985893e+17,0.2215,0.6667,0.6667,0.6667,1,0.01,1.2375989763828106,2.639509989706711e+16,,,
Egypt,Brazil,1911.761,4028.525,9874.0,40.45,33.666,1.0757485219032218e+16,0.4937,0.6667,0.3333,0.5,1,0.01,76.47659476447654,9407517374252356.0,,,
Egypt,Russia,1911.761,5835.482,2903.0,40.45,40.834,2.1865755023904675e+17,0.1452,0.6667,0.6667,0.6667,1,0.01,3.071899161702484,3.83237462397872e+16,,,
Egypt,Ukraine,1911.761,561.23,2270.0,40.45,77.51,6.528312088223674e+16,0.1135,0.6667,0.6667,0.6667,1,0.01,9.312299146946048,1.9921836303756884e+16,,,
Egypt,Argentina,1911.761,1240.029,11813.0,40.45,26.677,1833174973579924.8,0.5907,0.6667,0.3333,0.5,1,0.01,100.0,1833174973579924.8,,,
Egypt,Australia,1911.761,1617.856,14266.0,40.45,49.044,3014954774255376.0,0.7133,0.6667,0.0,0.3333,1,0.01,79.42885847747789,2687014205532600.0,,,
Egypt,Canada,1911.761,2305.5,8857.0,40.45,66.632,1.5143740196604394e+16,0.4429,0.6667,0.3333,0.5,1,0.01,2.910147342926411,2078388153422700.8,26.75,0.8045184697427379,2078388153422700.8
Egypt,France,1911.761,3712.391,3210.0,40.45,70.626,1.9677302235403782e+17,0.1605,0.6667,0.0,0.3333,1,0.01,0.3360171579634735,1.1406339224973418e+16,,,
Egypt,Indonesia,1911.761,3905.723,8986.0,40.45,41.336,1.5461673860272144e+16,0.4493,0.6667,0.6667,0.6667,1,0.01,0.1192907261272955,534022861244929.6,,,
Egypt,Vietnam,1911.761,1359.364,7426.0,40.45,164.818,3.1418625327597468e+16,0.3713,0.6667,1.0,0.8333,1,0.01,0.6765030764157078,2584175871810529.5,,,
Egypt,Thailand,1911.761,1519.479,7269.0,40.45,128.824,2.864830152135529e+16,0.3634,0.6667,0.6667,0.6667,1,0.01,1.6743502921052975,3706995339852886.5,,,
Egypt,Nigeria,1911.761,1787.476,3401.0,40.45,26.167,3.1270098153391456e+16,0.1701,0.6667,0.3333,0.5,1,0.01,0.01,312700981533914.56,,,
Egypt,Bangladesh,1911.761,1413.299,5844.0,40.45,30.983,9915009988234922.0,0.2922,0.6667,1.0,0.8333,1,0.01,0.01,99150099882349.22,,,
Egypt,Pakistan,1911.761,1341.17,3943.0,40.45,28.468,1.899060839965884e+16,0.1971,0.6667,0.6667,0.6667,1,0.01,0.107169635497179,621691250384250.9,,,
Egypt,Germany,1911.761,5250.377,2892.0,40.45,81.963,3.978925519911037e+17,0.1446,0.6667,0.0,0.3333,1,0.01,0.1026848226912732,8573836737577384.0,110.35,0.6724442291427014,8573836737577384.0
Egypt,Japan,1911.761,5710.167,9562.0,40.45,45.151,2.1805895635671536e+16,0.4781,0.6667,0.0,0.3333,1,0.01,0.01,218058956356715.38,,,
Egypt,United Kingdom,1911.761,3602.178,3511.0,40.45,64.992,1.4686638168727856e+17,0.1756,0.6667,0.3333,0.5,1,0.01,0.0432171177569208,1398541561181630.2,18.0,0.4580628616525721,1398541561181630.2
Egypt,Saudi Arabia,1911.761,2173.214,1634.0,40.45,54.169,3.40961814041403e+17,0.0817,0.6667,1.0,0.8333,1,0.01,0.01,2563992862166322.0,33.0,0.7519882745153909,2563992862166322.0
Egypt,West Africa (ECOWAS),1911.761,900.434,3913.0,40.45,60.104,2.733314543305931e+16,0.1956,0.6667,0.7111,0.6889,1,0.01,2.533527925920729,4350633103073748.5,,,
Egypt,East Africa,1911.761,1576.319,2464.0,40.45,42.375,8.50796818035905e+16,0.1232,0.6667,0.6894,0.678,1,0.01,2.303405693687899,1.2912522015496268e+16,,,
Egypt,Southern Africa (SADC),1911.761,1284.21,6264.0,40.45,64.705,1.637669609721993e+16,0.3132,0.6667,0.4533,0.56,1,0.01,15.4573865722838,6438642679261769.0,,,
Egypt,Central Africa,1911.761,471.023,4195.0,40.45,72.817,1.5071884719965262e+16,0.2097,0.6667,0.6662,0.6664,1,0.01,1.208058214226458,1656576495455532.0,,,
Egypt,MENA-other,1911.761,8746.966,1980.0,40.45,69.092,1.1920966863190428e+18,0.099,0.6667,0.7717,0.7192,1,0.01,0.0618247892439834,2.9640996701806428e+16,,,
Egypt,Central Asia,1911.761,1783.598,4053.0,40.45,72.977,6.127554706672083e+16,0.2026,0.6667,0.7486,0.7076,1,0.01,1.6043642390614754,7761375294191368.0,,,
Egypt,South Asia-other,1911.761,454.619,5223.0,40.45,44.042,5675894402881229.0,0.2611,0.6667,0.3333,0.5,1,0.01,0.9163832465357904,543341500042033.3,,,
Egypt,Southeast Asia-other,1911.761,6921.188,9178.0,40.45,100.466,6.383548184901702e+16,0.4589,0.6667,0.5788,0.6228,1,0.01,0.3886224314479692,3979477680473643.0,,,
Egypt,Pacific/Oceania-other,1911.761,320.176,16523.0,40.45,101.415,919751743318235.6,0.8,0.6667,0.4321,0.5494,1,0.01,16.253867807039022,370807902721300.25,,,
Egypt,Caribbean & Central America,1911.761,4131.411,12369.0,40.45,73.736,1.5397952639598882e+16,0.6185,0.6667,0.6082,0.6375,1,0.01,1.664261084130132,1986432026391399.0,,,
Egypt,Andean & Southern Cone-other,1911.761,2728.156,11905.0,40.45,47.798,7114959065101729.0,0.5952,0.6667,0.3433,0.505,1,0.01,16.55568657417006,2894982906261041.0,,,
Egypt,Eastern Europe-other,1911.761,1774.495,2605.0,40.45,104.557,2.114319960360309e+17,0.1303,0.6667,0.5139,0.5903,1,0.01,0.2606376651637235,1.0794171104824004e+16,,,
Egypt,EU-other,1911.761,13437.767,2132.0,40.45,108.192,2.47345157926616e+18,0.1066,0.6667,0.113,0.3898,1,0.01,0.0784203120070404,6.926561520377348e+16,,,
Egypt,Nordics,1911.761,1914.495,3404.0,40.45,102.211,1.30595535253418e+17,0.1702,0.6667,0.0,0.3333,1,0.01,0.2021287863665108,5871410077421662.0,,,
Nigeria,United States,1787.476,24977.118,8896.0,26.167,25.29,3.733303999280286e+16,0.4448,0.3333,0.3333,0.3333,1,0.01,4.98222425257149,8333069256347409.0,,,
Nigeria,China,1787.476,32004.885,10938.0,26.167,36.105,4.517479770826582e+16,0.5469,0.3333,1.0,0.6667,1,0.01,0.1831727396433205,1933421915260437.2,,,
Nigeria,India,1787.476,13376.573,7560.0,26.167,44.993,4.925278663362359e+16,0.378,0.3333,0.6667,0.5,1,0.01,1.2375989763828106,5479245730164438.0,,,
Nigeria,Brazil,1787.476,4028.525,6685.0,26.167,33.666,1.419462353792833e+16,0.3342,0.3333,0.3333,0.3333,1,0.01,76.47659476447654,1.2413325683011778e+16,,,
Nigeria,Russia,1787.476,5835.482,5823.0,26.167,40.834,3.286961883075097e+16,0.2912,0.3333,0.6667,0.5,1,0.01,3.071899161702484,5761003586160559.0,,,
Nigeria,Ukraine,1787.476,561.23,5068.0,26.167,77.51,7921530671494845.0,0.2534,0.3333,0.6667,0.5,1,0.01,9.312299146946048,2417339048440766.0,,,
Nigeria,Argentina,1787.476,1240.029,8438.0,26.167,26.677,2173076342281240.0,0.4219,0.3333,0.3333,0.3333,1,0.01,100.0,2173076342281240.0,,,
Nigeria,Australia,1787.476,1617.856,15165.0,26.167,49.044,1613727166588189.5,0.7582,0.3333,0.0,0.1667,1,0.01,79.42885847747789,1438199954938712.5,,,
Nigeria,Canada,1787.476,2305.5,8753.0,26.167,66.632,9378260264257862.0,0.4376,0.3333,0.3333,0.3333,1,0.01,2.910147342926411,1599851858518231.2,,,
Nigeria,France,1787.476,3712.391,4448.0,26.167,70.626,6.1983452398036536e+16,0.2224,0.3333,0.0,0.1667,1,0.01,0.3360171579634735,3592993978183356.0,,,
Nigeria,Indonesia,1787.476,3905.723,11149.0,26.167,41.336,6075012895604947.0,0.5575,0.3333,0.6667,0.5,1,0.01,0.1192907261272955,209821769488138.53,,,
Nigeria,Vietnam,1787.476,1359.364,10509.0,26.167,164.818,9488640294525652.0,0.5254,0.3333,1.0,0.6667,1,0.01,0.6765030764157078,780438833645093.1,,,
Nigeria,Thailand,1787.476,1519.479,10099.0,26.167,128.824,8976792170170050.0,0.505,0.3333,0.6667,0.5,1,0.01,1.6743502921052975,1161567177615840.5,,,
Nigeria,Egypt,1787.476,1911.761,3401.0,26.167,40.45,3.127009815339146e+16,0.1701,0.3333,0.6667,0.5,1,0.01,0.01,312700981533914.6,,,
Nigeria,Bangladesh,1787.476,1413.299,8896.0,26.167,30.983,2587937122769453.0,0.4448,0.3333,1.0,0.6667,1,0.01,0.01,25879371227694.53,,,
Nigeria,Pakistan,1787.476,1341.17,7202.0,26.167,28.468,3442832521853009.0,0.3601,0.3333,0.6667,0.5,1,0.01,0.107169635497179,112707229296182.64,,,
Nigeria,Germany,1787.476,5250.377,4861.0,26.167,81.963,8.518062909726562e+16,0.243,0.3333,0.0,0.1667,1,0.01,0.1026848226912732,2729568338747434.0,,,
Nigeria,Japan,1787.476,5710.167,12962.0,26.167,45.151,7177233440929816.0,0.6481,0.3333,0.0,0.1667,1,0.01,0.01,71772334409298.16,,,
Nigeria,United Kingdom,1787.476,3602.178,4768.0,26.167,64.992,4.816607517431009e+16,0.2384,0.3333,0.3333,0.3333,1,0.01,0.0432171177569208,1001311395903898.1,,,
Nigeria,Saudi Arabia,1787.476,2173.214,4504.0,26.167,54.169,2.714205848599239e+16,0.2252,0.3333,1.0,0.6667,1,0.01,0.01,271420584859923.94,,,
Nigeria,West Africa (ECOWAS),1787.476,900.434,526.0,26.167,60.104,9.148871292531364e+17,0.0263,0.3333,0.7111,0.5222,1,0.01,2.533527925920729,1.45623131441382e+17,,,
Nigeria,East Africa,1787.476,1576.319,3441.0,26.167,42.375,2.638563904593382e+16,0.1721,0.3333,0.6894,0.5114,1,0.01,2.303405693687899,4004541834795392.0,,,
Nigeria,Southern Africa (SADC),1787.476,1284.21,4513.0,26.167,64.705,1.908221651538235e+16,0.2256,0.3333,0.4533,0.3933,1,0.01,15.4573865722838,7502341921806294.0,,,
Nigeria,Central Africa,1787.476,471.023,1738.0,26.167,72.817,5.310820806916947e+16,0.0869,0.3333,0.6662,0.4998,1,0.01,1.208058214226458,5837213516276864.0,,,
Nigeria,MENA-other,1787.476,8746.966,5338.0,26.167,69.092,9.920062781085064e+16,0.2669,0.3333,0.7717,0.5525,1,0.01,0.0618247892439834,2466583051109669.0,,,
Nigeria,Central Asia,1787.476,1783.598,7430.0,26.167,72.977,1.1027891271564972e+16,0.3715,0.3333,0.7486,0.541,1,0.01,1.6043642390614754,1396831312969842.0,,,
Nigeria,South Asia-other,1787.476,454.619,8357.0,26.167,44.042,1340921186506509.5,0.4178,0.3333,0.3333,0.3333,1,0.01,0.9163832465357904,128363580644619.66,,,
Nigeria,Southeast Asia-other,1787.476,6921.188,12235.0,26.167,100.466,2.172601117327527e+16,0.6118,0.3333,0.5788,0.4561,1,0.01,0.3886224314479692,1354390599796205.2,,,
Nigeria,Pacific/Oceania-other,1787.476,320.176,16225.0,26.167,101.415,576910857847785.5,0.8,0.3333,0.4321,0.3827,1,0.01,16.253867807039022,232587876902415.12,,,
Nigeria,Caribbean & Central America,1787.476,4131.411,11372.0,26.167,73.736,1.101762927037032e+16,0.5686,0.3333,0.6082,0.4708,1,0.01,1.664261084130132,1421342963563046.2,,,
Nigeria,Andean & Southern Cone-other,1787.476,2728.156,9557.0,26.167,47.798,6677558962922700.0,0.4778,0.3333,0.3433,0.3383,1,0.01,16.55568657417006,2717010579587224.0,,,
Nigeria,Eastern Europe-other,1787.476,1774.495,4955.0,26.167,104.557,3.53450455528285e+16,0.2477,0.3333,0.5139,0.4236,1,0.01,0.2606376651637235,1804459478971258.8,,,
Nigeria,EU-other,1787.476,13437.767,3684.0,26.167,108.192,5.010352355453509e+17,0.1842,0.3333,0.113,0.2232,1,0.01,0.0784203120070404,1.4030803804581714e+16,,,
Nigeria,Nordics,1787.476,1914.495,5660.0,26.167,102.211,2.8569607140280864e+16,0.283,0.3333,0.0,0.1667,1,0.01,0.2021287863665108,1284453399926110.2,,,
Bangladesh,United States,1413.299,24977.118,12920.0,30.983,25.29,1.6570245351311164e+16,0.646,1.0,0.3333,0.6667,1,0.01,4.98222425257149,3698627332083435.0,,,
Bangladesh,China,1413.299,32004.885,3019.0,30.983,36.105,5.551583684663548e+17,0.151,1.0,1.0,0.9,1,0.01,0.1831727396433205,2.3760047869272096e+16,,,
Bangladesh,India,1413.299,13376.573,1420.0,30.983,44.993,1.30697948766249e+18,0.071,1.0,0.6667,0.8333,1,0.01,1.2375989763828106,1.4539810367396342e+17,,,
Bangladesh,Brazil,1413.299,4028.525,15578.0,30.983,33.666,2447227618763328.0,0.7789,1.0,0.3333,0.6667,1,0.01,76.47659476447654,2140122516881078.5,,,
Bangladesh,Russia,1413.299,5835.482,5541.0,30.983,40.834,3.3984666309860584e+16,0.2771,1.0,0.6667,0.8333,1,0.01,3.071899161702484,5956436108787808.0,,,
Bangladesh,Ukraine,1413.299,561.23,5880.0,30.983,77.51,5509329288729585.0,0.294,1.0,0.6667,0.8333,1,0.01,9.312299146946048,1681230228431500.8,,,
Bangladesh,Argentina,1413.299,1240.029,16774.0,30.983,26.677,514815733105989.1,0.8,1.0,0.3333,0.6667,1,0.01,100.0,514815733105989.1,,,
Bangladesh,Australia,1413.299,1617.856,9018.0,30.983,49.044,4272337369473716.0,0.4509,1.0,0.0,0.5,1,0.01,79.42885847747789,3807629653562185.5,,,
Bangladesh,Canada,1413.299,2305.5,12189.0,30.983,66.632,4527631222524313.0,0.6095,1.0,0.3333,0.6667,1,0.01,2.910147342926411,772375581604090.0,,,
Bangladesh,France,1413.299,3712.391,7903.0,30.983,70.626,1.83819854387186e+16,0.3952,1.0,0.0,0.5,1,0.01,0.3360171579634735,1065548310607852.4,,,
Bangladesh,Indonesia,1413.299,3905.723,3784.0,30.983,41.336,4.937280960807528e+16,0.1892,1.0,0.6667,0.8333,1,0.01,0.1192907261272955,1705262269329838.0,,,
Bangladesh,Vietnam,1413.299,1359.364,1614.0,30.983,164.818,3.7660906457513344e+17,0.0807,1.0,1.0,0.9,1,0.01,0.6765030764157078,3.0976022904647384e+16,,,
Bangladesh,Thailand,1413.299,1519.479,1541.0,30.983,128.824,3.609472187776968e+17,0.077,1.0,0.6667,0.8333,1,0.01,1.6743502921052975,4.670537473030907e+16,,,
Bangladesh,Egypt,1413.299,1911.761,5844.0,30.983,40.45,9915009988234924.0,0.2922,1.0,0.6667,0.8333,1,0.01,0.01,99150099882349.23,,,
Bangladesh,Nigeria,1413.299,1787.476,8896.0,30.983,26.167,2587937122769453.0,0.4448,1.0,0.3333,0.6667,1,0.01,0.01,25879371227694.53,,,
Bangladesh,Pakistan,1413.299,1341.17,2013.0,30.983,28.468,4.125775982029807e+16,0.1007,1.0,0.6667,0.8333,1,0.01,0.107169635497179,1350645948299107.8,,,
Bangladesh,Germany,1413.299,5250.377,7066.0,30.983,81.963,3.77412153609548e+16,0.3533,1.0,0.0,0.5,1,0.01,0.1026848226912732,1209397343115155.2,,,
Bangladesh,Japan,1413.299,5710.167,4880.0,30.983,45.151,4.740591401534978e+16,0.244,1.0,0.0,0.5,1,0.01,0.01,474059140153497.75,,,
Bangladesh,United Kingdom,1413.299,3602.178,7995.0,30.983,64.992,1.6037913940004282e+16,0.3997,1.0,0.3333,0.6667,1,0.01,0.0432171177569208,333407817359748.06,,,
Bangladesh,Saudi Arabia,1413.299,2173.214,4416.0,30.983,54.169,2.6433366558583256e+16,0.2208,1.0,1.0,0.9,1,0.01,0.01,264333665585832.56,,,
Bangladesh,West Africa (ECOWAS),1413.299,900.434,9415.0,30.983,60.104,2673433709424796.0,0.4708,1.0,0.7111,0.8555,1,0.01,2.533527925920729,425532042171369.2,,,
Bangladesh,East Africa,1413.299,1576.319,5716.0,30.983,42.375,8952072366620274.0,0.2858,1.0,0.6894,0.8447,1,0.01,2.303405693687899,1358653782758057.0,,,
Bangladesh,Southern Africa (SADC),1413.299,1284.21,8709.0,30.983,64.705,4797267849463292.0,0.4355,1.0,0.4533,0.7267,1,0.01,15.4573865722838,1886088215598513.2,,,
Bangladesh,Central Africa,1413.299,471.023,8708.0,30.983,72.817,1980593793665774.5,0.4354,1.0,0.6662,0.8331,1,0.01,1.208058214226458,217690433983055.8,,,
Bangladesh,MENA-other,1413.299,8746.966,3962.0,30.983,69.092,1.685829617358317e+17,0.1981,1.0,0.7717,0.8859,1,0.01,0.0618247892439834,4191746416326502.5,,,
Bangladesh,Central Asia,1413.299,1783.598,3447.0,30.983,72.977,4.796877176315579e+16,0.1724,1.0,0.7486,0.8743,1,0.01,1.6043642390614754,6075892552209665.0,,,
Bangladesh,South Asia-other,1413.299,454.619,669.0,30.983,44.042,1.9589478911130013e+17,0.0335,1.0,0.3333,0.6667,1,0.01,0.9163832465357904,1.8752598447236976e+16,,,
Bangladesh,Southeast Asia-other,1413.299,6921.188,3361.0,30.983,100.466,2.6953922991855386e+17,0.1681,1.0,0.5788,0.7894,1,0.01,0.3886224314479692,1.6802964721248604e+16,,,
Bangladesh,Pacific/Oceania-other,1413.299,320.176,11283.0,30.983,101.415,1116863272630508.0,0.5642,1.0,0.4321,0.716,1,0.01,16.253867807039022,450275556158715.2,,,
Bangladesh,Caribbean & Central America,1413.299,4131.411,15097.0,30.983,73.736,5852637275472823.0,0.7549,1.0,0.6082,0.8041,1,0.01,1.664261084130132,755026749007728.6,,,
Bangladesh,Andean & Southern Cone-other,1413.299,2728.156,17127.0,30.983,47.798,1946567061917947.5,0.8,1.0,0.3433,0.6716,1,0.01,16.55568657417006,792032437373223.8,,,
Bangladesh,Eastern Europe-other,1413.299,1774.495,6551.0,30.983,104.557,1.893092028521102e+16,0.3276,1.0,0.5139,0.757,1,0.01,0.2606376651637235,966474311180075.4,,,
Bangladesh,EU-other,1413.299,13437.767,7301.0,30.983,108.192,1.1943012238229923e+17,0.365,1.0,0.113,0.5565,1,0.01,0.0784203120070404,3344476588915568.5,,,
Bangladesh,Nordics,1413.299,1914.495,6754.0,30.983,102.211,1.878391353647094e+16,0.3377,1.0,0.0,0.5,1,0.01,0.2021287863665108,844500993218802.5,,,
Pakistan,United States,1341.17,24977.118,11374.0,28.468,25.29,1.864259566714301e+16,0.5687,0.6667,0.3333,0.5,1,0.107169635497179,4.98222425257149,1.362240829494782e+16,,,
Pakistan,China,1341.17,32004.885,3884.0,28.468,36.105,2.9245802060877914e+17,0.1942,0.6667,1.0,0.8333,1,0.107169635497179,0.1831727396433205,4.0976025711257656e+16,,,
Pakistan,India,1341.17,13376.573,689.0,28.468,44.993,4.840451562107417e+18,0.0345,0.6667,0.6667,0.6667,1,0.107169635497179,1.2375989763828106,164305393292183.84,6.27,9.320518937934796e-05,164305393292183.84
Pakistan,Brazil,1341.17,4028.525,13814.0,28.468,33.666,2713549341805996.0,0.6907,0.6667,0.3333,0.5,1,0.107169635497179,76.47659476447654,7768512534721687.0,,,
Pakistan,Russia,1341.17,5835.482,3654.0,28.468,40.834,6.813983636150758e+16,0.1827,0.6667,0.6667,0.6667,1,0.107169635497179,3.071899161702484,3.909673051300827e+16,,,
Pakistan,Ukraine,1341.17,561.23,3903.0,28.468,77.51,1.0902727113714628e+16,0.1951,0.6667,0.6667,0.6667,1,0.107169635497179,9.312299146946048,1.0891795493893186e+16,,,
Pakistan,Argentina,1341.17,1240.029,15588.0,28.468,26.677,519784297948434.56,0.7794,0.6667,0.3333,0.5,1,0.107169635497179,100.0,1701606095608119.2,,,
Pakistan,Australia,1341.17,1617.856,11012.0,28.468,49.044,2498230224771677.0,0.5506,0.6667,0.0,0.3333,1,0.107169635497179,79.42885847747789,7288824537944682.0,,,
Pakistan,Canada,1341.17,2305.5,10673.0,28.468,66.632,5148883237859534.0,0.5336,0.6667,0.3333,0.5,1,0.107169635497179,2.910147342926411,78615020713963.61,3.0,0.027340038633586153,78615020713963.61
Pakistan,France,1341.17,3712.391,5919.0,28.468,70.626,2.8573179116102896e+16,0.2959,0.6667,0.0,0.3333,1,0.107169635497179,0.3360171579634735,5422195441743513.0,,,
Pakistan,Indonesia,1341.17,3905.723,5686.0,28.468,41.336,1.906580946647645e+16,0.2843,0.6667,0.6667,0.6667,1,0.107169635497179,0.1192907261272955,2155730500845477.5,,,
Pakistan,Vietnam,1341.17,1359.364,3511.0,28.468,164.818,6.939289922423522e+16,0.1756,0.6667,1.0,0.8333,1,0.107169635497179,0.6765030764157078,1.323798333802433e+16,505.17,0.7084937651611957,1.323798333802433e+16
Pakistan,Thailand,1341.17,1519.479,3546.0,28.468,128.824,5.943610984457273e+16,0.1773,0.6667,0.6667,0.6667,1,0.107169635497179,1.6743502921052975,2.517731506220887e+16,,,
Pakistan,Egypt,1341.17,1911.761,3943.0,28.468,40.45,1.899060839965884e+16,0.1971,0.6667,0.6667,0.6667,1,0.107169635497179,0.01,621691250384250.9,,,
Pakistan,Nigeria,1341.17,1787.476,7202.0,28.468,26.167,3442832521853009.0,0.3601,0.6667,0.3333,0.5,1,0.107169635497179,0.01,112707229296182.64,,,
Pakistan,Bangladesh,1341.17,1413.299,2013.0,28.468,30.983,4.125775982029808e+16,0.1007,0.6667,1.0,0.8333,1,0.107169635497179,0.01,1.766282257591204e+18,70381.0,1307.7315041854708,1.766282257591204e+18
Pakistan,Germany,1341.17,5250.377,5103.0,28.468,81.963,6.30944084502013e+16,0.2551,0.6667,0.0,0.3333,1,0.107169635497179,0.1026848226912732,6618809453054679.0,,,
Pakistan,Japan,1341.17,5710.167,5972.0,28.468,45.151,2.7600149363098624e+16,0.2986,0.6667,0.0,0.3333,1,0.107169635497179,0.01,6886413764474165.0,262.79,7.621593893399201,6886413764474165.0
Pakistan,United Kingdom,1341.17,3602.178,6034.0,28.468,64.992,2.455008867689117e+16,0.3017,0.6667,0.3333,0.5,1,0.107169635497179,0.0432171177569208,1670770666107291.2,,,
Pakistan,Saudi Arabia,1341.17,2173.214,2738.0,28.468,54.169,5.995461000400518e+16,0.1369,0.6667,1.0,0.8333,1,0.107169635497179,0.01,1962720502433176.5,,,
Pakistan,West Africa (ECOWAS),1341.17,900.434,7728.0,28.468,60.104,3459829550288865.0,0.3864,0.6667,0.7111,0.6889,1,0.107169635497179,2.533527925920729,1802824404045906.5,,,
Pakistan,East Africa,1341.17,1576.319,4449.0,28.468,42.375,1.2884336981679436e+16,0.2225,0.6667,0.6894,0.678,1,0.107169635497179,2.303405693687899,6401520930482068.0,,,
Pakistan,Southern Africa (SADC),1341.17,1284.21,8180.0,28.468,64.705,4741358598938961.0,0.409,0.6667,0.4533,0.56,1,0.107169635497179,15.4573865722838,6102484909030608.0,,,
Pakistan,Central Africa,1341.17,471.023,7390.0,28.468,72.817,2397851258161930.0,0.3695,0.6667,0.6662,0.6664,1,0.107169635497179,1.208058214226458,862783930885799.1,,,
Pakistan,MENA-other,1341.17,8746.966,1989.0,28.468,69.092,5.832461995045215e+17,0.0994,0.6667,0.7717,0.7192,1,0.107169635497179,0.0618247892439834,4.747545292104925e+16,,,
Pakistan,Central Asia,1341.17,1783.598,1947.0,28.468,72.977,1.3109560262576243e+17,0.0974,0.6667,0.7486,0.7076,1,0.107169635497179,1.6043642390614754,5.435950428036728e+16,,,
Pakistan,South Asia-other,1341.17,454.619,1347.0,28.468,44.042,4.213265137351939e+16,0.0673,0.6667,0.3333,0.5,1,0.107169635497179,0.9163832465357904,1.3203626691971264e+16,,,
Pakistan,Southeast Asia-other,1341.17,6921.188,5250.0,28.468,100.466,9.632061865557389e+16,0.2625,0.6667,0.5788,0.6228,1,0.107169635497179,0.3886224314479692,1.965708304688241e+16,,,
Pakistan,Pacific/Oceania-other,1341.17,320.176,13292.0,28.468,101.415,701693385547039.2,0.6646,0.6667,0.4321,0.5494,1,0.107169635497179,16.253867807039022,926107968820977.8,,,
Pakistan,Caribbean & Central America,1341.17,4131.411,14051.0,28.468,73.736,5891112461584604.0,0.7026,0.6667,0.6082,0.6375,1,0.107169635497179,1.664261084130132,2487963011126488.5,,,
Pakistan,Andean & Southern Cone-other,1341.17,2728.156,15250.0,28.468,47.798,2140775571783350.5,0.7625,0.6667,0.3433,0.505,1,0.107169635497179,16.55568657417006,2851547532039803.0,,,
Pakistan,Eastern Europe-other,1341.17,1774.495,4586.0,28.468,104.557,3.3681985674047264e+16,0.2293,0.6667,0.5139,0.5903,1,0.107169635497179,0.2606376651637235,5629270938056618.0,,,
Pakistan,EU-other,1341.17,13437.767,5288.0,28.468,108.192,1.985064136755084e+17,0.2644,0.6667,0.113,0.3898,1,0.107169635497179,0.0784203120070404,1.8198043674072484e+16,,,
Pakistan,Nordics,1341.17,1914.495,4881.0,28.468,102.211,3.135952239373817e+16,0.244,0.6667,0.0,0.3333,1,0.107169635497179,0.2021287863665108,4615506859473163.0,,,
Germany,United States,5250.377,24977.118,6710.0,81.963,25.29,6.037508322614033e+17,0.3355,0.0,0.3333,0.1667,1,0.1026848226912732,4.98222425257149,6857642564559069.0,44.15,0.015880067278478325,6857642564559069.0
Germany,China,5250.377,32004.885,7358.0,81.963,36.105,9.184856306229578e+17,0.3679,0.0,1.0,0.5,1,0.1026848226912732,0.1831727396433205,8420222048125644.0,54.21,0.06684480008223456,8420222048125644.0
Germany,India,5250.377,13376.573,5781.0,81.963,44.993,7.749761515884096e+17,0.289,0.0,0.6667,0.3333,1,0.1026848226912732,1.2375989763828106,155325992402243.94,1.0,0.00056222829639033,155325992402243.94
Germany,Brazil,5250.377,4028.525,9591.0,81.963,33.666,6.34481259316841e+16,0.4795,0.0,0.3333,0.1667,1,0.1026848226912732,76.47659476447654,1.7780181857561526e+17,,,
Germany,Russia,5250.377,5835.482,1609.0,81.963,40.834,3.960919705615304e+18,0.0804,0.0,0.6667,0.3333,1,0.1026848226912732,3.071899161702484,2.779272834212135e+18,17893.16,1.2493339370441512,2.779272834212135e+18
Germany,Ukraine,5250.377,561.23,1204.0,81.963,77.51,1.291365636110376e+18,0.0602,0.0,0.6667,0.3333,1,0.1026848226912732,9.312299146946048,927296174641396.4,5.97,0.0007343238851789682,927296174641396.4
Germany,Argentina,5250.377,1240.029,11910.0,81.963,26.677,1.0035762653119226e+16,0.5955,0.0,0.3333,0.1667,1,0.1026848226912732,100.0,316865024500577.7,2.04,0.009853052437143635,316865024500577.7
Germany,Australia,5250.377,1617.856,16066.0,81.963,49.044,1.3228764740627004e+16,0.8,0.0,0.0,0.05,1,0.1026848226912732,79.42885847747789,3.7779967707097816e+16,,,
Germany,Canada,5250.377,2305.5,6128.0,81.963,66.632,1.7604289566111363e+17,0.3064,0.0,0.3333,0.1667,1,0.1026848226912732,2.910147342926411,2.5784114738772496e+16,166.0,0.2679310855968309,2.5784114738772496e+16
Germany,France,5250.377,3712.391,877.0,81.963,70.626,1.4669861423994784e+19,0.0439,0.0,0.0,0.05,1,0.1026848226912732,0.3360171579634735,3.177455675515059e+18,20456.69,1.166056606143659,3.177455675515059e+18
Germany,Indonesia,5250.377,3905.723,10788.0,81.963,41.336,5.969762289588551e+16,0.5394,0.0,0.6667,0.3333,1,0.1026848226912732,0.1192907261272955,155325992402243.94,1.0,0.023508809077814396,155325992402243.94
Germany,Vietnam,5250.377,1359.364,8327.0,81.963,164.818,1.3904952728202736e+17,0.4163,0.0,1.0,0.5,1,0.1026848226912732,0.6765030764157078,955254853273800.2,6.15,0.02606523947467163,955254853273800.2
Germany,Thailand,5250.377,1519.479,8603.0,81.963,128.824,1.1381459253080147e+17,0.4301,0.0,0.6667,0.3333,1,0.1026848226912732,1.6743502921052975,4.7192636189866584e+16,,,
Germany,Egypt,5250.377,1911.761,2892.0,81.963,40.45,3.978925519911038e+17,0.1446,0.0,0.6667,0.3333,1,0.1026848226912732,0.01,1.2750256996789406e+16,,,
Germany,Nigeria,5250.377,1787.476,4861.0,81.963,26.167,8.518062909726562e+16,0.243,0.0,0.3333,0.1667,1,0.1026848226912732,0.01,2729568338747434.0,,,
Germany,Bangladesh,5250.377,1413.299,7066.0,81.963,30.983,3.77412153609548e+16,0.3533,0.0,1.0,0.5,1,0.1026848226912732,0.01,1209397343115155.2,,,
Germany,Pakistan,5250.377,1341.17,5103.0,81.963,28.468,6.309440845020129e+16,0.2551,0.0,0.6667,0.3333,1,0.1026848226912732,0.107169635497179,6618809453054678.0,,,
Germany,Japan,5250.377,5710.167,8916.0,81.963,45.151,1.395663964551622e+17,0.4458,0.0,0.0,0.05,1,0.1026848226912732,0.01,2485215878435903.0,16.0,0.5556868577134452,2485215878435903.0
Germany,United Kingdom,5250.377,3602.178,932.0,81.963,64.992,1.1598499461418895e+19,0.0466,0.0,0.3333,0.1667,1,0.1026848226912732,0.0432171177569208,1.9924115490813796e+18,12827.29,2.5786726574160532,1.9924115490813796e+18
Germany,Saudi Arabia,5250.377,2173.214,4164.0,81.963,54.169,2.9217158915872826e+17,0.2082,0.0,1.0,0.5,1,0.1026848226912732,0.01,9362484495606858.0,,,
Germany,West Africa (ECOWAS),5250.377,900.434,5196.0,81.963,60.104,8.626221393242765e+16,0.2598,0.0,0.7111,0.3555,1,0.1026848226912732,2.533527925920729,4.399836891013997e+16,,,
Germany,East Africa,5250.377,1576.319,5350.0,81.963,42.375,1.0042671962448344e+17,0.2675,0.0,0.6894,0.3447,1,0.1026848226912732,2.303405693687899,4.88413459719843e+16,,,
Germany,Southern Africa (SADC),5250.377,1284.21,8869.0,81.963,64.705,4.546006530160318e+16,0.4435,0.0,0.4533,0.2267,1,0.1026848226912732,15.4573865722838,5.7273169565015464e+16,,,
Germany,Central Africa,5250.377,471.023,6336.0,81.963,72.817,3.676636834643446e+16,0.3168,0.0,0.6662,0.3331,1,0.1026848226912732,1.208058214226458,1.2949344773063626e+16,,,
Germany,MENA-other,5250.377,8746.966,3505.0,81.963,69.092,2.1169733640921664e+18,0.1752,0.0,0.7717,0.3859,1,0.1026848226912732,0.0618247892439834,1.6867466052934243e+17,,,
Germany,Central Asia,5250.377,1783.598,3883.0,81.963,72.977,3.714969056970761e+17,0.1941,0.0,0.7486,0.3743,1,0.1026848226912732,1.6043642390614754,1.5078558180624195e+17,,,
Germany,South Asia-other,5250.377,454.619,6401.0,81.963,44.042,2.1029467769809468e+16,0.3201,0.0,0.3333,0.1667,1,0.1026848226912732,0.9163832465357904,6450895111130903.0,,,
Germany,Southeast Asia-other,5250.377,6921.188,9866.0,81.963,100.466,3.0741538775238765e+17,0.4933,0.0,0.5788,0.2894,1,0.1026848226912732,0.3886224314479692,6.141050425943417e+16,,,
Germany,Pacific/Oceania-other,5250.377,320.176,18137.0,81.963,101.415,4247829693612832.0,0.8,0.0,0.4321,0.216,1,0.1026848226912732,16.253867807039022,5487803936311449.0,,,
Germany,Caribbean & Central America,5250.377,4131.411,9727.0,81.963,73.736,1.3855554273259267e+17,0.4864,0.0,0.6082,0.3041,1,0.1026848226912732,1.664261084130132,5.7277988991308296e+16,,,
Germany,Andean & Southern Cone-other,5250.377,2728.156,10150.0,81.963,47.798,5.446891166717092e+16,0.5075,0.0,0.3433,0.1716,1,0.1026848226912732,16.55568657417006,7.101914254817319e+16,,,
Germany,Eastern Europe-other,5250.377,1774.495,517.0,81.963,104.557,2.987133661895847e+19,0.0259,0.0,0.5139,0.257,1,0.1026848226912732,0.2606376651637235,4.886820341176294e+18,,,
Germany,EU-other,5250.377,13437.767,1183.0,81.963,108.192,4.470518551758373e+19,0.0592,0.0,0.113,0.0565,1,0.1026848226912732,0.0784203120070404,4.011671038348047e+18,,,
Germany,Nordics,5250.377,1914.495,811.0,81.963,102.211,1.280310482154453e+19,0.0406,0.0,0.0,0.05,1,0.1026848226912732,0.2021287863665108,1.8445163708405484e+18,,,
Japan,United States,5710.167,24977.118,10906.0,45.151,25.29,1.3692439066157347e+17,0.5453,0.0,0.3333,0.1667,1,0.01,4.98222425257149,2.0000200171030947e+17,134.8,6.54397888942997,2.0000200171030947e+17
Japan,China,5710.167,32004.885,2089.0,45.151,36.105,6.826908375594144e+18,0.1045,0.0,1.0,0.5,1,0.01,0.1831727396433205,6.250804400634525e+16,42.13,0.21393478969691812,6.250804400634525e+16
Japan,India,5710.167,13376.573,5834.0,45.151,44.993,4.5590089853964896e+17,0.2917,0.0,0.6667,0.3333,1,0.01,1.2375989763828106,5.0717801416665176e+16,,,
Japan,Brazil,5710.167,4028.525,17681.0,45.151,33.666,1.1185153625061536e+16,0.8,0.0,0.3333,0.1667,1,0.01,76.47659476447654,9781517233719658.0,,,
Japan,Russia,5710.167,5835.482,7477.0,45.151,40.834,1.0989106602472384e+17,0.3739,0.0,0.6667,0.3333,1,0.01,3.071899161702484,1.9260424914424748e+16,,,
Japan,Ukraine,5710.167,561.23,8198.0,45.151,77.51,1.668765805769623e+16,0.4099,0.0,0.6667,0.3333,1,0.01,9.312299146946048,5092415736652562.0,,,
Japan,Argentina,5710.167,1240.029,18373.0,45.151,26.677,2526520203162408.5,0.8,0.0,0.3333,0.1667,1,0.01,100.0,2526520203162408.5,,,
Japan,Australia,5710.167,1617.856,7951.0,45.151,49.044,3.2359390449239136e+16,0.3976,0.0,0.0,0.05,1,0.01,79.42885847747789,2.883961728446032e+16,,,
Japan,Canada,5710.167,2305.5,10324.0,45.151,66.632,3.715943019267791e+16,0.5162,0.0,0.3333,0.1667,1,0.01,2.910147342926411,8338362385845245.0,5.62,1.3153890757037725,8338362385845245.0
Japan,France,5710.167,3712.391,9712.0,45.151,70.626,7.166661160141763e+16,0.4856,0.0,0.0,0.05,1,0.01,0.3360171579634735,2.247796977678923e+16,15.15,5.410775119350964,2.247796977678923e+16
Japan,Indonesia,5710.167,3905.723,5782.0,45.151,41.336,1.245064240749266e+17,0.2891,0.0,0.6667,0.3333,1,0.01,0.1192907261272955,4300263828401344.5,,,
Japan,Vietnam,5710.167,1359.364,3663.0,45.151,164.818,4.305085981095382e+17,0.1832,0.0,1.0,0.5,1,0.01,0.6765030764157078,2136519899576005.8,1.44,0.06033790468604061,2136519899576005.8
Japan,Thailand,5710.167,1519.479,4599.0,45.151,128.824,2.386052501350454e+17,0.2299,0.0,0.6667,0.3333,1,0.01,1.6743502921052975,8.691481647025168e+16,58.58,2.815079478910801,8.691481647025168e+16
Japan,Egypt,5710.167,1911.761,9562.0,45.151,40.45,2.1805895635671536e+16,0.4781,0.0,0.6667,0.3333,1,0.01,0.01,218058956356715.38,,,
Japan,Nigeria,5710.167,1787.476,12962.0,45.151,26.167,7177233440929816.0,0.6481,0.0,0.3333,0.1667,1,0.01,0.01,71772334409298.16,,,
Japan,Bangladesh,5710.167,1413.299,4880.0,45.151,30.983,4.740591401534978e+16,0.244,0.0,1.0,0.5,1,0.01,0.01,474059140153497.75,,,
Japan,Pakistan,5710.167,1341.17,5972.0,45.151,28.468,2.760014936309862e+16,0.2986,0.0,0.6667,0.3333,1,0.01,0.107169635497179,903539844918560.9,,,
Japan,Germany,5710.167,5250.377,8916.0,45.151,81.963,1.395663964551622e+17,0.4458,0.0,0.0,0.05,1,0.01,0.1026848226912732,2.161742703946001e+16,14.57,4.833592207276336,2.161742703946001e+16
Japan,United Kingdom,5710.167,3602.178,9559.0,45.151,64.992,6.605683007596229e+16,0.4779,0.0,0.3333,0.1667,1,0.01,0.0432171177569208,1373237418514572.0,,,
Japan,Saudi Arabia,5710.167,2173.214,8689.0,45.151,54.169,4.0200258970696936e+16,0.4345,0.0,1.0,0.5,1,0.01,0.01,402002589706969.4,,,
Japan,West Africa (ECOWAS),5710.167,900.434,13469.0,45.151,60.104,7691254815439290.0,0.6734,0.0,0.7111,0.3555,1,0.01,2.533527925920729,1224221628139205.0,,,
Japan,East Africa,5710.167,1576.319,10392.0,45.151,42.375,1.5946581093250098e+16,0.5196,0.0,0.6894,0.3447,1,0.01,2.303405693687899,2420208621769888.5,,,
Japan,Southern Africa (SADC),5710.167,1284.21,13535.0,45.151,64.705,1.1694236313274832e+16,0.6767,0.0,0.4533,0.2267,1,0.01,15.4573865722838,4597692268393870.0,,,
Japan,Central Africa,5710.167,471.023,13362.0,45.151,72.817,4952758557923971.0,0.6681,0.0,0.6662,0.3331,1,0.01,1.208058214226458,544366120572477.2,,,
Japan,MENA-other,5710.167,8746.966,7660.0,45.151,69.092,2.6554792973491456e+17,0.383,0.0,0.7717,0.3859,1,0.01,0.0618247892439834,6602740700293810.0,,,
Japan,Central Asia,5710.167,1783.598,5553.0,45.151,72.977,1.0882875371507016e+17,0.2777,0.0,0.7486,0.3743,1,0.01,1.6043642390614754,1.3784630914221958e+16,,,
Japan,South Asia-other,5710.167,454.619,5151.0,45.151,44.042,1.9455834210468336e+16,0.2576,0.0,0.3333,0.1667,1,0.01,0.9163832465357904,1862466317047544.5,,,
Japan,Southeast Asia-other,5710.167,6921.188,2992.0,45.151,100.466,2.0025974883657905e+18,0.1496,0.0,0.5788,0.2894,1,0.01,0.3886224314479692,1.2484110367919085e+17,,,
Japan,Pacific/Oceania-other,5710.167,320.176,9277.0,45.151,101.415,9727291039164542.0,0.4638,0.0,0.4321,0.216,1,0.01,16.253867807039022,3921663009171691.5,,,
Japan,Caribbean & Central America,5710.167,4131.411,11310.0,45.151,73.736,6.1399600670905496e+16,0.5655,0.0,0.6082,0.3041,1,0.01,1.664261084130132,7920931830032356.0,,,
Japan,Andean & Southern Cone-other,5710.167,2728.156,14440.0,45.151,47.798,1.6123355015251628e+16,0.722,0.0,0.3433,0.1716,1,0.01,16.55568657417006,6560380282393699.0,,,
Japan,Eastern Europe-other,5710.167,1774.495,8578.0,45.151,104.557,6.500887929020496e+16,0.4289,0.0,0.5139,0.257,1,0.01,0.2606376651637235,3318877840380128.0,,,
Japan,EU-other,5710.167,13437.767,9852.0,45.151,108.192,3.861780677630567e+17,0.4926,0.0,0.113,0.0565,1,0.01,0.0784203120070404,1.0814386530157456e+16,,,
Japan,Nordics,5710.167,1914.495,8169.0,45.151,102.211,7.560112154372312e+16,0.4084,0.0,0.0,0.05,1,0.01,0.2021287863665108,3398930798322052.5,,,
United Kingdom,United States,3602.178,24977.118,5898.0,64.992,25.29,4.251233052104192e+17,0.2949,0.3333,0.3333,0.3333,1,0.0432171177569208,4.98222425257149,4.647377341712189e+16,29.36,0.2355881746197422,4.647377341712189e+16
United Kingdom,China,3602.178,32004.885,8141.0,64.992,36.105,4.0818598675959846e+17,0.4071,0.3333,1.0,0.6667,1,0.0432171177569208,0.1831727396433205,2.4139136396836136e+16,15.25,0.664668837011028,2.4139136396836136e+16
United Kingdom,India,3602.178,13376.573,6711.0,64.992,44.993,3.128538231311034e+17,0.3356,0.3333,0.6667,0.5,1,0.0432171177569208,1.2375989763828106,7.235346545209638e+16,,,
United Kingdom,Brazil,3602.178,4028.525,8792.0,64.992,33.666,4.10764487023625e+16,0.4396,0.3333,0.3333,0.3333,1,0.0432171177569208,76.47659476447654,7.467669003223917e+16,,,
United Kingdom,Russia,3602.178,5835.482,2501.0,64.992,40.834,8.91871755625266e+17,0.125,0.3333,0.6667,0.5,1,0.0432171177569208,3.071899161702484,4875314105065921.0,3.08,0.015002678872743256,4875314105065921.0
United Kingdom,Ukraine,3602.178,561.23,2133.0,64.992,77.51,2.238422979619211e+17,0.1066,0.3333,0.6667,0.5,1,0.0432171177569208,9.312299146946048,1.4200332541100866e+17,,,
United Kingdom,Argentina,3602.178,1240.029,11128.0,64.992,26.677,6254049839884396.0,0.5564,0.3333,0.3333,0.3333,1,0.0432171177569208,100.0,3.4469103880492037e+18,2177.6,265.1189403329644,3.4469103880492037e+18
United Kingdom,Australia,3602.178,1617.856,16982.0,64.992,49.044,6441378398059581.0,0.8,0.3333,0.0,0.1667,1,0.0432171177569208,79.42885847747789,6331576759825871.0,4.0,0.5305373986134327,6331576759825871.0
United Kingdom,Canada,3602.178,2305.5,5361.0,64.992,66.632,1.2513709521180995e+17,0.2681,0.3333,0.3333,0.3333,1,0.0432171177569208,2.910147342926411,3.007498960917289e+16,19.0,0.677694603853664,3.007498960917289e+16
United Kingdom,France,3602.178,3712.391,344.0,64.992,70.626,5.1871640136942895e+19,0.02,0.3333,0.0,0.1667,1,0.0432171177569208,0.3360171579634735,2.578661266974282e+18,1629.0799999999997,0.4125301454019849,2.578661266974282e+18
United Kingdom,Indonesia,3602.178,3905.723,11718.0,64.992,41.336,2.752666476056908e+16,0.5859,0.3333,0.6667,0.5,1,0.0432171177569208,0.1192907261272955,1976445460327692.2,,,
United Kingdom,Vietnam,3602.178,1359.364,9234.0,64.992,164.818,6.151606864737618e+16,0.4617,0.3333,1.0,0.6667,1,0.0432171177569208,0.6765030764157078,4748682569869403.0,3.0,0.45146260079015565,4748682569869403.0
United Kingdom,Thailand,3602.178,1519.479,9532.0,64.992,128.824,5.043724932550554e+16,0.4766,0.3333,0.6667,0.5,1,0.0432171177569208,1.6743502921052975,316578837991293.5,0.2,0.023333475221664998,316578837991293.5
United Kingdom,Egypt,3602.178,1911.761,3511.0,64.992,40.45,1.4686638168727856e+17,0.1756,0.3333,0.6667,0.5,1,0.0432171177569208,0.01,47486825698694.016,0.03,0.015553310587325285,47486825698694.016
United Kingdom,Nigeria,3602.178,1787.476,4768.0,64.992,26.167,4.816607517431009e+16,0.2384,0.3333,0.3333,0.3333,1,0.0432171177569208,0.01,6.654487174576987e+16,42.04,66.45771936481245,6.654487174576987e+16
United Kingdom,Bangladesh,3602.178,1413.299,7995.0,64.992,30.983,1.6037913940004284e+16,0.3997,0.3333,1.0,0.6667,1,0.0432171177569208,0.01,333407817359748.1,,,
United Kingdom,Pakistan,3602.178,1341.17,6034.0,64.992,28.468,2.455008867689117e+16,0.3017,0.3333,0.6667,0.5,1,0.0432171177569208,0.107169635497179,316578837991293.6,0.2,0.18948072551985062,316578837991293.6
United Kingdom,Germany,3602.178,5250.377,932.0,64.992,81.963,1.1598499461418895e+19,0.0466,0.3333,0.0,0.1667,1,0.0432171177569208,0.1026848226912732,1.1600240071095972e+18,732.8499999999999,1.5013575837074933,1.1600240071095972e+18
United Kingdom,Japan,3602.178,5710.167,9559.0,64.992,45.151,6.605683007596228e+16,0.4779,0.3333,0.0,0.1667,1,0.0432171177569208,0.01,1582894189956467.8,1.0,1.1526733604948527,1582894189956467.8
United Kingdom,Saudi Arabia,3602.178,2173.214,4939.0,64.992,54.169,1.12980382143482e+17,0.247,0.3333,1.0,0.6667,1,0.0432171177569208,0.01,3.1384043104266874e+17,198.27,133.62199529220388,3.1384043104266874e+17
United Kingdom,West Africa (ECOWAS),3602.178,900.434,5012.0,64.992,60.104,5.043806623136706e+16,0.2506,0.3333,0.7111,0.5222,1,0.0432171177569208,2.533527925920729,1.6689724784788778e+16,,,
United Kingdom,East Africa,3602.178,1576.319,5897.0,64.992,42.375,4.496931298432083e+16,0.2949,0.3333,0.6894,0.5114,1,0.0432171177569208,2.303405693687899,1.4188267583793356e+16,,,
United Kingdom,Southern Africa (SADC),3602.178,1284.21,9070.0,64.992,64.705,2.364756664900517e+16,0.4535,0.3333,0.4533,0.3933,1,0.0432171177569208,15.4573865722838,1.9327798623738896e+16,,,
United Kingdom,Central Africa,3602.178,471.023,6391.0,64.992,72.817,1.965916660604125e+16,0.3196,0.3333,0.6662,0.4998,1,0.0432171177569208,1.208058214226458,4491970901625228.5,,,
United Kingdom,MENA-other,3602.178,8746.966,4397.0,64.992,69.092,7.318130914720099e+17,0.2198,0.3333,0.7717,0.5525,1,0.0432171177569208,0.0618247892439834,3.782765298704899e+16,,,
United Kingdom,Central Asia,3602.178,1783.598,4767.0,64.992,72.977,1.3409770500454506e+17,0.2384,0.3333,0.7486,0.541,1,0.0432171177569208,1.6043642390614754,3.5310245048948748e+16,,,
United Kingdom,South Asia-other,3602.178,454.619,7332.0,64.992,44.042,8719682875202882.0,0.3666,0.3333,0.3333,0.3333,1,0.0432171177569208,0.9163832465357904,1735270407320416.5,,,
United Kingdom,Southeast Asia-other,3602.178,6921.188,10735.0,64.992,100.466,1.4126201419842093e+17,0.5367,0.3333,0.5788,0.4561,1,0.0432171177569208,0.3886224314479692,1.8307001893165224e+16,,,
United Kingdom,Pacific/Oceania-other,3602.178,320.176,18814.0,64.992,101.415,2147619755651556.0,0.8,0.3333,0.4321,0.3827,1,0.0432171177569208,16.253867807039022,1799963306146987.5,,,
United Kingdom,Caribbean & Central America,3602.178,4131.411,8929.0,64.992,73.736,8.945358636070454e+16,0.4465,0.3333,0.6082,0.4708,1,0.0432171177569208,1.664261084130132,2.3990339044710364e+16,,,
United Kingdom,Andean & Southern Cone-other,3602.178,2728.156,9220.0,64.992,47.798,3.5912083935956376e+16,0.461,0.3333,0.3433,0.3383,1,0.0432171177569208,16.55568657417006,3.037680582887865e+16,,,
United Kingdom,Eastern Europe-other,3602.178,1774.495,1449.0,64.992,104.557,2.06881015071154e+18,0.0725,0.3333,0.5139,0.4236,1,0.0432171177569208,0.2606376651637235,2.1956702951111827e+17,,,
United Kingdom,EU-other,3602.178,13437.767,1434.0,64.992,108.192,1.6552010581837728e+19,0.0717,0.3333,0.113,0.2232,1,0.0432171177569208,0.0784203120070404,9.635914503447583e+17,,,
United Kingdom,Nordics,3602.178,1914.495,1433.0,64.992,102.211,2.230931810386544e+18,0.0717,0.3333,0.0,0.1667,1,0.0432171177569208,0.2021287863665108,2.0851066817068605e+17,,,
Saudi Arabia,United States,2173.214,24977.118,10837.0,54.169,25.29,6.33187155398037e+16,0.5419,1.0,0.3333,0.6667,1,0.01,4.98222425257149,1.4133305027339442e+16,,,
Saudi Arabia,China,2173.214,32004.885,6601.0,54.169,36.105,3.121906759915333e+17,0.3301,1.0,1.0,0.9,1,0.01,0.1831727396433205,1.3361350251083878e+16,,,
Saudi Arabia,India,2173.214,13376.573,3057.0,54.169,44.993,7.581425291661722e+17,0.1529,1.0,0.6667,0.8333,1,0.01,1.2375989763828106,8.434140481614811e+16,,,
Saudi Arabia,Brazil,2173.214,4028.525,11182.0,54.169,33.666,1.2768946440141296e+16,0.5591,1.0,0.3333,0.6667,1,0.01,76.47659476447654,1.1166558265309316e+16,,,
Saudi Arabia,Russia,2173.214,5835.482,3530.0,54.169,40.834,2.251159030756115e+17,0.1765,1.0,0.6667,0.8333,1,0.01,3.071899161702484,3.945569103183727e+16,,,
Saudi Arabia,Ukraine,2173.214,561.23,3180.0,54.169,77.51,5.064020086112942e+16,0.159,1.0,0.6667,0.8333,1,0.01,9.312299146946048,1.5453394052110818e+16,,,
Saudi Arabia,Argentina,2173.214,1240.029,12851.0,54.169,26.677,2358020181482057.0,0.6425,1.0,0.3333,0.6667,1,0.01,100.0,2358020181482057.0,,,
Saudi Arabia,Australia,2173.214,1617.856,12639.0,54.169,49.044,5847319855669492.0,0.632,1.0,0.0,0.5,1,0.01,79.42885847747789,5211299237600410.0,,,
Saudi Arabia,Canada,2173.214,2305.5,10285.0,54.169,66.632,1.7096014794662776e+16,0.5142,1.0,0.3333,0.6667,1,0.01,2.910147342926411,2916435487159176.0,,,
Saudi Arabia,France,2173.214,3712.391,4677.0,54.169,70.626,1.4110354297475936e+17,0.2339,1.0,0.0,0.5,1,0.01,0.3360171579634735,8179347238565669.0,,,
Saudi Arabia,Indonesia,2173.214,3905.723,7358.0,54.169,41.336,3.510482457671565e+16,0.3679,1.0,0.6667,0.8333,1,0.01,0.1192907261272955,1212467617243418.5,,,
Saudi Arabia,Vietnam,2173.214,1359.364,6029.0,54.169,164.818,7.256104666974787e+16,0.3014,1.0,1.0,0.9,1,0.01,0.6765030764157078,5968132089871383.0,,,
Saudi Arabia,Thailand,2173.214,1519.479,5745.0,54.169,128.824,6.9817643764169736e+16,0.2873,1.0,0.6667,0.8333,1,0.01,1.6743502921052975,9034171882069826.0,,,
Saudi Arabia,Egypt,2173.214,1911.761,1634.0,54.169,40.45,3.4096181404140294e+17,0.0817,1.0,0.6667,0.8333,1,0.01,0.01,3409618140414029.5,,,
Saudi Arabia,Nigeria,2173.214,1787.476,4504.0,54.169,26.167,2.71420584859924e+16,0.2252,1.0,0.3333,0.6667,1,0.01,0.01,271420584859924.0,,,
Saudi Arabia,Bangladesh,2173.214,1413.299,4416.0,54.169,30.983,2.643336655858326e+16,0.2208,1.0,1.0,0.9,1,0.01,0.01,264333665585832.6,,,
Saudi Arabia,Pakistan,2173.214,1341.17,2738.0,54.169,28.468,5.995461000400518e+16,0.1369,1.0,0.6667,0.8333,1,0.01,0.107169635497179,1962720502433176.5,,,
Saudi Arabia,Germany,2173.214,5250.377,4164.0,54.169,81.963,2.9217158915872826e+17,0.2082,1.0,0.0,0.5,1,0.01,0.1026848226912732,9362484495606858.0,,,
Saudi Arabia,Japan,2173.214,5710.167,8689.0,54.169,45.151,4.0200258970696936e+16,0.4345,1.0,0.0,0.5,1,0.01,0.01,402002589706969.4,,,
Saudi Arabia,United Kingdom,2173.214,3602.178,4939.0,54.169,64.992,1.1298038214348198e+17,0.247,1.0,0.3333,0.6667,1,0.01,0.0432171177569208,2348718340542394.0,,,
Saudi Arabia,West Africa (ECOWAS),2173.214,900.434,5028.0,54.169,60.104,2.520088585573781e+16,0.2514,1.0,0.7111,0.8555,1,0.01,2.533527925920729,4011240071116992.0,,,
Saudi Arabia,East Africa,2173.214,1576.319,1936.0,54.169,42.375,2.0979425696339386e+17,0.0968,1.0,0.6894,0.8447,1,0.01,2.303405693687899,3.184042187673275e+16,,,
Saudi Arabia,Southern Africa (SADC),2173.214,1284.21,6005.0,54.169,64.705,2.7126939691253696e+16,0.3003,1.0,0.4533,0.7267,1,0.01,15.4573865722838,1.06651958744912e+16,,,
Saudi Arabia,Central Africa,2173.214,471.023,4694.0,54.169,72.817,1.8324931540175508e+16,0.2347,1.0,0.6662,0.8331,1,0.01,1.208058214226458,2014124406755444.8,,,
Saudi Arabia,MENA-other,2173.214,8746.966,1301.0,54.169,69.092,4.203241133442259e+18,0.065,1.0,0.7717,0.8859,1,0.01,0.0618247892439834,1.0451187223576875e+17,,,
Saudi Arabia,Central Asia,2173.214,1783.598,3621.0,54.169,72.977,1.1686390456385582e+17,0.181,1.0,0.7486,0.8743,1,0.01,1.6043642390614754,1.4802391248780212e+16,,,
Saudi Arabia,South Asia-other,2173.214,454.619,3854.0,54.169,44.042,1.5868942095023762e+16,0.1927,1.0,0.3333,0.6667,1,0.01,0.9163832465357904,1519100636828884.8,,,
Saudi Arabia,Southeast Asia-other,2173.214,6921.188,7776.0,54.169,100.466,1.3537634396030835e+17,0.3888,1.0,0.5788,0.7894,1,0.01,0.3886224314479692,8439305596977578.0,,,
Saudi Arabia,Pacific/Oceania-other,2173.214,320.176,14921.0,54.169,101.415,1716918190788267.0,0.746,1.0,0.4321,0.716,1,0.01,16.253867807039022,692194212291876.8,,,
Saudi Arabia,Caribbean & Central America,2173.214,4131.411,13868.0,54.169,73.736,1.864668051867716e+16,0.6934,1.0,0.6082,0.8041,1,0.01,1.664261084130132,2405538205964621.0,,,
Saudi Arabia,Andean & Southern Cone-other,2173.214,2728.156,13523.0,54.169,47.798,8394254777862410.0,0.6762,1.0,0.3433,0.6716,1,0.01,16.55568657417006,3415511441507400.0,,,
Saudi Arabia,Eastern Europe-other,2173.214,1774.495,3747.0,54.169,104.557,1.555664052015534e+17,0.1873,1.0,0.5139,0.757,1,0.01,0.2606376651637235,7942082690369106.0,,,
Saudi Arabia,EU-other,2173.214,13437.767,3671.0,54.169,108.192,1.270006904420168e+18,0.1835,1.0,0.113,0.5565,1,0.01,0.0784203120070404,3.5564799523507044e+16,,,
Saudi Arabia,Nordics,2173.214,1914.495,4444.0,54.169,102.211,1.1664237915090824e+17,0.2222,1.0,0.0,0.5,1,0.01,0.2021287863665108,5244093828109309.0,,,
West Africa (ECOWAS),United States,900.434,24977.118,8724.0,60.104,25.29,4.491779097595952e+16,0.4362,0.7111,0.3333,0.5222,1,2.533527925920729,4.98222425257149,1.5958529597268243e+17,,,
West Africa (ECOWAS),China,900.434,32004.885,11455.0,60.104,36.105,4.7659410596835416e+16,0.5727,0.7111,1.0,0.8555,1,2.533527925920729,0.1831727396433205,3.2466983140541212e+16,,,
West Africa (ECOWAS),India,900.434,13376.573,8084.0,60.104,44.993,4.984121124862499e+16,0.4042,0.7111,0.6667,0.6889,1,2.533527925920729,1.2375989763828106,8.825542418549659e+16,,,
West Africa (ECOWAS),Brazil,900.434,4028.525,6164.0,60.104,33.666,1.93182704436672e+16,0.3082,0.7111,0.3333,0.5222,1,2.533527925920729,76.47659476447654,2.6890282234516464e+17,,,
West Africa (ECOWAS),Russia,900.434,5835.482,6250.0,60.104,40.834,3.301376176673656e+16,0.3125,0.7111,0.6667,0.6889,1,2.533527925920729,3.071899161702484,9.210036229158034e+16,,,
West Africa (ECOWAS),Ukraine,900.434,561.23,5495.0,60.104,77.51,7796752112742333.0,0.2747,0.7111,0.6667,0.6889,1,2.533527925920729,9.312299146946048,3.7870848343383624e+16,,,
West Africa (ECOWAS),Argentina,900.434,1240.029,7916.0,60.104,26.677,2856993513906860.0,0.3958,0.7111,0.3333,0.5222,1,2.533527925920729,100.0,4.547493660146582e+16,,,
West Africa (ECOWAS),Australia,900.434,1617.856,15278.0,60.104,49.044,1839707283752900.0,0.7639,0.7111,0.0,0.3555,1,2.533527925920729,79.42885847747789,2.6097609963980972e+16,,,
West Africa (ECOWAS),Canada,900.434,2305.5,8640.0,60.104,66.632,1.1137185483760474e+16,0.432,0.7111,0.3333,0.5222,1,2.533527925920729,2.910147342926411,3.0240975030959904e+16,,,
West Africa (ECOWAS),France,900.434,3712.391,4708.0,60.104,70.626,6.401757377689599e+16,0.2354,0.7111,0.0,0.3555,1,2.533527925920729,0.3360171579634735,5.9066710566152184e+16,,,
West Africa (ECOWAS),Indonesia,900.434,3905.723,11567.0,60.104,41.336,6530468869708427.0,0.5784,0.7111,0.6667,0.6889,1,2.533527925920729,0.1192907261272955,3590133121712557.0,,,
West Africa (ECOWAS),Vietnam,900.434,1359.364,11026.0,60.104,164.818,9973729620176032.0,0.5513,0.7111,1.0,0.8555,1,2.533527925920729,0.6765030764157078,1.3057358448528142e+16,,,
West Africa (ECOWAS),Thailand,900.434,1519.479,10599.0,60.104,128.824,9430070298140380.0,0.53,0.7111,0.6667,0.6889,1,2.533527925920729,1.6743502921052975,1.9422312576454536e+16,,,
West Africa (ECOWAS),Egypt,900.434,1911.761,3913.0,60.104,40.45,2.733314543305931e+16,0.1956,0.7111,0.6667,0.6889,1,2.533527925920729,0.01,4350633103073748.5,,,
West Africa (ECOWAS),Nigeria,900.434,1787.476,526.0,60.104,26.167,9.148871292531364e+17,0.0263,0.7111,0.3333,0.5222,1,2.533527925920729,0.01,1.45623131441382e+17,,,
West Africa (ECOWAS),Bangladesh,900.434,1413.299,9415.0,60.104,30.983,2673433709424796.0,0.4708,0.7111,1.0,0.8555,1,2.533527925920729,0.01,425532042171369.2,,,
West Africa (ECOWAS),Pakistan,900.434,1341.17,7728.0,60.104,28.468,3459829550288865.0,0.3864,0.7111,0.6667,0.6889,1,2.533527925920729,0.107169635497179,1802824404045906.5,,,
West Africa (ECOWAS),Germany,900.434,5250.377,5196.0,60.104,81.963,8.626221393242765e+16,0.2598,0.7111,0.0,0.3555,1,2.533527925920729,0.1026848226912732,4.399836891013997e+16,,,
West Africa (ECOWAS),Japan,900.434,5710.167,13469.0,60.104,45.151,7691254815439290.0,0.6734,0.7111,0.0,0.3555,1,2.533527925920729,0.01,1224221628139205.0,,,
West Africa (ECOWAS),United Kingdom,900.434,3602.178,5012.0,60.104,64.992,5.043806623136706e+16,0.2506,0.7111,0.3333,0.5222,1,2.533527925920729,0.0432171177569208,1.6689724784788778e+16,,,
West Africa (ECOWAS),Saudi Arabia,900.434,2173.214,5028.0,60.104,54.169,2.520088585573781e+16,0.2514,0.7111,1.0,0.8555,1,2.533527925920729,0.01,4011240071116992.0,,,
West Africa (ECOWAS),East Africa,900.434,1576.319,3905.0,60.104,42.375,2.3706185884580984e+16,0.1953,0.7111,0.6894,0.7002,1,2.533527925920729,2.303405693687899,5.726770133094833e+16,,,
West Africa (ECOWAS),Southern Africa (SADC),900.434,1284.21,4508.0,60.104,64.705,2.212883095450274e+16,0.2254,0.7111,0.4533,0.5822,1,2.533527925920729,15.4573865722838,1.38480732836034e+17,,,
West Africa (ECOWAS),Central Africa,900.434,471.023,1797.0,60.104,72.817,5.7481995680624456e+16,0.0898,0.7111,0.6662,0.6887,1,2.533527925920729,1.208058214226458,1.0056309172737888e+17,,,
West Africa (ECOWAS),MENA-other,900.434,8746.966,5859.0,60.104,69.092,9.52777215981031e+16,0.2929,0.7111,0.7717,0.7414,1,2.533527925920729,0.0618247892439834,3.770817668317992e+16,,,
West Africa (ECOWAS),Central Asia,900.434,1783.598,7926.0,60.104,72.977,1.1213179302512116e+16,0.3963,0.7111,0.7486,0.7298,1,2.533527925920729,1.6043642390614754,2.2607008682571896e+16,,,
West Africa (ECOWAS),South Asia-other,900.434,454.619,8880.0,60.104,44.042,1374184118492788.2,0.444,0.7111,0.3333,0.5222,1,2.533527925920729,0.9163832465357904,2093853746034441.8,,,
West Africa (ECOWAS),Southeast Asia-other,900.434,6921.188,12747.0,60.104,100.466,2.3160011672407804e+16,0.6373,0.7111,0.5788,0.645,1,2.533527925920729,0.3886224314479692,2.298082174648924e+16,,,
West Africa (ECOWAS),Pacific/Oceania-other,900.434,320.176,16057.0,60.104,101.415,681578854950588.8,0.8,0.7111,0.4321,0.5716,1,2.533527925920729,16.253867807039022,4373783864453219.0,,,
West Africa (ECOWAS),Caribbean & Central America,900.434,4131.411,11065.0,60.104,73.736,1.3465603425584496e+16,0.5533,0.7111,0.6082,0.6597,1,2.533527925920729,1.664261084130132,2.7650271296015724e+16,,,
West Africa (ECOWAS),Andean & Southern Cone-other,900.434,2728.156,9109.0,60.104,47.798,8505234634597746.0,0.4555,0.7111,0.3433,0.5272,1,2.533527925920729,16.55568657417006,5.508365440078545e+16,,,
West Africa (ECOWAS),Eastern Europe-other,900.434,1774.495,5332.0,60.104,104.557,3.5318510651883788e+16,0.2666,0.7111,0.5139,0.6125,1,2.533527925920729,0.2606376651637235,2.8700126938868456e+16,,,
West Africa (ECOWAS),EU-other,900.434,13437.767,4036.0,60.104,108.192,4.830276551531254e+17,0.2018,0.7111,0.113,0.412,1,2.533527925920729,0.0784203120070404,2.1530252704005658e+17,,,
West Africa (ECOWAS),Nordics,900.434,1914.495,6003.0,60.104,102.211,2.938781138011612e+16,0.3001,0.7111,0.0,0.3555,1,2.533527925920729,0.2021287863665108,2.103023742578763e+16,,,
East Africa,United States,1576.319,24977.118,11524.0,42.375,25.29,3.1771751745596244e+16,0.5762,0.6894,0.3333,0.5114,1,2.303405693687899,4.98222425257149,1.0763115833011184e+17,,,
East Africa,China,1576.319,32004.885,8315.0,42.375,36.105,1.1163806570725754e+17,0.4158,0.6894,1.0,0.8447,1,2.303405693687899,0.1831727396433205,7.25150150799196e+16,,,
East Africa,India,1576.319,13376.573,4566.0,42.375,44.993,1.9282677574213062e+17,0.2283,0.6894,0.6667,0.678,1,2.303405693687899,1.2375989763828106,3.255686121689891e+17,,,
East Africa,Brazil,1576.319,4028.525,9924.0,42.375,33.666,9198519779300852.0,0.4962,0.6894,0.3333,0.5114,1,2.303405693687899,76.47659476447654,1.2208644156124752e+17,,,
East Africa,Russia,1576.319,5835.482,5197.0,42.375,40.834,5.893151012633226e+16,0.2599,0.6894,0.6667,0.678,1,2.303405693687899,3.071899161702484,1.567603649222021e+17,,,
East Africa,Ukraine,1576.319,561.23,4668.0,42.375,77.51,1.3334765459103614e+16,0.2334,0.6894,0.6667,0.678,1,2.303405693687899,9.312299146946048,6.1758829852398344e+16,,,
East Africa,Argentina,1576.319,1240.029,11225.0,42.375,26.677,1753662770400667.2,0.5613,0.6894,0.3333,0.5114,1,2.303405693687899,100.0,2.661529597963209e+16,,,
East Africa,Australia,1576.319,1617.856,12432.0,42.375,49.044,3429238511111366.0,0.6216,0.6894,0.0,0.3447,1,2.303405693687899,79.42885847747789,4.638441363309463e+16,,,
East Africa,Canada,1576.319,2305.5,11129.0,42.375,66.632,8284925525207155.0,0.5565,0.6894,0.3333,0.5114,1,2.303405693687899,2.910147342926411,2.145019852094614e+16,,,
East Africa,France,1576.319,3712.391,5573.0,42.375,70.626,5.6388687865327896e+16,0.2787,0.6894,0.0,0.3447,1,2.303405693687899,0.3360171579634735,4.960871000243318e+16,,,
East Africa,Indonesia,1576.319,3905.723,7734.0,42.375,41.336,1.802915843745852e+16,0.3867,0.6894,0.6667,0.678,1,2.303405693687899,0.1192907261272955,9450700806602090.0,,,
East Africa,Vietnam,1576.319,1359.364,7280.0,42.375,164.818,2.823766387644957e+16,0.364,0.6894,1.0,0.8447,1,2.303405693687899,0.6765030764157078,3.524916797453054e+16,,,
East Africa,Thailand,1576.319,1519.479,6736.0,42.375,128.824,2.881631969222973e+16,0.3368,0.6894,0.6667,0.678,1,2.303405693687899,1.6743502921052975,5.659093803765582e+16,,,
East Africa,Egypt,1576.319,1911.761,2464.0,42.375,40.45,8.50796818035905e+16,0.1232,0.6894,0.6667,0.678,1,2.303405693687899,0.01,1.2912522015496268e+16,,,
East Africa,Nigeria,1576.319,1787.476,3441.0,42.375,26.167,2.638563904593382e+16,0.1721,0.6894,0.3333,0.5114,1,2.303405693687899,0.01,4004541834795392.0,,,
East Africa,Bangladesh,1576.319,1413.299,5716.0,42.375,30.983,8952072366620274.0,0.2858,0.6894,1.0,0.8447,1,2.303405693687899,0.01,1358653782758057.0,,,
East Africa,Pakistan,1576.319,1341.17,4449.0,42.375,28.468,1.2884336981679436e+16,0.2225,0.6894,0.6667,0.678,1,2.303405693687899,0.107169635497179,6401520930482068.0,,,
East Africa,Germany,1576.319,5250.377,5350.0,42.375,81.963,1.0042671962448344e+17,0.2675,0.6894,0.0,0.3447,1,2.303405693687899,0.1026848226912732,4.88413459719843e+16,,,
East Africa,Japan,1576.319,5710.167,10392.0,42.375,45.151,1.5946581093250096e+16,0.5196,0.6894,0.0,0.3447,1,2.303405693687899,0.01,2420208621769888.5,,,
East Africa,United Kingdom,1576.319,3602.178,5897.0,42.375,64.992,4.496931298432083e+16,0.2949,0.6894,0.3333,0.5114,1,2.303405693687899,0.0432171177569208,1.4188267583793356e+16,,,
East Africa,Saudi Arabia,1576.319,2173.214,1936.0,42.375,54.169,2.0979425696339386e+17,0.0968,0.6894,1.0,0.8447,1,2.303405693687899,0.01,3.184042187673275e+16,,,
East Africa,West Africa (ECOWAS),1576.319,900.434,3905.0,42.375,60.104,2.3706185884580988e+16,0.1953,0.6894,0.7111,0.7002,1,2.303405693687899,2.533527925920729,5.726770133094834e+16,,,
East Africa,Southern Africa (SADC),1576.319,1284.21,4084.0,42.375,64.705,3.327765960838925e+16,0.2042,0.6894,0.4533,0.5713,1,2.303405693687899,15.4573865722838,1.985665212157446e+17,,,
East Africa,Central Africa,1576.319,471.023,3003.0,42.375,72.817,2.5404770944470576e+16,0.1502,0.6894,0.6662,0.6778,1,2.303405693687899,1.208058214226458,4.237838800266595e+16,,,
East Africa,MENA-other,1576.319,8746.966,3230.0,42.375,69.092,3.8692899076183526e+17,0.1615,0.6894,0.7717,0.7306,1,2.303405693687899,0.0618247892439834,1.4601511366441197e+17,,,
East Africa,Central Asia,1576.319,1783.598,5556.0,42.375,72.977,2.8165040794791804e+16,0.2778,0.6894,0.7486,0.719,1,2.303405693687899,1.6043642390614754,5.4143595087048056e+16,,,
East Africa,South Asia-other,1576.319,454.619,5296.0,42.375,44.042,4768401981678778.0,0.2648,0.6894,0.3333,0.5114,1,2.303405693687899,0.9163832465357904,6927820844554175.0,,,
East Africa,Southeast Asia-other,1576.319,6921.188,8928.0,42.375,100.466,5.826990880372848e+16,0.4464,0.6894,0.5788,0.6341,1,2.303405693687899,0.3886224314479692,5.51306977057296e+16,,,
East Africa,Pacific/Oceania-other,1576.319,320.176,14412.0,42.375,101.415,1044225687454307.8,0.7206,0.6894,0.4321,0.5607,1,2.303405693687899,16.253867807039022,6389368732163326.0,,,
East Africa,Caribbean & Central America,1576.319,4131.411,14421.0,42.375,73.736,9784437395367816.0,0.721,0.6894,0.6082,0.6488,1,2.303405693687899,1.664261084130132,1.9157189968132876e+16,,,
East Africa,Andean & Southern Cone-other,1576.319,2728.156,12997.0,42.375,47.798,5156314771191095.0,0.6499,0.6894,0.3433,0.5163,1,2.303405693687899,16.55568657417006,3.1841845977965804e+16,,,
East Africa,Eastern Europe-other,1576.319,1774.495,5066.0,42.375,104.557,4.828922641163997e+16,0.2533,0.6894,0.5139,0.6016,1,2.303405693687899,0.2606376651637235,3.7415715475675784e+16,,,
East Africa,EU-other,1576.319,13437.767,4468.0,42.375,108.192,4.8645865950887e+17,0.2234,0.6894,0.113,0.4012,1,2.303405693687899,0.0784203120070404,2.067499626035361e+17,,,
East Africa,Nordics,1576.319,1914.495,5858.0,42.375,102.211,3.80893140732605e+16,0.2929,0.6894,0.0,0.3447,1,2.303405693687899,0.2021287863665108,2.59897710666924e+16,,,
Southern Africa (SADC),United States,1284.21,24977.118,13046.0,64.705,25.29,3.084007569409863e+16,0.6523,0.4533,0.3333,0.3933,1,15.4573865722838,4.98222425257149,2.7064194456052362e+17,,,
Southern Africa (SADC),China,1284.21,32004.885,11707.0,64.705,36.105,7.005967164156301e+16,0.5854,0.4533,1.0,0.7267,1,15.4573865722838,0.1831727396433205,1.17887172723536e+17,,,
Southern Africa (SADC),India,1284.21,13376.573,8042.0,64.705,44.993,7.732742354640952e+16,0.4021,0.4533,0.6667,0.56,1,15.4573865722838,1.2375989763828106,3.3821397225627674e+17,,,
Southern Africa (SADC),Brazil,1284.21,4028.525,7864.0,64.705,33.666,1.8223297790155804e+16,0.3932,0.4533,0.3333,0.3933,1,15.4573865722838,76.47659476447654,6.265551114231132e+17,,,
Southern Africa (SADC),Russia,1284.21,5835.482,9159.0,64.705,40.834,2.360366323452097e+16,0.458,0.4533,0.6667,0.56,1,15.4573865722838,3.071899161702484,1.6264882175975178e+17,,,
Southern Africa (SADC),Ukraine,1284.21,561.23,8527.0,64.705,77.51,4971381298361562.0,0.4264,0.4533,0.6667,0.56,1,15.4573865722838,9.312299146946048,5.964493474057553e+16,,,
Southern Africa (SADC),Argentina,1284.21,1240.029,8088.0,64.705,26.677,4202028758516076.0,0.4044,0.4533,0.3333,0.3933,1,15.4573865722838,100.0,1.6520647109437296e+17,,,
Southern Africa (SADC),Australia,1284.21,1617.856,10794.0,64.705,49.044,5658970002261031.0,0.5397,0.4533,0.0,0.2267,1,15.4573865722838,79.42885847747789,1.982871572149984e+17,,,
Southern Africa (SADC),Canada,1284.21,2305.5,13083.0,64.705,66.632,7457765697073043.0,0.6542,0.4533,0.3333,0.3933,1,15.4573865722838,2.910147342926411,5.0018913992047096e+16,,,
Southern Africa (SADC),France,1284.21,3712.391,8728.0,64.705,70.626,2.859980841499612e+16,0.4364,0.4533,0.0,0.2267,1,15.4573865722838,0.3360171579634735,6.517962914856027e+16,,,
Southern Africa (SADC),Indonesia,1284.21,3905.723,8588.0,64.705,41.336,1.818956207268159e+16,0.4294,0.4533,0.6667,0.56,1,15.4573865722838,0.1192907261272955,2.469981033721427e+16,,,
Southern Africa (SADC),Vietnam,1284.21,1359.364,9888.0,64.705,164.818,1.90413235010701e+16,0.4944,0.4533,1.0,0.7267,1,15.4573865722838,0.6765030764157078,6.157438085586345e+16,,,
Southern Africa (SADC),Thailand,1284.21,1519.479,8998.0,64.705,128.824,2.0089689152621424e+16,0.4499,0.4533,0.6667,0.56,1,15.4573865722838,1.6743502921052975,1.0220318079443198e+17,,,
Southern Africa (SADC),Egypt,1284.21,1911.761,6264.0,64.705,40.45,1.6376696097219932e+16,0.3132,0.4533,0.6667,0.56,1,15.4573865722838,0.01,6438642679261770.0,,,
Southern Africa (SADC),Nigeria,1284.21,1787.476,4513.0,64.705,26.167,1.908221651538235e+16,0.2256,0.4533,0.3333,0.3933,1,15.4573865722838,0.01,7502341921806294.0,,,
Southern Africa (SADC),Bangladesh,1284.21,1413.299,8709.0,64.705,30.983,4797267849463292.0,0.4355,0.4533,1.0,0.7267,1,15.4573865722838,0.01,1886088215598513.2,,,
Southern Africa (SADC),Pakistan,1284.21,1341.17,8180.0,64.705,28.468,4741358598938961.0,0.409,0.4533,0.6667,0.56,1,15.4573865722838,0.107169635497179,6102484909030608.0,,,
Southern Africa (SADC),Germany,1284.21,5250.377,8869.0,64.705,81.963,4.546006530160319e+16,0.4435,0.4533,0.0,0.2267,1,15.4573865722838,0.1026848226912732,5.727316956501547e+16,,,
Southern Africa (SADC),Japan,1284.21,5710.167,13535.0,64.705,45.151,1.1694236313274834e+16,0.6767,0.4533,0.0,0.2267,1,15.4573865722838,0.01,4597692268393871.0,,,
Southern Africa (SADC),United Kingdom,1284.21,3602.178,9070.0,64.705,64.992,2.364756664900517e+16,0.4535,0.4533,0.3333,0.3933,1,15.4573865722838,0.0432171177569208,1.9327798623738896e+16,,,
Southern Africa (SADC),Saudi Arabia,1284.21,2173.214,6005.0,64.705,54.169,2.7126939691253696e+16,0.3003,0.4533,1.0,0.7267,1,15.4573865722838,0.01,1.06651958744912e+16,,,
Southern Africa (SADC),West Africa (ECOWAS),1284.21,900.434,4508.0,64.705,60.104,2.2128830954502744e+16,0.2254,0.4533,0.7111,0.5822,1,15.4573865722838,2.533527925920729,1.3848073283603402e+17,,,
Southern Africa (SADC),East Africa,1284.21,1576.319,4084.0,64.705,42.375,3.327765960838925e+16,0.2042,0.4533,0.6894,0.5713,1,15.4573865722838,2.303405693687899,1.985665212157446e+17,,,
Southern Africa (SADC),Central Africa,1284.21,471.023,2776.0,64.705,72.817,3.698363109247693e+16,0.1388,0.4533,0.6662,0.5598,1,15.4573865722838,1.208058214226458,1.598164626734097e+17,,,
Southern Africa (SADC),MENA-other,1284.21,8746.966,7306.0,64.705,69.092,9.408047544891613e+16,0.3653,0.4533,0.7717,0.6125,1,15.4573865722838,0.0618247892439834,9.197056615394994e+16,,,
Southern Africa (SADC),Central Asia,1284.21,1783.598,9595.0,64.705,72.977,1.1748094320205366e+16,0.4798,0.4533,0.7486,0.6009,1,15.4573865722838,1.6043642390614754,5.850418655982901e+16,,,
Southern Africa (SADC),South Asia-other,1284.21,454.619,8568.0,64.705,44.042,2266378392657634.5,0.4284,0.4533,0.3333,0.3933,1,15.4573865722838,0.9163832465357904,8529803481369455.0,,,
Southern Africa (SADC),Southeast Asia-other,1284.21,6921.188,11004.0,64.705,100.466,4.771710225775539e+16,0.5502,0.4533,0.5788,0.5161,1,15.4573865722838,0.3886224314479692,1.1695156254631483e+17,,,
Southern Africa (SADC),Pacific/Oceania-other,1284.21,320.176,11765.0,64.705,101.415,1949312825956028.8,0.5883,0.4533,0.4321,0.4427,1,15.4573865722838,16.253867807039022,3.0897826925369696e+16,,,
Southern Africa (SADC),Caribbean & Central America,1284.21,4131.411,14585.0,64.705,73.736,1.1899707040448922e+16,0.7292,0.4533,0.6082,0.5308,1,15.4573865722838,1.664261084130132,6.0355247166941976e+16,,,
Southern Africa (SADC),Andean & Southern Cone-other,1284.21,2728.156,11641.0,64.705,47.798,7995904616495022.0,0.582,0.4533,0.3433,0.3983,1,15.4573865722838,16.55568657417006,1.2791139543832166e+17,,,
Southern Africa (SADC),Eastern Europe-other,1284.21,1774.495,8748.0,64.705,104.557,2.014584992127909e+16,0.4374,0.4533,0.5139,0.4836,1,15.4573865722838,0.2606376651637235,4.043637511482499e+16,,,
Southern Africa (SADC),EU-other,1284.21,13437.767,7740.0,64.705,108.192,2.016567995270214e+17,0.387,0.4533,0.113,0.2831,1,15.4573865722838,0.0784203120070404,2.2202157918047373e+17,,,
Southern Africa (SADC),Nordics,1284.21,1914.495,9555.0,64.705,102.211,1.7809963430597482e+16,0.4778,0.4533,0.0,0.2267,1,15.4573865722838,0.2021287863665108,3.1480755478827844e+16,,,
Central Africa,United States,471.023,24977.118,10517.0,72.817,25.29,1.95879118927344e+16,0.5259,0.6662,0.3333,0.4998,1,1.208058214226458,4.98222425257149,4.805556734998021e+16,,,
Central Africa,China,471.023,32004.885,11274.0,72.817,36.105,3.1182072666398336e+16,0.5637,0.6662,1.0,0.8331,1,1.208058214226458,0.1831727396433205,1.4668284715428288e+16,,,
Central Africa,India,471.023,13376.573,7561.0,72.817,44.993,3.6108122543963496e+16,0.378,0.6662,0.6667,0.6664,1,1.208058214226458,1.2375989763828106,4.415082363718078e+16,,,
Central Africa,Brazil,471.023,4028.525,7002.0,72.817,33.666,9487930066251740.0,0.3501,0.6662,0.3333,0.4998,1,1.208058214226458,76.47659476447654,9.11968163066976e+16,,,
Central Africa,Russia,471.023,5835.482,6999.0,72.817,40.834,1.6684194601810218e+16,0.3499,0.6662,0.6667,0.6664,1,1.208058214226458,3.071899161702484,3.2140502008015428e+16,,,
Central Africa,Ukraine,471.023,561.23,6276.0,72.817,77.51,3787960454298109.0,0.3138,0.6662,0.6667,0.6664,1,1.208058214226458,9.312299146946048,1.2705092377299356e+16,,,
Central Africa,Argentina,471.023,1240.029,8233.0,72.817,26.677,1673889483109506.5,0.4117,0.6662,0.3333,0.4998,1,1.208058214226458,100.0,1.839800413306113e+16,,,
Central Africa,Australia,471.023,1617.856,13486.0,72.817,49.044,1496365251844201.8,0.6743,0.6662,0.0,0.3331,1,1.208058214226458,79.42885847747789,1.4657864627774894e+16,,,
Central Africa,Canada,471.023,2305.5,10434.0,72.817,66.632,4839755910920139.0,0.5217,0.6662,0.3333,0.4998,1,1.208058214226458,2.910147342926411,9074545433298558.0,,,
Central Africa,France,471.023,3712.391,6057.0,72.817,70.626,2.451202312862622e+16,0.3029,0.6662,0.0,0.3331,1,1.208058214226458,0.3360171579634735,1.5617223162370828e+16,,,
Central Africa,Indonesia,471.023,3905.723,10128.0,72.817,41.336,5398344990377309.0,0.5064,0.6662,0.6667,0.6664,1,1.208058214226458,0.1192907261272955,2049311172937314.5,,,
Central Africa,Vietnam,471.023,1359.364,10243.0,72.817,164.818,7324220450576581.0,0.5121,0.6662,1.0,0.8331,1,1.208058214226458,0.6765030764157078,6621253673369013.0,,,
Central Africa,Thailand,471.023,1519.479,9612.0,72.817,128.824,7266735896227059.0,0.4806,0.6662,0.6667,0.6664,1,1.208058214226458,1.6743502921052975,1.0334904523433144e+16,,,
Central Africa,Egypt,471.023,1911.761,4195.0,72.817,40.45,1.507188471996526e+16,0.2097,0.6662,0.6667,0.6664,1,1.208058214226458,0.01,1656576495455531.8,,,
Central Africa,Nigeria,471.023,1787.476,1738.0,72.817,26.167,5.310820806916947e+16,0.0869,0.6662,0.3333,0.4998,1,1.208058214226458,0.01,5837213516276864.0,,,
Central Africa,Bangladesh,471.023,1413.299,8708.0,72.817,30.983,1980593793665774.5,0.4354,0.6662,1.0,0.8331,1,1.208058214226458,0.01,217690433983055.8,,,
Central Africa,Pakistan,471.023,1341.17,7390.0,72.817,28.468,2397851258161929.0,0.3695,0.6662,0.6667,0.6664,1,1.208058214226458,0.107169635497179,862783930885798.8,,,
Central Africa,Germany,471.023,5250.377,6336.0,72.817,81.963,3.676636834643446e+16,0.3168,0.6662,0.0,0.3331,1,1.208058214226458,0.1026848226912732,1.2949344773063626e+16,,,
Central Africa,Japan,471.023,5710.167,13362.0,72.817,45.151,4952758557923971.0,0.6681,0.6662,0.0,0.3331,1,1.208058214226458,0.01,544366120572477.2,,,
Central Africa,United Kingdom,471.023,3602.178,6391.0,72.817,64.992,1.965916660604125e+16,0.3196,0.6662,0.3333,0.4998,1,1.208058214226458,0.0432171177569208,4491970901625228.5,,,
Central Africa,Saudi Arabia,471.023,2173.214,4694.0,72.817,54.169,1.8324931540175508e+16,0.2347,0.6662,1.0,0.8331,1,1.208058214226458,0.01,2014124406755444.8,,,
Central Africa,West Africa (ECOWAS),471.023,900.434,1797.0,72.817,60.104,5.7481995680624456e+16,0.0898,0.6662,0.7111,0.6887,1,1.208058214226458,2.533527925920729,1.0056309172737888e+17,,,
Central Africa,East Africa,471.023,1576.319,3003.0,72.817,42.375,2.5404770944470576e+16,0.1502,0.6662,0.6894,0.6778,1,1.208058214226458,2.303405693687899,4.237838800266595e+16,,,
Central Africa,Southern Africa (SADC),471.023,1284.21,2776.0,72.817,64.705,3.698363109247692e+16,0.1388,0.6662,0.4533,0.5598,1,1.208058214226458,15.4573865722838,1.5981646267340966e+17,,,
Central Africa,MENA-other,471.023,8746.966,5837.0,72.817,69.092,6.0838872751453896e+16,0.2918,0.6662,0.7717,0.719,1,1.208058214226458,0.0618247892439834,1.6626713457743386e+16,,,
Central Africa,Central Asia,471.023,1783.598,8150.0,72.817,72.977,6721154385686406.0,0.4075,0.6662,0.7486,0.7074,1,1.208058214226458,1.6043642390614754,9357057304574768.0,,,
Central Africa,South Asia-other,471.023,454.619,8299.0,72.817,44.042,997106422293857.0,0.4149,0.6662,0.3333,0.4998,1,1.208058214226458,0.9163832465357904,1049117219355390.1,,,
Central Africa,Southeast Asia-other,471.023,6921.188,11821.0,72.817,100.466,1.7067444408537304e+16,0.591,0.6662,0.5788,0.6225,1,1.208058214226458,0.3886224314479692,1.1694357349395398e+16,,,
Central Africa,Pacific/Oceania-other,471.023,320.176,14521.0,72.817,101.415,528170399938568.8,0.726,0.6662,0.4321,0.5492,1,1.208058214226458,16.253867807039022,2340433746531126.0,,,
Central Africa,Caribbean & Central America,471.023,4131.411,12728.0,72.817,73.736,6449566265988290.0,0.6364,0.6662,0.6082,0.6372,1,1.208058214226458,1.664261084130132,9145030740005258.0,,,
Central Africa,Andean & Southern Cone-other,471.023,2728.156,10420.0,72.817,47.798,4119214914935991.0,0.521,0.6662,0.3433,0.5047,1,1.208058214226458,16.55568657417006,1.8421796506286732e+16,,,
Central Africa,Eastern Europe-other,471.023,1774.495,6325.0,72.817,104.557,1.5906835481976416e+16,0.3162,0.6662,0.5139,0.5901,1,1.208058214226458,0.2606376651637235,8925782685812505.0,,,
Central Africa,EU-other,471.023,13437.767,5161.0,72.817,108.192,1.872098863037815e+17,0.2581,0.6662,0.113,0.3896,1,1.208058214226458,0.0784203120070404,5.762182296332194e+16,,,
Central Africa,Nordics,471.023,1914.495,7095.0,72.817,102.211,1.3332798540552564e+16,0.3548,0.6662,0.0,0.3331,1,1.208058214226458,0.2021287863665108,6588390502780600.0,,,
MENA-other,United States,8746.966,24977.118,10176.0,69.092,25.29,3.6866173308626816e+17,0.5088,0.7717,0.3333,0.5525,1,0.0618247892439834,4.98222425257149,2.0460725003298685e+17,,,
MENA-other,China,8746.966,32004.885,5605.0,69.092,36.105,2.2229012684596644e+18,0.2802,0.7717,1.0,0.8859,1,0.0618247892439834,0.1831727396433205,2.3655488257533622e+17,,,
MENA-other,India,8746.966,13376.573,2546.0,69.092,44.993,5.611215555139157e+18,0.1273,0.7717,0.6667,0.7192,1,0.0618247892439834,1.2375989763828106,1.5521305444279096e+18,,,
MENA-other,Brazil,8746.966,4028.525,11847.0,69.092,33.666,5.839952008056952e+16,0.5924,0.7717,0.3333,0.5525,1,0.0618247892439834,76.47659476447654,1.2698571583209034e+17,,,
MENA-other,Russia,8746.966,5835.482,2464.0,69.092,40.834,2.371953626930714e+18,0.1232,0.7717,0.6667,0.7192,1,0.0618247892439834,3.071899161702484,1.033691616517929e+18,,,
MENA-other,Ukraine,8746.966,561.23,2344.0,69.092,77.51,4.78482940998561e+17,0.1172,0.7717,0.6667,0.7192,1,0.0618247892439834,9.312299146946048,3.630581919050635e+17,,,
MENA-other,Argentina,8746.966,1240.029,13775.0,69.092,26.677,1.0535864189362956e+16,0.6887,0.7717,0.3333,0.5525,1,0.0618247892439834,100.0,2.619699553497527e+16,,,
MENA-other,Australia,8746.966,1617.856,12813.0,69.092,49.044,2.920872771711061e+16,0.6407,0.7717,0.0,0.3859,1,0.0618247892439834,79.42885847747789,6.472664893624347e+16,,,
MENA-other,Canada,8746.966,2305.5,9550.0,69.092,66.632,1.0179553935805171e+17,0.4775,0.7717,0.3333,0.5525,1,0.0618247892439834,2.910147342926411,4.317850080464636e+16,,,
MENA-other,France,8746.966,3712.391,4208.0,69.092,70.626,8.948561147064952e+17,0.2104,0.7717,0.0,0.3859,1,0.0618247892439834,0.3360171579634735,1.2897788749944248e+17,,,
MENA-other,Indonesia,8746.966,3905.723,7422.0,69.092,41.336,1.7712362343569142e+17,0.3711,0.7717,0.6667,0.7192,1,0.0618247892439834,0.1192907261272955,1.5211118560748106e+16,,,
MENA-other,Vietnam,8746.966,1359.364,5498.0,69.092,164.818,4.479367032052349e+17,0.2749,0.7717,1.0,0.8859,1,0.0618247892439834,0.6765030764157078,9.16078856430497e+16,,,
MENA-other,Thailand,8746.966,1519.479,5457.0,69.092,128.824,3.972549892610693e+17,0.2728,0.7717,0.6667,0.7192,1,0.0618247892439834,1.6743502921052975,1.2781265129346717e+17,,,
MENA-other,Egypt,8746.966,1911.761,1980.0,69.092,40.45,1.192096686319043e+18,0.099,0.7717,0.6667,0.7192,1,0.0618247892439834,0.01,2.964099670180643e+16,,,
MENA-other,Nigeria,8746.966,1787.476,5338.0,69.092,26.167,9.920062781085066e+16,0.2669,0.7717,0.3333,0.5525,1,0.0618247892439834,0.01,2466583051109669.5,,,
MENA-other,Bangladesh,8746.966,1413.299,3962.0,69.092,30.983,1.685829617358317e+17,0.1981,0.7717,1.0,0.8859,1,0.0618247892439834,0.01,4191746416326502.5,,,
MENA-other,Pakistan,8746.966,1341.17,1989.0,69.092,28.468,5.832461995045215e+17,0.0994,0.7717,0.6667,0.7192,1,0.0618247892439834,0.107169635497179,4.747545292104925e+16,,,
MENA-other,Germany,8746.966,5250.377,3505.0,69.092,81.963,2.116973364092167e+18,0.1752,0.7717,0.0,0.3859,1,0.0618247892439834,0.1026848226912732,1.6867466052934246e+17,,,
MENA-other,Japan,8746.966,5710.167,7660.0,69.092,45.151,2.6554792973491456e+17,0.383,0.7717,0.0,0.3859,1,0.0618247892439834,0.01,6602740700293810.0,,,
MENA-other,United Kingdom,8746.966,3602.178,4397.0,69.092,64.992,7.318130914720099e+17,0.2198,0.7717,0.3333,0.5525,1,0.0618247892439834,0.0432171177569208,3.782765298704899e+16,,,
MENA-other,Saudi Arabia,8746.966,2173.214,1301.0,69.092,54.169,4.203241133442259e+18,0.065,0.7717,1.0,0.8859,1,0.0618247892439834,0.01,1.0451187223576875e+17,,,
MENA-other,West Africa (ECOWAS),8746.966,900.434,5859.0,69.092,60.104,9.52777215981031e+16,0.2929,0.7717,0.7111,0.7414,1,0.0618247892439834,2.533527925920729,3.770817668317992e+16,,,
MENA-other,East Africa,8746.966,1576.319,3230.0,69.092,42.375,3.869289907618352e+17,0.1615,0.7717,0.6894,0.7306,1,0.0618247892439834,2.303405693687899,1.4601511366441194e+17,,,
MENA-other,Southern Africa (SADC),8746.966,1284.21,7306.0,69.092,64.705,9.408047544891613e+16,0.3653,0.7717,0.4533,0.6125,1,0.0618247892439834,15.4573865722838,9.197056615394994e+16,,,
MENA-other,Central Africa,8746.966,471.023,5837.0,69.092,72.817,6.0838872751453896e+16,0.2918,0.7717,0.6662,0.719,1,0.0618247892439834,1.208058214226458,1.6626713457743386e+16,,,
MENA-other,Central Asia,8746.966,1783.598,2349.0,69.092,72.977,1.425618828327666e+18,0.1174,0.7717,0.7486,0.7602,1,0.0618247892439834,1.6043642390614754,4.489895481327556e+17,,,
MENA-other,South Asia-other,8746.966,454.619,3312.0,69.092,44.042,1.1031199877149442e+17,0.1656,0.7717,0.3333,0.5525,1,0.0618247892439834,0.9163832465357904,2.625685140690851e+16,,,
MENA-other,Southeast Asia-other,8746.966,6921.188,7238.0,69.092,100.466,8.021399403157441e+17,0.3619,0.7717,0.5788,0.6753,1,0.0618247892439834,0.3886224314479692,1.2433557180302042e+17,,,
MENA-other,Pacific/Oceania-other,8746.966,320.176,15136.0,69.092,101.415,8565549684470166.0,0.7568,0.7717,0.4321,0.6019,1,0.0618247892439834,16.253867807039022,8586475251089957.0,,,
MENA-other,Caribbean & Central America,8746.966,4131.411,13144.0,69.092,73.736,1.0656291916423074e+17,0.6572,0.7717,0.6082,0.69,1,0.0618247892439834,1.664261084130132,3.418205434289977e+16,,,
MENA-other,Andean & Southern Cone-other,8746.966,2728.156,13509.0,69.092,47.798,4.318310369894304e+16,0.6754,0.7717,0.3433,0.5575,1,0.0618247892439834,16.55568657417006,4.368866492742267e+16,,,
MENA-other,Eastern Europe-other,8746.966,1774.495,3012.0,69.092,104.557,1.2359624633938916e+18,0.1506,0.7717,0.5139,0.6428,1,0.0618247892439834,0.2606376651637235,1.5689358684669062e+17,,,
MENA-other,EU-other,8746.966,13437.767,3410.0,69.092,108.192,7.556107134513662e+18,0.1705,0.7717,0.113,0.4424,1,0.0618247892439834,0.0784203120070404,5.261307827705653e+17,,,
MENA-other,Nordics,8746.966,1914.495,3559.0,69.092,102.211,9.336422741690872e+17,0.1779,0.7717,0.0,0.3859,1,0.0618247892439834,0.2021287863665108,1.0437005546767019e+17,,,
Central Asia,United States,1783.598,24977.118,9542.0,72.977,25.29,9.030295791305133e+16,0.4771,0.7486,0.3333,0.541,1,1.6043642390614754,4.98222425257149,2.55308396707849e+17,,,
Central Asia,China,1783.598,32004.885,3651.0,72.977,36.105,1.128356370348622e+18,0.1825,0.7486,1.0,0.8743,1,1.6043642390614754,0.1831727396433205,6.116855091926737e+17,,,
Central Asia,India,1783.598,13376.573,2553.0,72.977,44.993,1.2019064477610476e+18,0.1277,0.7486,0.6667,0.7076,1,1.6043642390614754,1.2375989763828106,1.6936049809525947e+18,,,
Central Asia,Brazil,1783.598,4028.525,13401.0,72.977,33.666,9829924545244692.0,0.6701,0.7486,0.3333,0.541,1,1.6043642390614754,76.47659476447654,1.0888447006445306e+17,,,
Central Asia,Russia,1783.598,5835.482,2274.0,72.977,40.834,5.99798290807107e+17,0.1137,0.7486,0.6667,0.7076,1,1.6043642390614754,3.071899161702484,1.3315583063691612e+18,,,
Central Asia,Ukraine,1783.598,561.23,2841.0,72.977,77.51,7.0151627266705176e+16,0.1421,0.7486,0.6667,0.7076,1,1.6043642390614754,9.312299146946048,2.7115504894648058e+17,,,
Central Asia,Argentina,1783.598,1240.029,15638.0,72.977,26.677,1760716786454738.8,0.7819,0.7486,0.3333,0.541,1,1.6043642390614754,100.0,2.2301855178180372e+16,,,
Central Asia,Australia,1783.598,1617.856,12221.0,72.977,49.044,6915114059397602.0,0.611,0.7486,0.0,0.3743,1,1.6043642390614754,79.42885847747789,7.80620576857682e+16,,,
Central Asia,Canada,1783.598,2305.5,8822.0,72.977,66.632,2.569211915903762e+16,0.4411,0.7486,0.3333,0.541,1,1.6043642390614754,2.910147342926411,5.5514815810012344e+16,,,
Central Asia,France,1783.598,3712.391,4760.0,72.977,70.626,1.5062231228510778e+17,0.238,0.7486,0.0,0.3743,1,1.6043642390614754,0.3360171579634735,1.1059144281716522e+17,,,
Central Asia,Indonesia,1783.598,3905.723,7217.0,72.977,41.336,4.034628211819951e+16,0.3609,0.7486,0.6667,0.7076,1,1.6043642390614754,0.1192907261272955,1.7650554300781246e+16,,,
Central Asia,Vietnam,1783.598,1359.364,4481.0,72.977,164.818,1.4523616608761555e+17,0.224,0.7486,1.0,0.8743,1,1.6043642390614754,0.6765030764157078,1.5130774208139885e+17,,,
Central Asia,Thailand,1783.598,1519.479,4906.0,72.977,128.824,1.058572783145323e+17,0.2453,0.7486,0.6667,0.7076,1,1.6043642390614754,1.6743502921052975,1.7349835896227226e+17,,,
Central Asia,Egypt,1783.598,1911.761,4053.0,72.977,40.45,6.127554706672082e+16,0.2026,0.7486,0.6667,0.7076,1,1.6043642390614754,0.01,7761375294191366.0,,,
Central Asia,Nigeria,1783.598,1787.476,7430.0,72.977,26.167,1.1027891271564972e+16,0.3715,0.7486,0.3333,0.541,1,1.6043642390614754,0.01,1396831312969842.0,,,
Central Asia,Bangladesh,1783.598,1413.299,3447.0,72.977,30.983,4.79687717631558e+16,0.1724,0.7486,1.0,0.8743,1,1.6043642390614754,0.01,6075892552209666.0,,,
Central Asia,Pakistan,1783.598,1341.17,1947.0,72.977,28.468,1.3109560262576243e+17,0.0974,0.7486,0.6667,0.7076,1,1.6043642390614754,0.107169635497179,5.435950428036728e+16,,,
Central Asia,Germany,1783.598,5250.377,3883.0,72.977,81.963,3.714969056970761e+17,0.1941,0.7486,0.0,0.3743,1,1.6043642390614754,0.1026848226912732,1.5078558180624195e+17,,,
Central Asia,Japan,1783.598,5710.167,5553.0,72.977,45.151,1.0882875371507016e+17,0.2777,0.7486,0.0,0.3743,1,1.6043642390614754,0.01,1.3784630914221958e+16,,,
Central Asia,United Kingdom,1783.598,3602.178,4767.0,72.977,64.992,1.3409770500454509e+17,0.2384,0.7486,0.3333,0.541,1,1.6043642390614754,0.0432171177569208,3.5310245048948756e+16,,,
Central Asia,Saudi Arabia,1783.598,2173.214,3621.0,72.977,54.169,1.1686390456385582e+17,0.181,0.7486,1.0,0.8743,1,1.6043642390614754,0.01,1.4802391248780212e+16,,,
Central Asia,West Africa (ECOWAS),1783.598,900.434,7926.0,72.977,60.104,1.1213179302512116e+16,0.3963,0.7486,0.7111,0.7298,1,1.6043642390614754,2.533527925920729,2.2607008682571896e+16,,,
Central Asia,East Africa,1783.598,1576.319,5556.0,72.977,42.375,2.8165040794791804e+16,0.2778,0.7486,0.6894,0.719,1,1.6043642390614754,2.303405693687899,5.4143595087048056e+16,,,
Central Asia,Southern Africa (SADC),1783.598,1284.21,9595.0,72.977,64.705,1.1748094320205366e+16,0.4798,0.7486,0.4533,0.6009,1,1.6043642390614754,15.4573865722838,5.850418655982901e+16,,,
Central Asia,Central Africa,1783.598,471.023,8150.0,72.977,72.817,6721154385686406.0,0.4075,0.7486,0.6662,0.7074,1,1.6043642390614754,1.208058214226458,9357057304574768.0,,,
Central Asia,MENA-other,1783.598,8746.966,2349.0,72.977,69.092,1.425618828327666e+18,0.1174,0.7486,0.7717,0.7602,1,1.6043642390614754,0.0618247892439834,4.489895481327556e+17,,,
Central Asia,South Asia-other,1783.598,454.619,2854.0,72.977,44.042,3.1995876804265576e+16,0.1427,0.7486,0.3333,0.541,1,1.6043642390614754,0.9163832465357904,3.87957429226377e+16,,,
Central Asia,Southeast Asia-other,1783.598,6921.188,5984.0,72.977,100.466,2.5275669774804624e+17,0.2992,0.7486,0.5788,0.6637,1,1.6043642390614754,0.3886224314479692,1.9958049322249546e+17,,,
Central Asia,Pacific/Oceania-other,1783.598,320.176,14288.0,72.977,101.415,2070299308592320.8,0.7144,0.7486,0.4321,0.5903,1,1.6043642390614754,16.253867807039022,1.057214194027435e+16,,,
Central Asia,Caribbean & Central America,1783.598,4131.411,12112.0,72.977,73.736,2.702887868530661e+16,0.6056,0.7486,0.6082,0.6784,1,1.6043642390614754,1.664261084130132,4.416622134004854e+16,,,
Central Asia,Andean & Southern Cone-other,1783.598,2728.156,13682.0,72.977,47.798,9066916743458170.0,0.6841,0.7486,0.3433,0.5459,1,1.6043642390614754,16.55568657417006,4.672880902889824e+16,,,
Central Asia,Eastern Europe-other,1783.598,1774.495,3409.0,72.977,104.557,2.078068012648954e+17,0.1704,0.7486,0.5139,0.6312,1,1.6043642390614754,0.2606376651637235,1.3437851336979894e+17,,,
Central Asia,EU-other,1783.598,13437.767,4500.0,72.977,108.192,9.345023135343704e+17,0.225,0.7486,0.113,0.4308,1,1.6043642390614754,0.0784203120070404,3.314714670063119e+17,,,
Central Asia,Nordics,1783.598,1914.495,3403.0,72.977,102.211,2.1994349865516026e+17,0.1701,0.7486,0.0,0.3743,1,1.6043642390614754,0.2021287863665108,1.2524970160011491e+17,,,
South Asia-other,United States,454.619,24977.118,12384.0,44.042,25.29,8246940623511910.0,0.6192,0.3333,0.3333,0.3333,1,0.9163832465357904,4.98222425257149,1.7621508099458404e+16,,,
South Asia-other,China,454.619,32004.885,3154.0,44.042,36.105,2.3258437042583693e+17,0.1577,0.3333,1.0,0.6667,1,0.9163832465357904,0.1831727396433205,9.52904807156137e+16,,,
South Asia-other,India,454.619,13376.573,802.0,44.042,44.993,1.873516455521365e+18,0.0401,0.3333,0.6667,0.5,1,0.9163832465357904,1.2375989763828106,1.9951982401658826e+18,,,
South Asia-other,Brazil,454.619,4028.525,15035.0,44.042,33.666,1201300582364001.2,0.7518,0.3333,0.3333,0.3333,1,0.9163832465357904,76.47659476447654,1.0056677632838688e+16,,,
South Asia-other,Russia,454.619,5835.482,4889.0,44.042,40.834,1.996089563431357e+16,0.2445,0.3333,0.6667,0.5,1,0.9163832465357904,3.071899161702484,3.3490533976244612e+16,,,
South Asia-other,Ukraine,454.619,561.23,5213.0,44.042,77.51,3205078870263575.5,0.2606,0.3333,0.6667,0.5,1,0.9163832465357904,9.312299146946048,9362800093678846.0,,,
South Asia-other,Argentina,454.619,1240.029,16498.0,44.042,26.677,243345476546846.56,0.8,0.3333,0.3333,0.3333,1,0.9163832465357904,100.0,2329495351222337.0,,,
South Asia-other,Australia,454.619,1617.856,9687.0,44.042,49.044,1693043787485635.0,0.4844,0.3333,0.0,0.1667,1,0.9163832465357904,79.42885847747789,1.4444280759474532e+16,,,
South Asia-other,Canada,454.619,2305.5,11659.0,44.042,66.632,2262795903223910.5,0.5829,0.3333,0.3333,0.3333,1,0.9163832465357904,2.910147342926411,3695229728996652.0,,,
South Asia-other,France,454.619,3712.391,7235.0,44.042,70.626,1.0029056982076372e+16,0.3618,0.3333,0.0,0.1667,1,0.9163832465357904,0.3360171579634735,5565182314712971.0,,,
South Asia-other,Indonesia,454.619,3905.723,4424.0,44.042,41.336,1.65165999139589e+16,0.2212,0.3333,0.6667,0.5,1,0.9163832465357904,0.1192907261272955,5460879083225015.0,,,
South Asia-other,Vietnam,454.619,1359.364,2203.0,44.042,164.818,9.243354799093502e+16,0.1101,0.3333,1.0,0.6667,1,0.9163832465357904,0.6765030764157078,7.27784968864577e+16,,,
South Asia-other,Thailand,454.619,1519.479,2209.0,44.042,128.824,8.031900756281566e+16,0.1105,0.3333,0.6667,0.5,1,0.9163832465357904,1.6743502921052975,9.949014529408176e+16,,,
South Asia-other,Egypt,454.619,1911.761,5223.0,44.042,40.45,5675894402881229.0,0.2611,0.3333,0.6667,0.5,1,0.9163832465357904,0.01,543341500042033.3,,,
South Asia-other,Nigeria,454.619,1787.476,8357.0,44.042,26.167,1340921186506509.5,0.4178,0.3333,0.3333,0.3333,1,0.9163832465357904,0.01,128363580644619.66,,,
South Asia-other,Bangladesh,454.619,1413.299,669.0,44.042,30.983,1.958947891113001e+17,0.0335,0.3333,1.0,0.6667,1,0.9163832465357904,0.01,1.8752598447236976e+16,,,
South Asia-other,Pakistan,454.619,1341.17,1347.0,44.042,28.468,4.21326513735194e+16,0.0673,0.3333,0.6667,0.5,1,0.9163832465357904,0.107169635497179,1.3203626691971268e+16,,,
South Asia-other,Germany,454.619,5250.377,6401.0,44.042,81.963,2.1029467769809468e+16,0.3201,0.3333,0.0,0.1667,1,0.9163832465357904,0.1026848226912732,6450895111130903.0,,,
South Asia-other,Japan,454.619,5710.167,5151.0,44.042,45.151,1.9455834210468336e+16,0.2576,0.3333,0.0,0.1667,1,0.9163832465357904,0.01,1862466317047544.5,,,
South Asia-other,United Kingdom,454.619,3602.178,7332.0,44.042,64.992,8719682875202883.0,0.3666,0.3333,0.3333,0.3333,1,0.9163832465357904,0.0432171177569208,1735270407320416.8,,,
South Asia-other,Saudi Arabia,454.619,2173.214,3854.0,44.042,54.169,1.5868942095023762e+16,0.1927,0.3333,1.0,0.6667,1,0.9163832465357904,0.01,1519100636828884.8,,,
South Asia-other,West Africa (ECOWAS),454.619,900.434,8880.0,44.042,60.104,1374184118492788.0,0.444,0.3333,0.7111,0.5222,1,0.9163832465357904,2.533527925920729,2093853746034441.5,,,
South Asia-other,East Africa,454.619,1576.319,5296.0,44.042,42.375,4768401981678778.0,0.2648,0.3333,0.6894,0.5114,1,0.9163832465357904,2.303405693687899,6927820844554175.0,,,
South Asia-other,Southern Africa (SADC),454.619,1284.21,8568.0,44.042,64.705,2266378392657634.5,0.4284,0.3333,0.4533,0.3933,1,0.9163832465357904,15.4573865722838,8529803481369455.0,,,
South Asia-other,Central Africa,454.619,471.023,8299.0,44.042,72.817,997106422293857.2,0.4149,0.3333,0.6662,0.4998,1,0.9163832465357904,1.208058214226458,1049117219355390.4,,,
South Asia-other,MENA-other,454.619,8746.966,3312.0,44.042,69.092,1.1031199877149443e+17,0.1656,0.3333,0.7717,0.5525,1,0.9163832465357904,0.0618247892439834,2.6256851406908516e+16,,,
South Asia-other,Central Asia,454.619,1783.598,2854.0,44.042,72.977,3.1995876804265576e+16,0.1427,0.3333,0.7486,0.541,1,0.9163832465357904,1.6043642390614754,3.87957429226377e+16,,,
South Asia-other,Southeast Asia-other,454.619,6921.188,3957.0,44.042,100.466,8.891759258177523e+16,0.1978,0.3333,0.5788,0.4561,1,0.9163832465357904,0.3886224314479692,5.306280434097043e+16,,,
South Asia-other,Pacific/Oceania-other,454.619,320.176,11952.0,44.042,101.415,455123022707722.9,0.5976,0.3333,0.4321,0.3827,1,0.9163832465357904,16.253867807039022,1756490224671551.5,,,
South Asia-other,Caribbean & Central America,454.619,4131.411,14750.0,44.042,73.736,2803558783702812.0,0.7375,0.3333,0.6082,0.4708,1,0.9163832465357904,1.664261084130132,3462254321580515.5,,,
South Asia-other,Andean & Southern Cone-other,454.619,2728.156,16499.0,44.042,47.798,959130074322957.0,0.8,0.3333,0.3433,0.3383,1,0.9163832465357904,16.55568657417006,3735852123603185.5,,,
South Asia-other,Eastern Europe-other,454.619,1774.495,5886.0,44.042,104.557,1.072277512609804e+16,0.2943,0.3333,0.5139,0.4236,1,0.9163832465357904,0.2606376651637235,5240399021200363.0,,,
South Asia-other,EU-other,454.619,13437.767,6634.0,44.042,108.192,6.614369129037598e+16,0.3317,0.3333,0.113,0.2232,1,0.9163832465357904,0.0784203120070404,1.7731328722510076e+16,,,
South Asia-other,Nordics,454.619,1914.495,6107.0,44.042,102.211,1.0505413259035188e+16,0.3054,0.3333,0.0,0.1667,1,0.9163832465357904,0.2021287863665108,4521325727412981.0,,,
Southeast Asia-other,United States,6921.188,24977.118,13777.0,100.466,25.29,2.3141383871656102e+17,0.6888,0.5788,0.3333,0.4561,1,0.3886224314479692,4.98222425257149,3.2200668992469645e+17,,,
Southeast Asia-other,China,6921.188,32004.885,2849.0,100.466,36.105,9.89926374786168e+18,0.1424,0.5788,1.0,0.7894,1,0.3886224314479692,0.1831727396433205,2.641175428267515e+18,,,
Southeast Asia-other,India,6921.188,13376.573,4755.0,100.466,44.993,1.850926165733256e+18,0.2377,0.5788,0.6667,0.6228,1,0.3886224314479692,1.2375989763828106,1.2836392791450035e+18,,,
Southeast Asia-other,Brazil,6921.188,4028.525,18813.0,100.466,33.666,2.664565070145533e+16,0.8,0.5788,0.3333,0.4561,1,0.3886224314479692,76.47659476447654,1.452628410308063e+17,,,
Southeast Asia-other,Russia,6921.188,5835.482,8257.0,100.466,40.834,2.4302973772173395e+17,0.4128,0.5788,0.6667,0.6228,1,0.3886224314479692,3.071899161702484,2.6553809070840314e+17,,,
Southeast Asia-other,Ukraine,6921.188,561.23,8794.0,100.466,77.51,3.911336108239926e+16,0.4397,0.5788,0.6667,0.6228,1,0.3886224314479692,9.312299146946048,7.440763979494125e+16,,,
Southeast Asia-other,Argentina,6921.188,1240.029,17790.0,100.466,26.677,7268049375347310.0,0.8,0.5788,0.3333,0.4561,1,0.3886224314479692,100.0,4.530872084303128e+16,,,
Southeast Asia-other,Australia,6921.188,1617.856,6290.0,100.466,49.044,1.3945349015652115e+17,0.3145,0.5788,0.0,0.2894,1,0.3886224314479692,79.42885847747789,7.7478727774831e+17,,,
Southeast Asia-other,Canada,6921.188,2305.5,13133.0,100.466,66.632,6.193326685606386e+16,0.6566,0.5788,0.3333,0.4561,1,0.3886224314479692,2.910147342926411,6.586359170852048e+16,,,
Southeast Asia-other,France,6921.188,3712.391,10744.0,100.466,70.626,1.5793888196678957e+17,0.5372,0.5788,0.0,0.2894,1,0.3886224314479692,0.3360171579634735,5.707339651890042e+16,,,
Southeast Asia-other,Indonesia,6921.188,3905.723,2790.0,100.466,41.336,1.4422029110913787e+18,0.1395,0.5788,0.6667,0.6228,1,0.3886224314479692,0.1192907261272955,3.1052290559771174e+17,,,
Southeast Asia-other,Vietnam,6921.188,1359.364,1755.0,100.466,164.818,5.058109944276836e+18,0.0877,0.5788,1.0,0.7894,1,0.3886224314479692,0.6765030764157078,2.593504974378057e+18,,,
Southeast Asia-other,Thailand,6921.188,1519.479,2209.0,100.466,128.824,2.7893449309617347e+18,0.1105,0.5788,0.6667,0.6228,1,0.3886224314479692,1.6743502921052975,2.250035218760475e+18,,,
Southeast Asia-other,Egypt,6921.188,1911.761,9178.0,100.466,40.45,6.3835481849017016e+16,0.4589,0.5788,0.6667,0.6228,1,0.3886224314479692,0.01,3979477680473642.5,,,
Southeast Asia-other,Nigeria,6921.188,1787.476,12235.0,100.466,26.167,2.172601117327527e+16,0.6118,0.5788,0.3333,0.4561,1,0.3886224314479692,0.01,1354390599796205.2,,,
Southeast Asia-other,Bangladesh,6921.188,1413.299,3361.0,100.466,30.983,2.695392299185538e+17,0.1681,0.5788,1.0,0.7894,1,0.3886224314479692,0.01,1.68029647212486e+16,,,
Southeast Asia-other,Pakistan,6921.188,1341.17,5250.0,100.466,28.468,9.632061865557389e+16,0.2625,0.5788,0.6667,0.6228,1,0.3886224314479692,0.107169635497179,1.965708304688241e+16,,,
Southeast Asia-other,Germany,6921.188,5250.377,9866.0,100.466,81.963,3.074153877523876e+17,0.4933,0.5788,0.0,0.2894,1,0.3886224314479692,0.1026848226912732,6.141050425943415e+16,,,
Southeast Asia-other,Japan,6921.188,5710.167,2992.0,100.466,45.151,2.0025974883657905e+18,0.1496,0.5788,0.0,0.2894,1,0.3886224314479692,0.01,1.2484110367919085e+17,,,
Southeast Asia-other,United Kingdom,6921.188,3602.178,10735.0,100.466,64.992,1.4126201419842093e+17,0.5367,0.5788,0.3333,0.4561,1,0.3886224314479692,0.0432171177569208,1.8307001893165224e+16,,,
Southeast Asia-other,Saudi Arabia,6921.188,2173.214,7776.0,100.466,54.169,1.3537634396030835e+17,0.3888,0.5788,1.0,0.7894,1,0.3886224314479692,0.01,8439305596977578.0,,,
Southeast Asia-other,West Africa (ECOWAS),6921.188,900.434,12747.0,100.466,60.104,2.3160011672407804e+16,0.6373,0.5788,0.7111,0.645,1,0.3886224314479692,2.533527925920729,2.298082174648924e+16,,,
Southeast Asia-other,East Africa,6921.188,1576.319,8928.0,100.466,42.375,5.826990880372848e+16,0.4464,0.5788,0.6894,0.6341,1,0.3886224314479692,2.303405693687899,5.51306977057296e+16,,,
Southeast Asia-other,Southern Africa (SADC),6921.188,1284.21,11004.0,100.466,64.705,4.771710225775539e+16,0.5502,0.5788,0.4533,0.5161,1,0.3886224314479692,15.4573865722838,1.1695156254631483e+17,,,
Southeast Asia-other,Central Africa,6921.188,471.023,11821.0,100.466,72.817,1.7067444408537306e+16,0.591,0.5788,0.6662,0.6225,1,0.3886224314479692,1.208058214226458,1.1694357349395398e+16,,,
Southeast Asia-other,MENA-other,6921.188,8746.966,7238.0,100.466,69.092,8.02139940315744e+17,0.3619,0.5788,0.7717,0.6753,1,0.3886224314479692,0.0618247892439834,1.243355718030204e+17,,,
Southeast Asia-other,Central Asia,6921.188,1783.598,5984.0,100.466,72.977,2.5275669774804624e+17,0.2992,0.5788,0.7486,0.6637,1,0.3886224314479692,1.6043642390614754,1.9958049322249546e+17,,,
Southeast Asia-other,South Asia-other,6921.188,454.619,3957.0,100.466,44.042,8.891759258177523e+16,0.1978,0.5788,0.3333,0.4561,1,0.3886224314479692,0.9163832465357904,5.306280434097043e+16,,,
Southeast Asia-other,Pacific/Oceania-other,6921.188,320.176,8311.0,100.466,101.415,3.268792090217061e+16,0.4155,0.5788,0.4321,0.5055,1,0.3886224314479692,16.253867807039022,8.215416621986363e+16,,,
Southeast Asia-other,Caribbean & Central America,6921.188,4131.411,14220.0,100.466,73.736,1.0475587852562e+17,0.711,0.5788,0.6082,0.5935,1,0.3886224314479692,1.664261084130132,8.424673229218053e+16,,,
Southeast Asia-other,Andean & Southern Cone-other,6921.188,2728.156,17342.0,100.466,47.798,3.0149372605031748e+16,0.8,0.5788,0.3433,0.4611,1,0.3886224314479692,16.55568657417006,7.647435264551037e+16,,,
Southeast Asia-other,Eastern Europe-other,6921.188,1774.495,9391.0,100.466,104.557,1.4628773698179037e+17,0.4696,0.5788,0.5139,0.5464,1,0.3886224314479692,0.2606376651637235,4.655758471336991e+16,,,
Southeast Asia-other,EU-other,6921.188,13437.767,10390.0,100.466,108.192,9.364663061297e+17,0.5195,0.5788,0.113,0.3459,1,0.3886224314479692,0.0784203120070404,1.6348216160027798e+17,,,
Southeast Asia-other,Nordics,6921.188,1914.495,9328.0,100.466,102.211,1.5637805073763725e+17,0.4664,0.5788,0.0,0.2894,1,0.3886224314479692,0.2021287863665108,4.382821786761541e+16,,,
Pacific/Oceania-other,United States,320.176,24977.118,14083.0,101.415,25.29,1.034185543248163e+16,0.7042,0.4321,0.3333,0.3827,1,16.253867807039022,4.98222425257149,9.306544534617723e+16,,,
Pacific/Oceania-other,China,320.176,32004.885,10780.0,101.415,36.105,3.228794835787826e+16,0.539,0.4321,1.0,0.716,1,16.253867807039022,0.1831727396433205,5.57120619179626e+16,,,
Pacific/Oceania-other,India,320.176,13376.573,12649.0,101.415,44.993,1.2214281646022336e+16,0.6324,0.4321,0.6667,0.5494,1,16.253867807039022,1.2375989763828106,5.478179551192601e+16,,,
Pacific/Oceania-other,Brazil,320.176,4028.525,12300.0,101.415,33.666,2910867225795466.5,0.615,0.4321,0.3333,0.3827,1,16.253867807039022,76.47659476447654,1.0262780232049803e+17,,,
Pacific/Oceania-other,Russia,320.176,5835.482,16547.0,101.415,40.834,2825892464612286.5,0.8,0.4321,0.6667,0.5494,1,16.253867807039022,3.071899161702484,1.996813346179326e+16,,,
Pacific/Oceania-other,Ukraine,320.176,561.23,17099.0,101.415,77.51,483110874178039.4,0.8,0.4321,0.6667,0.5494,1,16.253867807039022,9.312299146946048,5943655563676862.0,,,
Pacific/Oceania-other,Argentina,320.176,1240.029,9983.0,101.415,26.677,1077799060580013.0,0.4991,0.4321,0.3333,0.3827,1,16.253867807039022,100.0,4.345263948799937e+16,,,
Pacific/Oceania-other,Australia,320.176,1617.856,2326.0,101.415,49.044,4.762132071955493e+16,0.1163,0.4321,0.0,0.216,1,16.253867807039022,79.42885847747789,1.71107465353218e+18,,,
Pacific/Oceania-other,Canada,320.176,2305.5,14484.0,101.415,66.632,2377743607632249.0,0.7242,0.4321,0.3333,0.3827,1,16.253867807039022,2.910147342926411,1.6353129409898412e+16,,,
Pacific/Oceania-other,France,320.176,3712.391,18985.0,101.415,70.626,2362055150320653.0,0.8,0.4321,0.0,0.216,1,16.253867807039022,0.3360171579634735,5520127670260094.0,,,
Pacific/Oceania-other,Indonesia,320.176,3905.723,7716.0,101.415,41.336,8805226140342658.0,0.3858,0.4321,0.6667,0.5494,1,16.253867807039022,0.1192907261272955,1.2260896234375274e+16,,,
Pacific/Oceania-other,Vietnam,320.176,1359.364,9910.0,101.415,164.818,7407733937090210.0,0.4955,0.4321,1.0,0.716,1,16.253867807039022,0.6765030764157078,2.4563973774731056e+16,,,
Pacific/Oceania-other,Thailand,320.176,1519.479,9747.0,101.415,128.824,6690243117194019.0,0.4874,0.4321,0.6667,0.5494,1,16.253867807039022,1.6743502921052975,3.4901446170559224e+16,,,
Pacific/Oceania-other,Egypt,320.176,1911.761,16523.0,101.415,40.45,919751743318235.6,0.8,0.4321,0.6667,0.5494,1,16.253867807039022,0.01,370807902721300.25,,,
Pacific/Oceania-other,Nigeria,320.176,1787.476,16225.0,101.415,26.167,576910857847785.5,0.8,0.4321,0.3333,0.3827,1,16.253867807039022,0.01,232587876902415.12,,,
Pacific/Oceania-other,Bangladesh,320.176,1413.299,11283.0,101.415,30.983,1116863272630508.0,0.5642,0.4321,1.0,0.716,1,16.253867807039022,0.01,450275556158715.2,,,
Pacific/Oceania-other,Pakistan,320.176,1341.17,13292.0,101.415,28.468,701693385547039.2,0.6646,0.4321,0.6667,0.5494,1,16.253867807039022,0.107169635497179,926107968820977.8,,,
Pacific/Oceania-other,Germany,320.176,5250.377,18137.0,101.415,81.963,4247829693612833.0,0.8,0.4321,0.0,0.216,1,16.253867807039022,0.1026848226912732,5487803936311450.0,,,
Pacific/Oceania-other,Japan,320.176,5710.167,9277.0,101.415,45.151,9727291039164544.0,0.4638,0.4321,0.0,0.216,1,16.253867807039022,0.01,3921663009171692.0,,,
Pacific/Oceania-other,United Kingdom,320.176,3602.178,18814.0,101.415,64.992,2147619755651556.0,0.8,0.4321,0.3333,0.3827,1,16.253867807039022,0.0432171177569208,1799963306146987.5,,,
Pacific/Oceania-other,Saudi Arabia,320.176,2173.214,14921.0,101.415,54.169,1716918190788267.2,0.746,0.4321,1.0,0.716,1,16.253867807039022,0.01,692194212291876.9,,,
Pacific/Oceania-other,West Africa (ECOWAS),320.176,900.434,16057.0,101.415,60.104,681578854950588.9,0.8,0.4321,0.7111,0.5716,1,16.253867807039022,2.533527925920729,4373783864453219.5,,,
Pacific/Oceania-other,East Africa,320.176,1576.319,14412.0,101.415,42.375,1044225687454307.8,0.7206,0.4321,0.6894,0.5607,1,16.253867807039022,2.303405693687899,6389368732163326.0,,,
Pacific/Oceania-other,Southern Africa (SADC),320.176,1284.21,11765.0,101.415,64.705,1949312825956028.5,0.5883,0.4321,0.4533,0.4427,1,16.253867807039022,15.4573865722838,3.0897826925369692e+16,,,
Pacific/Oceania-other,Central Africa,320.176,471.023,14521.0,101.415,72.817,528170399938568.7,0.726,0.4321,0.6662,0.5492,1,16.253867807039022,1.208058214226458,2340433746531125.5,,,
Pacific/Oceania-other,MENA-other,320.176,8746.966,15136.0,101.415,69.092,8565549684470166.0,0.7568,0.4321,0.7717,0.6019,1,16.253867807039022,0.0618247892439834,8586475251089957.0,,,
Pacific/Oceania-other,Central Asia,320.176,1783.598,14288.0,101.415,72.977,2070299308592320.8,0.7144,0.4321,0.7486,0.5903,1,16.253867807039022,1.6043642390614754,1.057214194027435e+16,,,
Pacific/Oceania-other,South Asia-other,320.176,454.619,11952.0,101.415,44.042,455123022707722.9,0.5976,0.4321,0.3333,0.3827,1,16.253867807039022,0.9163832465357904,1756490224671551.5,,,
Pacific/Oceania-other,Southeast Asia-other,320.176,6921.188,8311.0,101.415,100.466,3.2687920902170616e+16,0.4155,0.4321,0.5788,0.5055,1,16.253867807039022,0.3886224314479692,8.215416621986365e+16,,,
Pacific/Oceania-other,Caribbean & Central America,320.176,4131.411,11104.0,101.415,73.736,8022484149541997.0,0.5552,0.4321,0.6082,0.5202,1,16.253867807039022,1.664261084130132,4.172515497451859e+16,,,
Pacific/Oceania-other,Andean & Southern Cone-other,320.176,2728.156,11385.0,101.415,47.798,3266636051384861.0,0.5693,0.4321,0.3433,0.3877,1,16.253867807039022,16.55568657417006,5.358616911290636e+16,,,
Pacific/Oceania-other,Eastern Europe-other,320.176,1774.495,17695.0,101.415,104.557,1924069018010311.2,0.8,0.4321,0.5139,0.473,1,16.253867807039022,0.2606376651637235,3960204349295364.5,,,
Pacific/Oceania-other,EU-other,320.176,13437.767,18543.0,101.415,108.192,1.3729459250585042e+16,0.8,0.4321,0.113,0.2725,1,16.253867807039022,0.0784203120070404,1.5500513190353452e+16,,,
Pacific/Oceania-other,Nordics,320.176,1914.495,17443.0,101.415,102.211,2088337496218996.8,0.8,0.4321,0.0,0.216,1,16.253867807039022,0.2021287863665108,3785237484526516.0,,,
Caribbean & Central America,United States,4131.411,24977.118,3032.0,73.736,25.29,2.093216552443744e+18,0.1516,0.6082,0.3333,0.4708,1,1.664261084130132,4.98222425257149,6.027490368861976e+18,,,
Caribbean & Central America,China,4131.411,32004.885,12458.0,73.736,36.105,2.268114900503628e+17,0.6229,0.6082,1.0,0.8041,1,1.664261084130132,0.1831727396433205,1.25229371591698e+17,,,
Caribbean & Central America,India,4131.411,13376.573,14658.0,73.736,44.993,8.533252834061182e+16,0.7329,0.6082,0.6667,0.6375,1,1.664261084130132,1.2375989763828106,1.2246593805834554e+17,,,
Caribbean & Central America,Brazil,4131.411,4028.525,6837.0,73.736,33.666,8.838634854886632e+16,0.3418,0.6082,0.3333,0.4708,1,1.664261084130132,76.47659476447654,9.97149308934576e+17,,,
Caribbean & Central America,Russia,4131.411,5835.482,10719.0,73.736,40.834,6.317850667828173e+16,0.536,0.6082,0.6667,0.6375,1,1.664261084130132,3.071899161702484,1.4285109153898843e+17,,,
Caribbean & Central America,Ukraine,4131.411,561.23,10817.0,73.736,77.51,1.1325524172542862e+16,0.5409,0.6082,0.6667,0.6375,1,1.664261084130132,9.312299146946048,4.4585896111695784e+16,,,
Caribbean & Central America,Argentina,4131.411,1240.029,7392.0,73.736,26.677,1.844249862203928e+16,0.3696,0.6082,0.3333,0.4708,1,1.664261084130132,100.0,2.3791974665050282e+17,,,
Caribbean & Central America,Australia,4131.411,1617.856,13177.0,73.736,49.044,1.3921034120583018e+16,0.6589,0.6082,0.0,0.3041,1,1.664261084130132,79.42885847747789,1.600557893317646e+17,,,
Caribbean & Central America,Canada,4131.411,2305.5,3603.0,73.736,66.632,3.604933551947779e+17,0.1802,0.6082,0.3333,0.4708,1,1.664261084130132,2.910147342926411,7.933511984304262e+17,,,
Caribbean & Central America,France,4131.411,3712.391,9196.0,73.736,70.626,9.444893047647427e+16,0.4598,0.6082,0.0,0.3041,1,1.664261084130132,0.3360171579634735,7.062988523271376e+16,,,
Caribbean & Central America,Indonesia,4131.411,3905.723,16845.0,73.736,41.336,1.7332717341364948e+16,0.8,0.6082,0.6667,0.6375,1,1.664261084130132,0.1192907261272955,7722905572900510.0,,,
Caribbean & Central America,Vietnam,4131.411,1359.364,14759.0,73.736,164.818,3.1333041367052816e+16,0.7379,0.6082,1.0,0.8041,1,1.664261084130132,0.6765030764157078,3.3246671252197544e+16,,,
Caribbean & Central America,Thailand,4131.411,1519.479,15744.0,73.736,128.824,2.405677481759341e+16,0.7872,0.6082,0.6667,0.6375,1,1.664261084130132,1.6743502921052975,4.015792767145192e+16,,,
Caribbean & Central America,Egypt,4131.411,1911.761,12369.0,73.736,40.45,1.539795263959888e+16,0.6185,0.6082,0.6667,0.6375,1,1.664261084130132,0.01,1986432026391398.8,,,
Caribbean & Central America,Nigeria,4131.411,1787.476,11372.0,73.736,26.167,1.1017629270370322e+16,0.5686,0.6082,0.3333,0.4708,1,1.664261084130132,0.01,1421342963563046.5,,,
Caribbean & Central America,Bangladesh,4131.411,1413.299,15097.0,73.736,30.983,5852637275472823.0,0.7549,0.6082,1.0,0.8041,1,1.664261084130132,0.01,755026749007728.6,,,
Caribbean & Central America,Pakistan,4131.411,1341.17,14051.0,73.736,28.468,5891112461584604.0,0.7026,0.6082,0.6667,0.6375,1,1.664261084130132,0.107169635497179,2487963011126488.5,,,
Caribbean & Central America,Germany,4131.411,5250.377,9727.0,73.736,81.963,1.3855554273259267e+17,0.4864,0.6082,0.0,0.3041,1,1.664261084130132,0.1026848226912732,5.7277988991308296e+16,,,
Caribbean & Central America,Japan,4131.411,5710.167,11310.0,73.736,45.151,6.1399600670905496e+16,0.5655,0.6082,0.0,0.3041,1,1.664261084130132,0.01,7920931830032356.0,,,
Caribbean & Central America,United Kingdom,4131.411,3602.178,8929.0,73.736,64.992,8.945358636070454e+16,0.4465,0.6082,0.3333,0.4708,1,1.664261084130132,0.0432171177569208,2.3990339044710364e+16,,,
Caribbean & Central America,Saudi Arabia,4131.411,2173.214,13868.0,73.736,54.169,1.864668051867716e+16,0.6934,0.6082,1.0,0.8041,1,1.664261084130132,0.01,2405538205964621.0,,,
Caribbean & Central America,West Africa (ECOWAS),4131.411,900.434,11065.0,73.736,60.104,1.3465603425584496e+16,0.5533,0.6082,0.7111,0.6597,1,1.664261084130132,2.533527925920729,2.7650271296015724e+16,,,
Caribbean & Central America,East Africa,4131.411,1576.319,14421.0,73.736,42.375,9784437395367816.0,0.721,0.6082,0.6894,0.6488,1,1.664261084130132,2.303405693687899,1.9157189968132876e+16,,,
Caribbean & Central America,Southern Africa (SADC),4131.411,1284.21,14585.0,73.736,64.705,1.1899707040448922e+16,0.7292,0.6082,0.4533,0.5308,1,1.664261084130132,15.4573865722838,6.0355247166941976e+16,,,
Caribbean & Central America,Central Africa,4131.411,471.023,12728.0,73.736,72.817,6449566265988291.0,0.6364,0.6082,0.6662,0.6372,1,1.664261084130132,1.208058214226458,9145030740005258.0,,,
Caribbean & Central America,MENA-other,4131.411,8746.966,13144.0,73.736,69.092,1.0656291916423074e+17,0.6572,0.6082,0.7717,0.69,1,1.664261084130132,0.0618247892439834,3.418205434289977e+16,,,
Caribbean & Central America,Central Asia,4131.411,1783.598,12112.0,73.736,72.977,2.702887868530661e+16,0.6056,0.6082,0.7486,0.6784,1,1.664261084130132,1.6043642390614754,4.416622134004854e+16,,,
Caribbean & Central America,South Asia-other,4131.411,454.619,14750.0,73.736,44.042,2803558783702812.0,0.7375,0.6082,0.3333,0.4708,1,1.664261084130132,0.9163832465357904,3462254321580515.5,,,
Caribbean & Central America,Southeast Asia-other,4131.411,6921.188,14220.0,73.736,100.466,1.0475587852561998e+17,0.711,0.6082,0.5788,0.5935,1,1.664261084130132,0.3886224314479692,8.424673229218051e+16,,,
Caribbean & Central America,Pacific/Oceania-other,4131.411,320.176,11104.0,73.736,101.415,8022484149541997.0,0.5552,0.6082,0.4321,0.5202,1,1.664261084130132,16.253867807039022,4.172515497451859e+16,,,
Caribbean & Central America,Andean & Southern Cone-other,4131.411,2728.156,3136.0,73.736,47.798,4.039228721099238e+17,0.1568,0.6082,0.3433,0.4758,1,1.664261084130132,16.55568657417006,2.1202290115529236e+18,,,
Caribbean & Central America,Eastern Europe-other,4131.411,1774.495,10180.0,73.736,104.557,5.453934998532032e+16,0.509,0.6082,0.5139,0.5611,1,1.664261084130132,0.2606376651637235,3.5920243734622548e+16,,,
Caribbean & Central America,EU-other,4131.411,13437.767,10240.0,73.736,108.192,4.223740703716889e+17,0.512,0.6082,0.113,0.3606,1,1.664261084130132,0.0784203120070404,1.5258866060897718e+17,,,
Caribbean & Central America,Nordics,4131.411,1914.495,9585.0,73.736,102.211,6.488473670293586e+16,0.4793,0.6082,0.0,0.3041,1,1.664261084130132,0.2021287863665108,3.763287170176481e+16,,,
Andean & Southern Cone-other,United States,2728.156,24977.118,4349.0,47.798,25.29,4.355046391527466e+17,0.2175,0.3433,0.3333,0.3383,1,16.55568657417006,4.98222425257149,3.9552871589635727e+18,,,
Andean & Southern Cone-other,China,2728.156,32004.885,15348.0,47.798,36.105,6.39671748780636e+16,0.7674,0.3433,1.0,0.6716,1,16.55568657417006,0.1831727396433205,1.1139384348704114e+17,,,
Andean & Southern Cone-other,India,2728.156,13376.573,15931.0,47.798,44.993,3.092267242464281e+16,0.7965,0.3433,0.6667,0.505,1,16.55568657417006,1.2375989763828106,1.399718132055378e+17,,,
Andean & Southern Cone-other,Brazil,2728.156,4028.525,3778.0,47.798,33.666,1.2390575885717229e+17,0.1889,0.3433,0.3333,0.3383,1,16.55568657417006,76.47659476447654,4.4088909884643625e+18,,,
Andean & Southern Cone-other,Russia,2728.156,5835.482,11618.0,47.798,40.834,2.3020470770339896e+16,0.5809,0.3433,0.6667,0.505,1,16.55568657417006,3.071899161702484,1.641690467312451e+17,,,
Andean & Southern Cone-other,Ukraine,2728.156,561.23,11353.0,47.798,77.51,4400983514519935.0,0.5676,0.3433,0.6667,0.505,1,16.55568657417006,9.312299146946048,5.464517222773509e+16,,,
Andean & Southern Cone-other,Argentina,2728.156,1240.029,4360.0,47.798,26.677,2.2691841649985064e+16,0.218,0.3433,0.3333,0.3383,1,16.55568657417006,100.0,9.23301077170004e+17,,,
Andean & Southern Cone-other,Australia,2728.156,1617.856,13708.0,47.798,49.044,5506243904641357.0,0.6854,0.3433,0.0,0.1716,1,16.55568657417006,79.42885847747789,1.9967247606267104e+17,,,
Andean & Southern Cone-other,Canada,2728.156,2305.5,5078.0,47.798,66.632,7.76854063696339e+16,0.2539,0.3433,0.3333,0.3383,1,16.55568657417006,2.910147342926411,5.39225632967429e+17,,,
Andean & Southern Cone-other,France,2728.156,3712.391,9353.0,47.798,70.626,3.908338291502938e+16,0.4677,0.3433,0.0,0.1716,1,16.55568657417006,0.3360171579634735,9.2182073495287e+16,,,
Andean & Southern Cone-other,Indonesia,2728.156,3905.723,19092.0,47.798,41.336,5775703371406476.0,0.8,0.3433,0.6667,0.505,1,16.55568657417006,0.1192907261272955,8116743458463977.0,,,
Andean & Southern Cone-other,Vietnam,2728.156,1359.364,17650.0,47.798,164.818,9378341540332610.0,0.8,0.3433,1.0,0.6716,1,16.55568657417006,0.6765030764157078,3.138589595596275e+16,,,
Andean & Southern Cone-other,Thailand,2728.156,1519.479,18501.0,47.798,128.824,7457207120868650.0,0.8,0.3433,0.6667,0.505,1,16.55568657417006,1.6743502921052975,3.926204935779079e+16,,,
Andean & Southern Cone-other,Egypt,2728.156,1911.761,11905.0,47.798,40.45,7114959065101729.0,0.5952,0.3433,0.6667,0.505,1,16.55568657417006,0.01,2894982906261041.0,,,
Andean & Southern Cone-other,Nigeria,2728.156,1787.476,9557.0,47.798,26.167,6677558962922701.0,0.4778,0.3433,0.3333,0.3383,1,16.55568657417006,0.01,2717010579587224.5,,,
Andean & Southern Cone-other,Bangladesh,2728.156,1413.299,17127.0,47.798,30.983,1946567061917947.5,0.8,0.3433,1.0,0.6716,1,16.55568657417006,0.01,792032437373223.8,,,
Andean & Southern Cone-other,Pakistan,2728.156,1341.17,15250.0,47.798,28.468,2140775571783350.5,0.7625,0.3433,0.6667,0.505,1,16.55568657417006,0.107169635497179,2851547532039803.0,,,
Andean & Southern Cone-other,Germany,2728.156,5250.377,10150.0,47.798,81.963,5.446891166717093e+16,0.5075,0.3433,0.0,0.1716,1,16.55568657417006,0.1026848226912732,7.10191425481732e+16,,,
Andean & Southern Cone-other,Japan,2728.156,5710.167,14440.0,47.798,45.151,1.6123355015251626e+16,0.722,0.3433,0.0,0.1716,1,16.55568657417006,0.01,6560380282393698.0,,,
Andean & Southern Cone-other,United Kingdom,2728.156,3602.178,9220.0,47.798,64.992,3.5912083935956376e+16,0.461,0.3433,0.3333,0.3383,1,16.55568657417006,0.0432171177569208,3.037680582887865e+16,,,
Andean & Southern Cone-other,Saudi Arabia,2728.156,2173.214,13523.0,47.798,54.169,8394254777862410.0,0.6762,0.3433,1.0,0.6716,1,16.55568657417006,0.01,3415511441507400.0,,,
Andean & Southern Cone-other,West Africa (ECOWAS),2728.156,900.434,9109.0,47.798,60.104,8505234634597746.0,0.4555,0.3433,0.7111,0.5272,1,16.55568657417006,2.533527925920729,5.508365440078545e+16,,,
Andean & Southern Cone-other,East Africa,2728.156,1576.319,12997.0,47.798,42.375,5156314771191095.0,0.6499,0.3433,0.6894,0.5163,1,16.55568657417006,2.303405693687899,3.1841845977965804e+16,,,
Andean & Southern Cone-other,Southern Africa (SADC),2728.156,1284.21,11641.0,47.798,64.705,7995904616495022.0,0.582,0.3433,0.4533,0.3983,1,16.55568657417006,15.4573865722838,1.2791139543832166e+17,,,
Andean & Southern Cone-other,Central Africa,2728.156,471.023,10420.0,47.798,72.817,4119214914935991.0,0.521,0.3433,0.6662,0.5047,1,16.55568657417006,1.208058214226458,1.8421796506286732e+16,,,
Andean & Southern Cone-other,MENA-other,2728.156,8746.966,13509.0,47.798,69.092,4.318310369894303e+16,0.6754,0.3433,0.7717,0.5575,1,16.55568657417006,0.0618247892439834,4.3688664927422664e+16,,,
Andean & Southern Cone-other,Central Asia,2728.156,1783.598,13682.0,47.798,72.977,9066916743458172.0,0.6841,0.3433,0.7486,0.5459,1,16.55568657417006,1.6043642390614754,4.672880902889825e+16,,,
Andean & Southern Cone-other,South Asia-other,2728.156,454.619,16499.0,47.798,44.042,959130074322957.0,0.8,0.3433,0.3333,0.3383,1,16.55568657417006,0.9163832465357904,3735852123603185.5,,,
Andean & Southern Cone-other,Southeast Asia-other,2728.156,6921.188,17342.0,47.798,100.466,3.014937260503175e+16,0.8,0.3433,0.5788,0.4611,1,16.55568657417006,0.3886224314479692,7.647435264551038e+16,,,
Andean & Southern Cone-other,Pacific/Oceania-other,2728.156,320.176,11385.0,47.798,101.415,3266636051384861.0,0.5693,0.3433,0.4321,0.3877,1,16.55568657417006,16.253867807039022,5.358616911290636e+16,,,
Andean & Southern Cone-other,Caribbean & Central America,2728.156,4131.411,3136.0,47.798,73.736,4.039228721099237e+17,0.1568,0.3433,0.6082,0.4758,1,16.55568657417006,1.664261084130132,2.1202290115529234e+18,,,
Andean & Southern Cone-other,Eastern Europe-other,2728.156,1774.495,10667.0,47.798,104.557,2.1262776300485336e+16,0.5333,0.3433,0.5139,0.4286,1,16.55568657417006,0.2606376651637235,4.416844974232811e+16,,,
Andean & Southern Cone-other,EU-other,2728.156,13437.767,10101.0,47.798,108.192,1.858093083335268e+17,0.505,0.3433,0.113,0.2281,1,16.55568657417006,0.0784203120070404,2.117168128558724e+17,,,
Andean & Southern Cone-other,Nordics,2728.156,1914.495,10395.0,47.798,102.211,2.361439592415284e+16,0.5198,0.3433,0.0,0.1716,1,16.55568657417006,0.2021287863665108,4.319808777662569e+16,,,
Eastern Europe-other,United States,1774.495,24977.118,7178.0,104.557,25.29,2.27467656228936e+17,0.3589,0.5139,0.3333,0.4236,1,0.2606376651637235,4.98222425257149,2.5920888071945424e+17,,,
Eastern Europe-other,China,1774.495,32004.885,6941.0,104.557,36.105,4.450118979078621e+17,0.3471,0.5139,1.0,0.757,1,0.2606376651637235,0.1831727396433205,9.72345550683457e+16,,,
Eastern Europe-other,India,1774.495,13376.573,5263.0,104.557,44.993,4.031357517031363e+17,0.2631,0.5139,0.6667,0.5903,1,0.2606376651637235,1.2375989763828106,2.289601357133221e+17,,,
Eastern Europe-other,Brazil,1774.495,4028.525,10026.0,104.557,33.666,2.5033118677929964e+16,0.5013,0.5139,0.3333,0.4236,1,0.2606376651637235,76.47659476447654,1.1176293997701778e+17,,,
Eastern Europe-other,Russia,1774.495,5835.482,1151.0,104.557,40.834,3.3371924899113544e+18,0.0575,0.5139,0.6667,0.5903,1,0.2606376651637235,3.071899161702484,2.986092959423583e+18,,,
Eastern Europe-other,Ukraine,1774.495,561.23,689.0,104.557,77.51,1.700151149641699e+18,0.0345,0.5139,0.6667,0.5903,1,0.2606376651637235,9.312299146946048,2.6487110361532836e+18,,,
Eastern Europe-other,Argentina,1774.495,1240.029,12327.0,104.557,26.677,4039084050775392.0,0.6163,0.5139,0.3333,0.4236,1,0.2606376651637235,100.0,2.0620608596726028e+16,,,
Eastern Europe-other,Australia,1774.495,1617.856,15559.0,104.557,49.044,6081283285754581.0,0.778,0.5139,0.0,0.257,1,0.2606376651637235,79.42885847747789,2.7669606537388836e+16,,,
Eastern Europe-other,Canada,1774.495,2305.5,6577.0,104.557,66.632,6.589069843073108e+16,0.3288,0.5139,0.3333,0.4236,1,0.2606376651637235,2.910147342926411,5.738523815762276e+16,,,
Eastern Europe-other,France,1774.495,3712.391,1367.0,104.557,70.626,2.6032264423975096e+18,0.0683,0.5139,0.0,0.257,1,0.2606376651637235,0.3360171579634735,7.703911096153641e+17,,,
Eastern Europe-other,Indonesia,1774.495,3905.723,10270.0,104.557,41.336,2.840022656235616e+16,0.5135,0.5139,0.6667,0.5903,1,0.2606376651637235,0.1192907261272955,5007762618619710.0,,,
Eastern Europe-other,Vietnam,1774.495,1359.364,7830.0,104.557,164.818,6.780268618727667e+16,0.3915,0.5139,1.0,0.757,1,0.2606376651637235,0.6765030764157078,2.847084625790521e+16,,,
Eastern Europe-other,Thailand,1774.495,1519.479,8090.0,104.557,128.824,5.549125263343029e+16,0.4045,0.5139,0.6667,0.5903,1,0.2606376651637235,1.6743502921052975,3.66577899064076e+16,,,
Eastern Europe-other,Egypt,1774.495,1911.761,2605.0,104.557,40.45,2.114319960360309e+17,0.1303,0.5139,0.6667,0.5903,1,0.2606376651637235,0.01,1.0794171104824004e+16,,,
Eastern Europe-other,Nigeria,1774.495,1787.476,4955.0,104.557,26.167,3.53450455528285e+16,0.2477,0.5139,0.3333,0.4236,1,0.2606376651637235,0.01,1804459478971258.8,,,
Eastern Europe-other,Bangladesh,1774.495,1413.299,6551.0,104.557,30.983,1.893092028521102e+16,0.3276,0.5139,1.0,0.757,1,0.2606376651637235,0.01,966474311180075.4,,,
Eastern Europe-other,Pakistan,1774.495,1341.17,4586.0,104.557,28.468,3.3681985674047268e+16,0.2293,0.5139,0.6667,0.5903,1,0.2606376651637235,0.107169635497179,5629270938056619.0,,,
Eastern Europe-other,Germany,1774.495,5250.377,517.0,104.557,81.963,2.9871336618958467e+19,0.0259,0.5139,0.0,0.257,1,0.2606376651637235,0.1026848226912732,4.886820341176294e+18,,,
Eastern Europe-other,Japan,1774.495,5710.167,8578.0,104.557,45.151,6.500887929020496e+16,0.4289,0.5139,0.0,0.257,1,0.2606376651637235,0.01,3318877840380128.0,,,
Eastern Europe-other,United Kingdom,1774.495,3602.178,1449.0,104.557,64.992,2.06881015071154e+18,0.0725,0.5139,0.3333,0.4236,1,0.2606376651637235,0.0432171177569208,2.1956702951111827e+17,,,
Eastern Europe-other,Saudi Arabia,1774.495,2173.214,3747.0,104.557,54.169,1.5556640520155344e+17,0.1873,0.5139,1.0,0.757,1,0.2606376651637235,0.01,7942082690369107.0,,,
Eastern Europe-other,West Africa (ECOWAS),1774.495,900.434,5332.0,104.557,60.104,3.531851065188379e+16,0.2666,0.5139,0.7111,0.6125,1,0.2606376651637235,2.533527925920729,2.870012693886846e+16,,,
Eastern Europe-other,East Africa,1774.495,1576.319,5066.0,104.557,42.375,4.828922641163997e+16,0.2533,0.5139,0.6894,0.6016,1,0.2606376651637235,2.303405693687899,3.7415715475675784e+16,,,
Eastern Europe-other,Southern Africa (SADC),1774.495,1284.21,8748.0,104.557,64.705,2.014584992127909e+16,0.4374,0.5139,0.4533,0.4836,1,0.2606376651637235,15.4573865722838,4.043637511482499e+16,,,
Eastern Europe-other,Central Africa,1774.495,471.023,6325.0,104.557,72.817,1.5906835481976418e+16,0.3162,0.5139,0.6662,0.5901,1,0.2606376651637235,1.208058214226458,8925782685812506.0,,,
Eastern Europe-other,MENA-other,1774.495,8746.966,3012.0,104.557,69.092,1.2359624633938916e+18,0.1506,0.5139,0.7717,0.6428,1,0.2606376651637235,0.0618247892439834,1.5689358684669062e+17,,,
Eastern Europe-other,Central Asia,1774.495,1783.598,3409.0,104.557,72.977,2.078068012648954e+17,0.1704,0.5139,0.7486,0.6312,1,0.2606376651637235,1.6043642390614754,1.3437851336979894e+17,,,
Eastern Europe-other,South Asia-other,1774.495,454.619,5886.0,104.557,44.042,1.0722775126098038e+16,0.2943,0.5139,0.3333,0.4236,1,0.2606376651637235,0.9163832465357904,5240399021200362.0,,,
Eastern Europe-other,Southeast Asia-other,1774.495,6921.188,9391.0,104.557,100.466,1.4628773698179037e+17,0.4696,0.5139,0.5788,0.5464,1,0.2606376651637235,0.3886224314479692,4.655758471336991e+16,,,
Eastern Europe-other,Pacific/Oceania-other,1774.495,320.176,17695.0,104.557,101.415,1924069018010311.2,0.8,0.5139,0.4321,0.473,1,0.2606376651637235,16.253867807039022,3960204349295364.5,,,
Eastern Europe-other,Caribbean & Central America,1774.495,4131.411,10180.0,104.557,73.736,5.453934998532032e+16,0.509,0.5139,0.6082,0.5611,1,0.2606376651637235,1.664261084130132,3.5920243734622548e+16,,,
Eastern Europe-other,Andean & Southern Cone-other,1774.495,2728.156,10667.0,104.557,47.798,2.1262776300485336e+16,0.5333,0.5139,0.3433,0.4286,1,0.2606376651637235,16.55568657417006,4.416844974232811e+16,,,
Eastern Europe-other,EU-other,1774.495,13437.767,1315.0,104.557,108.192,1.559910434182454e+19,0.0658,0.5139,0.113,0.3134,1,0.2606376651637235,0.0784203120070404,2.2301420896262564e+18,,,
Eastern Europe-other,Nordics,1774.495,1914.495,810.0,104.557,102.211,5.533638061233368e+18,0.0405,0.5139,0.0,0.257,1,0.2606376651637235,0.2021287863665108,1.2701161031875812e+18,,,
EU-other,United States,13437.767,24977.118,7217.0,108.192,25.29,1.7632130794834962e+18,0.3609,0.113,0.3333,0.2232,1,0.0784203120070404,4.98222425257149,1.1021246539602467e+18,,,
EU-other,China,13437.767,32004.885,8125.0,108.192,36.105,2.544840809669116e+18,0.4062,0.113,1.0,0.5565,1,0.0784203120070404,0.1831727396433205,3.050038518751757e+17,,,
EU-other,India,13437.767,13376.573,5916.0,108.192,44.993,2.500076931463876e+18,0.2958,0.113,0.6667,0.3898,1,0.0784203120070404,1.2375989763828106,7.788568189044897e+17,,,
EU-other,Brazil,13437.767,4028.525,8905.0,108.192,33.666,2.486532613538445e+17,0.4452,0.113,0.3333,0.2232,1,0.0784203120070404,76.47659476447654,6.089374914852787e+17,,,
EU-other,Russia,13437.767,5835.482,2375.0,108.192,40.834,6.141809268993241e+18,0.1187,0.113,0.6667,0.3898,1,0.0784203120070404,3.071899161702484,3.014491656426723e+18,,,
EU-other,Ukraine,13437.767,561.23,1675.0,108.192,77.51,2.254176942319048e+18,0.0838,0.113,0.6667,0.3898,1,0.0784203120070404,9.312299146946048,1.926330253690985e+18,,,
EU-other,Argentina,13437.767,1240.029,11152.0,108.192,26.677,3.867085815415455e+16,0.5576,0.113,0.3333,0.2232,1,0.0784203120070404,100.0,1.0829242840080453e+17,,,
EU-other,Australia,13437.767,1617.856,16216.0,108.192,49.044,4.386950898632649e+16,0.8,0.113,0.0,0.0565,1,0.0784203120070404,79.42885847747789,1.0948792294919648e+17,,,
EU-other,Canada,13437.767,2305.5,6729.0,108.192,66.632,4.932537398256163e+17,0.3365,0.113,0.3333,0.2232,1,0.0784203120070404,2.910147342926411,2.3563628047647568e+17,,,
EU-other,France,13437.767,3712.391,1105.0,108.192,70.626,3.121879016650353e+19,0.0553,0.113,0.0,0.0565,1,0.0784203120070404,0.3360171579634735,5.067702115752031e+18,,,
EU-other,Indonesia,13437.767,3905.723,10827.0,108.192,41.336,2.002341123536089e+17,0.5413,0.113,0.6667,0.3898,1,0.0784203120070404,0.1192907261272955,1.9366702930940172e+16,,,
EU-other,Vietnam,13437.767,1359.364,8730.0,108.192,164.818,4.2739908224349984e+17,0.4365,0.113,1.0,0.5565,1,0.0784203120070404,0.6765030764157078,9.844252761844416e+16,,,
EU-other,Thailand,13437.767,1519.479,8829.0,108.192,128.824,3.6508180299280704e+17,0.4415,0.113,0.6667,0.3898,1,0.0784203120070404,1.6743502921052975,1.3229018711327458e+17,,,
EU-other,Egypt,13437.767,1911.761,2132.0,108.192,40.45,2.47345157926616e+18,0.1066,0.113,0.6667,0.3898,1,0.0784203120070404,0.01,6.926561520377348e+16,,,
EU-other,Nigeria,13437.767,1787.476,3684.0,108.192,26.167,5.010352355453509e+17,0.1842,0.113,0.3333,0.2232,1,0.0784203120070404,0.01,1.4030803804581714e+16,,,
EU-other,Bangladesh,13437.767,1413.299,7301.0,108.192,30.983,1.1943012238229923e+17,0.365,0.113,1.0,0.5565,1,0.0784203120070404,0.01,3344476588915568.5,,,
EU-other,Pakistan,13437.767,1341.17,5288.0,108.192,28.468,1.9850641367550835e+17,0.2644,0.113,0.6667,0.3898,1,0.0784203120070404,0.107169635497179,1.819804367407248e+16,,,
EU-other,Germany,13437.767,5250.377,1183.0,108.192,81.963,4.470518551758373e+19,0.0592,0.113,0.0,0.0565,1,0.0784203120070404,0.1026848226912732,4.011671038348047e+18,,,
EU-other,Japan,13437.767,5710.167,9852.0,108.192,45.151,3.861780677630567e+17,0.4926,0.113,0.0,0.0565,1,0.0784203120070404,0.01,1.0814386530157456e+16,,,
EU-other,United Kingdom,13437.767,3602.178,1434.0,108.192,64.992,1.6552010581837728e+19,0.0717,0.113,0.3333,0.2232,1,0.0784203120070404,0.0432171177569208,9.635914503447583e+17,,,
EU-other,Saudi Arabia,13437.767,2173.214,3671.0,108.192,54.169,1.2700069044201677e+18,0.1835,0.113,1.0,0.5565,1,0.0784203120070404,0.01,3.556479952350704e+16,,,
EU-other,West Africa (ECOWAS),13437.767,900.434,4036.0,108.192,60.104,4.8302765515312544e+17,0.2018,0.113,0.7111,0.412,1,0.0784203120070404,2.533527925920729,2.1530252704005658e+17,,,
EU-other,East Africa,13437.767,1576.319,4468.0,108.192,42.375,4.8645865950887e+17,0.2234,0.113,0.6894,0.4012,1,0.0784203120070404,2.303405693687899,2.067499626035361e+17,,,
EU-other,Southern Africa (SADC),13437.767,1284.21,7740.0,108.192,64.705,2.016567995270214e+17,0.387,0.113,0.4533,0.2831,1,0.0784203120070404,15.4573865722838,2.2202157918047373e+17,,,
EU-other,Central Africa,13437.767,471.023,5161.0,108.192,72.817,1.872098863037815e+17,0.2581,0.113,0.6662,0.3896,1,0.0784203120070404,1.208058214226458,5.762182296332194e+16,,,
EU-other,MENA-other,13437.767,8746.966,3410.0,108.192,69.092,7.556107134513663e+18,0.1705,0.113,0.7717,0.4424,1,0.0784203120070404,0.0618247892439834,5.261307827705654e+17,,,
EU-other,Central Asia,13437.767,1783.598,4500.0,108.192,72.977,9.345023135343704e+17,0.225,0.113,0.7486,0.4308,1,0.0784203120070404,1.6043642390614754,3.314714670063119e+17,,,
EU-other,South Asia-other,13437.767,454.619,6634.0,108.192,44.042,6.614369129037599e+16,0.3317,0.113,0.3333,0.2232,1,0.0784203120070404,0.9163832465357904,1.7731328722510078e+16,,,
EU-other,Southeast Asia-other,13437.767,6921.188,10390.0,108.192,100.466,9.364663061297e+17,0.5195,0.113,0.5788,0.3459,1,0.0784203120070404,0.3886224314479692,1.6348216160027798e+17,,,
EU-other,Pacific/Oceania-other,13437.767,320.176,18543.0,108.192,101.415,1.3729459250585042e+16,0.8,0.113,0.4321,0.2725,1,0.0784203120070404,16.253867807039022,1.5500513190353452e+16,,,
EU-other,Caribbean & Central America,13437.767,4131.411,10240.0,108.192,73.736,4.223740703716889e+17,0.512,0.113,0.6082,0.3606,1,0.0784203120070404,1.664261084130132,1.5258866060897718e+17,,,
EU-other,Andean & Southern Cone-other,13437.767,2728.156,10101.0,108.192,47.798,1.858093083335268e+17,0.505,0.113,0.3433,0.2281,1,0.0784203120070404,16.55568657417006,2.117168128558724e+17,,,
EU-other,Eastern Europe-other,13437.767,1774.495,1315.0,108.192,104.557,1.559910434182454e+19,0.0658,0.113,0.5139,0.3134,1,0.0784203120070404,0.2606376651637235,2.2301420896262564e+18,,,
EU-other,Nordics,13437.767,1914.495,1976.0,108.192,102.211,7.28615751374786e+18,0.0988,0.113,0.0,0.0565,1,0.0784203120070404,0.2021287863665108,9.173328009815341e+17,,,
Nordics,United States,1914.495,24977.118,6636.0,102.211,25.29,2.8069525651810576e+17,0.3318,0.0,0.3333,0.1667,1,0.2021287863665108,4.98222425257149,2.816831011954969e+17,,,
Nordics,China,1914.495,32004.885,6708.0,102.211,36.105,5.025171301900162e+17,0.3354,0.0,1.0,0.5,1,0.2021287863665108,0.1831727396433205,9.66930758652852e+16,,,
Nordics,India,1914.495,13376.573,5570.0,102.211,44.993,3.796023846638687e+17,0.2785,0.0,0.6667,0.3333,1,0.2021287863665108,1.2375989763828106,1.8985978596398182e+17,,,
Nordics,Brazil,1914.495,4028.525,10225.0,102.211,33.666,2.538428838000456e+16,0.5112,0.0,0.3333,0.1667,1,0.2021287863665108,76.47659476447654,9.980294304373035e+16,,,
Nordics,Russia,1914.495,5835.482,1227.0,102.211,40.834,3.0971628893484e+18,0.0614,0.0,0.6667,0.3333,1,0.2021287863665108,3.071899161702484,2.4405157163125734e+18,,,
Nordics,Ukraine,1914.495,561.23,1264.0,102.211,77.51,5.327863588123456e+17,0.0632,0.0,0.6667,0.3333,1,0.2021287863665108,9.312299146946048,7.30963414195284e+17,,,
Nordics,Argentina,1914.495,1240.029,12561.0,102.211,26.677,4102707155710834.5,0.628,0.0,0.3333,0.1667,1,0.2021287863665108,100.0,1.844525242919443e+16,,,
Nordics,Australia,1914.495,1617.856,15610.0,102.211,49.044,6371974918678046.0,0.7805,0.0,0.0,0.05,1,0.2021287863665108,79.42885847747789,2.5531557120508468e+16,,,
Nordics,Canada,1914.495,2305.5,5994.0,102.211,66.632,8.366957923894333e+16,0.2997,0.0,0.3333,0.1667,1,0.2021287863665108,2.910147342926411,6.4171051888980264e+16,,,
Nordics,France,1914.495,3712.391,1544.0,102.211,70.626,2.1521654324712888e+18,0.0772,0.0,0.0,0.05,1,0.2021287863665108,0.3360171579634735,5.608806570958614e+17,,,
Nordics,Indonesia,1914.495,3905.723,10532.0,102.211,41.336,2.848146067872216e+16,0.5266,0.0,0.6667,0.3333,1,0.2021287863665108,0.1192907261272955,4422620592189405.5,,,
Nordics,Vietnam,1914.495,1359.364,7884.0,102.211,164.818,7.0533991367297656e+16,0.3942,0.0,1.0,0.5,1,0.2021287863665108,0.6765030764157078,2.6082392883761172e+16,,,
Nordics,Thailand,1914.495,1519.479,8267.0,102.211,128.824,5.60463021679064e+16,0.4133,0.0,0.6667,0.3333,1,0.2021287863665108,1.6743502921052975,3.260500035258713e+16,,,
Nordics,Egypt,1914.495,1911.761,3404.0,102.211,40.45,1.3059553525341802e+17,0.1702,0.0,0.6667,0.3333,1,0.2021287863665108,0.01,5871410077421662.0,,,
Nordics,Nigeria,1914.495,1787.476,5660.0,102.211,26.167,2.856960714028086e+16,0.283,0.0,0.3333,0.1667,1,0.2021287863665108,0.01,1284453399926110.0,,,
Nordics,Bangladesh,1914.495,1413.299,6754.0,102.211,30.983,1.878391353647094e+16,0.3377,0.0,1.0,0.5,1,0.2021287863665108,0.01,844500993218802.5,,,
Nordics,Pakistan,1914.495,1341.17,4881.0,102.211,28.468,3.135952239373817e+16,0.244,0.0,0.6667,0.3333,1,0.2021287863665108,0.107169635497179,4615506859473163.0,,,
Nordics,Germany,1914.495,5250.377,811.0,102.211,81.963,1.2803104821544532e+19,0.0406,0.0,0.0,0.05,1,0.2021287863665108,0.1026848226912732,1.8445163708405486e+18,,,
Nordics,Japan,1914.495,5710.167,8169.0,102.211,45.151,7.560112154372312e+16,0.4084,0.0,0.0,0.05,1,0.2021287863665108,0.01,3398930798322052.5,,,
Nordics,United Kingdom,1914.495,3602.178,1433.0,102.211,64.992,2.2309318103865444e+18,0.0717,0.0,0.3333,0.1667,1,0.2021287863665108,0.0432171177569208,2.0851066817068605e+17,,,
Nordics,Saudi Arabia,1914.495,2173.214,4444.0,102.211,54.169,1.1664237915090826e+17,0.2222,0.0,1.0,0.5,1,0.2021287863665108,0.01,5244093828109309.0,,,
Nordics,West Africa (ECOWAS),1914.495,900.434,6003.0,102.211,60.104,2.9387811380116124e+16,0.3001,0.0,0.7111,0.3555,1,0.2021287863665108,2.533527925920729,2.1030237425787636e+16,,,
Nordics,East Africa,1914.495,1576.319,5858.0,102.211,42.375,3.80893140732605e+16,0.2929,0.0,0.6894,0.3447,1,0.2021287863665108,2.303405693687899,2.59897710666924e+16,,,
Nordics,Southern Africa (SADC),1914.495,1284.21,9555.0,102.211,64.705,1.780996343059748e+16,0.4778,0.0,0.4533,0.2267,1,0.2021287863665108,15.4573865722838,3.148075547882784e+16,,,
Nordics,Central Africa,1914.495,471.023,7095.0,102.211,72.817,1.3332798540552564e+16,0.3548,0.0,0.6662,0.3331,1,0.2021287863665108,1.208058214226458,6588390502780600.0,,,
Nordics,MENA-other,1914.495,8746.966,3559.0,102.211,69.092,9.336422741690872e+17,0.1779,0.0,0.7717,0.3859,1,0.2021287863665108,0.0618247892439834,1.0437005546767019e+17,,,
Nordics,Central Asia,1914.495,1783.598,3403.0,102.211,72.977,2.1994349865516026e+17,0.1701,0.0,0.7486,0.3743,1,0.2021287863665108,1.6043642390614754,1.2524970160011491e+17,,,
Nordics,South Asia-other,1914.495,454.619,6107.0,102.211,44.042,1.0505413259035188e+16,0.3054,0.0,0.3333,0.1667,1,0.2021287863665108,0.9163832465357904,4521325727412981.0,,,
Nordics,Southeast Asia-other,1914.495,6921.188,9328.0,102.211,100.466,1.5637805073763728e+17,0.4664,0.0,0.5788,0.2894,1,0.2021287863665108,0.3886224314479692,4.3828217867615416e+16,,,
Nordics,Pacific/Oceania-other,1914.495,320.176,17443.0,102.211,101.415,2088337496218996.8,0.8,0.0,0.4321,0.216,1,0.2021287863665108,16.253867807039022,3785237484526516.0,,,
Nordics,Caribbean & Central America,1914.495,4131.411,9585.0,102.211,73.736,6.488473670293586e+16,0.4793,0.0,0.6082,0.3041,1,0.2021287863665108,1.664261084130132,3.763287170176481e+16,,,
Nordics,Andean & Southern Cone-other,1914.495,2728.156,10395.0,102.211,47.798,2.3614395924152844e+16,0.5198,0.0,0.3433,0.1716,1,0.2021287863665108,16.55568657417006,4.31980877766257e+16,,,
Nordics,Eastern Europe-other,1914.495,1774.495,810.0,102.211,104.557,5.533638061233367e+18,0.0405,0.0,0.5139,0.257,1,0.2021287863665108,0.2606376651637235,1.270116103187581e+18,,,
Nordics,EU-other,1914.495,13437.767,1976.0,102.211,108.192,7.28615751374786e+18,0.0988,0.0,0.113,0.0565,1,0.2021287863665108,0.0784203120070404,9.173328009815341e+17,,,
