node,year,node_type,population,gdp,fossil_fuel_consumption,renewables_electricity,electricity_generation,electricity_demand,solar_electricity,wind_electricity,hydro_electricity,nuclear_electricity,oil_consumption,gas_consumption,coal_consumption,fossil_share_energy,renewables_share_energy,low_carbon_share_elec,energy_per_capita,net_elec_imports,greenhouse_gas_emissions,co2,co2_per_capita,methane,nitrous_oxide,land_use_change_co2,arable_land_pct,water_withdrawal_pct,trade_pct_gdp,life_expectancy,fertiliser_kg_ha,uhc_index,kcal_cap_day,food_prod_kt,food_import_kt,food_export_kt,cereal_prod_t,fao_fpi,gdp_per_capita,gdp_bn_usd2015,pop_millions,caloric_demand_kcal_yr,Ti,Wi,Li,eps_i,psi_i,mu_i,sigma_safe_i,bi_minus_di,energy_stress_index,fao_fpi.1,cereal_yield_t_ha,chi_i,chi_shock,cereal_prod_Mt_fao,meat_prod_Mt_fao,A_i_implied
Andean & Southern Cone-other,2000,bloc,29662632.0,189261817021.0,81.622,70.11,75.49000000000001,28.56,0.0,0.0,70.02,0.0,78.338,3.268,0.016,79.427,20.573,79.117,6800.03325,-46.92999999999999,5.359999999999999,38.260000000000005,1.238,76.881,21.479,178.94299999999998,6.213763390430669,1.788527301231012,56.59013457910832,69.7165,50.38598114088035,48.72,,,,,5992604.76,53.65,6380.479554916098,189.261817021,29.662632,29232523836000.0,0.3389807468011052,0.98211472698769,6.213763390430669,0.0941591988872902,0.0542412058823529,0.7902392024632575,1.1212682651830537,0.0143233091605545,0.6308648329000001,53.65,,,,,,0.4622
Andean & Southern Cone-other,2001,bloc,30125423.0,192892496199.0,84.711,63.71000000000001,69.51,29.15,0.0,0.0,63.62,0.0,81.364,3.326,0.021,81.263,18.737,79.52025,6566.01775,-40.36,5.48,40.916,1.26625,77.779,23.768,166.563,6.15758172699442,1.8410191772452111,52.56788020777167,70.09425,85.6590025101829,,,,,,6315635.35,55.34166666666667,6402.980505833893,192.892496199,30.125423,29688604366500.0,0.3757370098039774,0.981589808227548,6.15758172699442,,,0.7940739489102792,1.1213432683527798,0.0143233091605545,0.6603675169000001,55.34166666666667,,,,,,
Andean & Southern Cone-other,2002,bloc,30579033.0,199090374895.0,82.147,67.46,73.78,30.34,0.0,0.0,67.37,0.0,80.801,1.324,0.022,79.94,20.06,79.09375,6168.87125,-43.44,5.970000000000001,43.698,1.297,79.132,24.167,166.85299999999998,6.123058324080975,1.893511052774584,55.9043843162655,70.4375,70.1018665315759,,,,,,6592215.73,53.425,6510.682495911496,199.090374895,30.579033,30135637021500.0,0.3621093576807898,0.981064889472254,6.123058324080975,,,0.7898399282178054,1.1217022749863717,0.0143233091605545,0.63904036,53.425,,,,,,
Andean & Southern Cone-other,2003,bloc,31030632.0,205110782420.0,85.783,69.47000000000001,76.16000000000001,31.34,0.0,0.0,69.38000000000001,0.0,82.591,2.311,0.882,81.428,18.572,77.11699999999999,6754.968500000001,-44.82000000000001,6.35,46.659,1.34525,81.738,24.506,381.222,6.1601313276412695,1.9460029288711576,59.3029856235871,70.742,84.34705934627391,,,,,,7131858.78,58.11666666666667,6609.945373333035,205.11078242,31.030632,30580687836000.0,0.3780910088939843,0.9805399707112884,6.1601313276412695,,,0.7856141362653042,1.1220331512444437,0.0143233091605545,0.6630519184,58.11666666666667,,,,,,
Andean & Southern Cone-other,2004,bloc,31484335.0,218772756788.0,92.688,66.28,75.16,34.09,0.0,0.0,66.18,0.0,87.288,5.379,0.021,82.182,17.818,71.84575,7324.270999999999,-41.07,7.720000000000001,49.993,1.4515,83.38600000000001,25.741,231.305,6.202076250113787,1.9984948046716835,63.77998687892605,71.015,107.88063352072614,,,,,,8159453.0,65.89999999999999,6948.622443129258,218.772756788,31.484335,31027812142500.0,0.404845959612176,0.9800150519532832,6.202076250113787,,,0.7783148260949968,1.123162074810431,0.0143233091605545,0.6753881124,65.89999999999999,,,,,,
Andean & Southern Cone-other,2005,bloc,31940796.0,230595995661.0,100.689,66.72,76.38,35.04,0.0,0.0,66.6,0.0,95.141,5.523,0.025,84.25,15.75,70.60875,7309.615250000001,-41.34,8.329999999999998,52.498,1.4925,85.04599999999999,26.119,179.469,6.32124920322385,2.0509866804722066,68.37493803281365,71.30924999999999,91.11323186690656,54.4,,,,,8068198.0,67.63333333333334,7219.481808186621,230.595995661,31.940796,31477654458000.0,0.3909228164705036,0.979490133195278,6.32124920322385,0.1042087045204665,0.0515973676470588,0.7714627135656311,1.124064939360622,0.0143233091605545,0.7098062500000001,67.63333333333334,0.0332,1.0,0.0,20.06,4.862,
Andean & Southern Cone-other,2006,bloc,32402476.0,241918498339.0,106.935,66.63000000000001,78.42,37.15,0.0,0.0,66.52,0.0,100.837,6.034,0.063,84.565,15.435,64.629,7705.43125,-41.27,9.75,52.662,1.533,86.065,26.293,168.461,6.33664179638823,2.097268113177285,71.77132746740085,71.50275,108.6206180632231,,,,,,9059350.29,72.85833333333333,7466.049765425333,241.918498339,32.402476,31932640098000.0,0.4107569302248822,0.9790273188682272,6.33664179638823,,,0.7660115911540547,1.124886832551418,0.0143233091605545,0.7151239225,72.85833333333333,0.0328,0.988,0.012,20.014,5.38,
Andean & Southern Cone-other,2007,bloc,32869283.0,252197123378.0,107.996,73.19,85.78,41.3,0.0,0.0,72.98,0.0,102.503,5.468,0.025,81.372,18.628,70.54825,7891.041,-44.48,10.48,57.134,1.56275,87.05599999999998,27.177,207.926,6.4857584313980565,2.143549545939835,70.7810205378972,71.78299999999999,110.30895220910516,,,,,,10016339.5,94.55833333333334,7672.729684368229,252.197123378,32.869283,32392678396500.0,0.414812248144109,0.9785645045406016,6.4857584313980565,,,0.7652795654257009,1.1255757656145609,0.0143233091605545,0.6621402384,94.55833333333334,0.0327,0.9849,0.0151,20.799,5.459,
Andean & Southern Cone-other,2008,bloc,33341821.0,269471997169.0,110.878,74.38,88.64,43.74,0.0,0.0,73.43,0.0,105.6,4.988,0.29,78.451,21.549,65.375,8822.88025,-44.9,11.78,56.004000000000005,1.666,88.574,26.436,209.511,7.100066914552613,2.189763583364165,75.86074673136622,72.08250000000001,100.19489165094768,,,,,,10726764.5,117.74166666666667,8082.10196944552,269.471997169,33.341821,32858364595500.0,0.4084843949766629,0.9781023641663584,7.100066914552613,,,0.7567884035232545,1.126940339898152,0.0143233091605545,0.6154559400999999,117.74166666666667,0.0339,1.0211,-0.0211,22.987,5.814,
Andean & Southern Cone-other,2009,bloc,33823575.0,272401119229.0,113.341,72.35000000000001,87.97999999999999,45.27,0.0,0.04,71.4,0.0,107.393,5.879,0.069,81.989,18.011,64.09825,8796.420750000001,-42.71,12.66,59.963,1.7135000000000002,90.725,26.611,189.159,7.6634028217075105,2.231758734917368,62.55270527658176,72.37725,88.70254266782476,,,,,,11743091.97,91.8,8053.587452804738,272.401119229,33.823575,33333133162500.0,0.3978422433335818,0.9776824126508264,7.6634028217075105,,,0.7703340659500455,1.1268452915093492,0.0143233091605545,0.6722196121,91.8,0.0324,0.9759,0.0241,24.152,5.779,
Andean & Southern Cone-other,2010,bloc,34315596.0,290059356174.0,130.432,74.45000000000002,90.87,48.03,0.0,0.07,73.17999999999999,0.0,124.127,6.189,0.116,84.863,15.137,66.75325,8854.723750000001,-42.84,13.34,62.611,1.66275,93.519,30.537000000000003,189.406,7.492009759636311,2.2747115838252423,68.5613929351746,72.60825,123.83164465441106,62.48,2765.5225,,,,13391118.34,106.88333333333333,8452.697606476077,290.059356174,34.315596,34638701786202.152,0.4364473737956241,0.9772528841617476,7.492009759636311,0.1186037440161902,0.0482344852941176,0.7609994603441914,1.1281756586882536,0.0143233091605545,0.7201728769,106.88333333333333,,,,,,
Andean & Southern Cone-other,2011,bloc,34816624.0,309773379496.0,133.012,78.78,95.48,51.1,0.0,0.11,77.44,0.0,127.295,5.608,0.109,81.725,18.275,65.66075,9239.272,-44.38,13.63,67.40899999999999,1.81625,93.957,28.836,191.271,7.991248812334675,2.310969275895514,71.06380925919218,72.7155,131.06605703115196,,2785.375,,,,13272877.96,131.76666666666668,8897.283650936402,309.773379496,34.816624,35396734237010.0,0.4470242225471986,0.9768903072410448,7.991248812334675,,,0.7547921603163378,1.129657612169788,0.0143233091605545,0.6678975625,131.76666666666668,,,,,,
Andean & Southern Cone-other,2012,bloc,35320426.0,322704246111.0,139.394,81.63,100.97,54.09,0.0,0.11,80.1,0.0,131.774,7.49,0.131,81.091,18.909,62.63925,9876.787,-46.88,15.56,68.832,1.8835,95.352,29.104,161.917,7.783853316226365,2.355527926027968,70.44445046991734,72.967,133.6300031605776,,2779.01,,,,14509624.45,122.75,9136.47661302273,322.704246111,35.320426,35826873226264.91,0.4520704354826899,0.9764447207397204,7.783853316226365,,,0.7534182444215599,1.1304549220434092,0.0143233091605545,0.6575750280999999,122.75,,,,,,
Andean & Southern Cone-other,2013,bloc,35817526.0,341141262674.0,148.284,83.99,103.14,56.2,0.0,0.2,82.03,0.0,139.626,8.512,0.146,83.481,16.519,66.3905,9733.97075,-46.94,15.61,70.123,1.8195,97.168,29.58,172.239,8.115943958497358,2.36584512344012,66.93798142992877,73.21350000000001,151.78728406714453,,2788.3,,,,14721196.61,120.14166666666668,9524.42283908721,341.141262674,35.817526,36452552827217.0,0.47368402456302,0.9763415487655988,8.115943958497358,,,0.7536918282443444,1.1317480761302907,0.0143233091605545,0.6969077361,120.14166666666668,,,,,,
Andean & Southern Cone-other,2014,bloc,36310178.0,355528958277.0,155.932,81.60000000000001,100.9,59.02,0.03,0.82,78.5,0.0,147.068,8.726,0.139,83.549,16.451,67.7395,9755.4105,-41.88,15.79,75.79499999999999,1.863,99.037,29.247,192.16000000000005,8.147890500659067,2.376162320852269,66.21554880264402,73.43,165.44218546738512,,2806.7075000000004,,,,14222247.08,114.975,9791.440798692862,355.528958277,36.310178,37197897855411.28,0.4898831633410239,0.9762383767914772,8.147890500659067,,,0.7521891112082488,1.132638135995643,0.0143233091605545,0.6980435401,114.975,,,,,,
Andean & Southern Cone-other,2015,bloc,36808064.0,360679236057.0,151.02,84.54,104.46,62.48,0.09,2.18,79.42,0.0,142.66,8.21,0.15,81.244,18.756,68.4265,10152.366,-41.98,16.38,73.981,1.83225,98.909,28.963,120.557,8.268621351057835,2.386479518264421,57.00104780825163,73.5415,123.24749802493535,100.0,2803.815,,,,16864046.2,93.06666666666666,9798.918955829897,360.679236057,36.808064,37669095716918.4,0.4481318596912523,0.9761352048173558,8.268621351057835,0.1744972973895747,0.0347182058823529,0.7613412942264992,1.1326630631860997,0.0143233091605545,0.6600587536000001,93.06666666666666,,,,,,
Andean & Southern Cone-other,2016,bloc,37313570.0,364928983767.0,142.992,95.59,114.27,64.78,0.2,3.1100000000000003,88.99000000000001,0.0,134.041,8.863,0.088,77.399,22.601,69.38975,10382.71,-49.49,15.91,74.332,1.84175,99.765,30.208,99.964,7.890535126057102,2.3967967154054226,53.291349978274056,73.58099999999999,158.3129997428211,,2797.105,,,,15917115.46,91.95833333333331,9780.06081345205,364.928983767,37.31357,38095040223420.25,0.4832110522246582,0.9760320328459458,7.890535126057102,,,0.7652081432429589,1.132600202711507,0.0143233091605545,0.5990605200999999,91.95833333333331,,,,,,
Andean & Southern Cone-other,2017,bloc,37831208.0,375800866164.0,139.654,96.82,111.59,66.31,0.32,3.9,89.3,0.0,130.874,8.686,0.095,72.804,27.196,74.27875,10298.601749999998,-45.28,13.3,75.46799999999999,1.8405,99.753,30.671,139.90400000000002,7.890142934697844,2.4071139128175743,51.66299357243748,73.70599999999999,166.188802185805,100.0,2813.9475,,,,15853742.99,97.925,9933.620574949657,375.800866164,37.831208,38856087108356.7,0.4925517628815477,0.9759288608718244,7.890142934697844,0.1748340514373741,0.0346504705882352,0.7655568349696487,1.1331120685831657,0.0143233091605545,0.5300422416,97.925,,,,,,
Andean & Southern Cone-other,2018,bloc,38379832.0,383433252057.0,149.787,97.58,113.22,69.67999999999999,0.5800000000000001,4.87,88.85,0.0,141.7,7.763,0.324,73.764,26.236,74.7575,10510.7465,-43.54,13.849999999999998,76.03399999999999,1.8675,97.107,29.501,166.804,7.874325748014529,2.417431110229726,53.69901926595435,74.02525,189.12920307839937,,2834.7275,,,,15293908.760000002,95.74166666666667,9990.488026549983,383.433252057,38.379832,39710673303759.7,0.5169980448240268,0.9758256888977028,7.874325748014529,,,0.7630469138461291,1.1333016267551668,0.0143233091605545,0.5441127696,95.74166666666667,,,,,,
Andean & Southern Cone-other,2019,bloc,38923668.0,385130919463.0,144.334,94.37,108.48,71.9,0.65,4.91,85.47,0.0,137.313,6.922,0.1,69.618,30.382,78.05025,10646.67625,-36.58,12.72,77.368,1.851,99.088,31.564,121.486,7.909810324697205,2.427748307370725,53.71770465461,74.06925,169.47909574838374,71.12,2840.3125,,,,16989497.490000002,94.925,9894.517635465394,385.130919463,38.923668,40352713979681.25,0.4968634290044275,0.9757225169262927,7.909810324697205,0.1343042940886635,0.0446088970588235,0.7638279817165117,1.1329817254515513,0.0143233091605545,0.4846665923999999,94.925,0.042,1.006,-0.006,29.016,8.171,
Andean & Southern Cone-other,2020,bloc,39365066.0,359907944095.0,117.016,87.97,101.76,72.03999999999999,0.8300000000000001,5.62,77.72999999999999,0.0,110.832,5.904,0.281,65.376,34.624,77.32775000000001,9382.187,-29.72,12.4,64.714,1.6085,99.683,32.029,108.907,7.909096421404243,2.285839444980571,47.999458993888446,71.50275,174.88573045801706,,2837.995,,,,17277206.14,98.05833333333334,9142.825877517898,359.907944095,39.365066,40777019076174.55,0.4882005500336266,0.9771416055501942,7.909096421404243,,,0.7758103253601291,1.1304760862583931,0.0143233091605545,0.4274021375999999,98.05833333333334,0.0415,0.994,0.006,29.236,7.935,
Andean & Southern Cone-other,2021,bloc,39700700.0,376454706941.0,143.872,84.63,99.82,75.15,0.87,5.18,74.65,0.0,137.084,6.238,0.55,68.962,31.038,76.06625,10362.29375,-24.67,13.3,75.968,1.878,100.392,32.266,115.015,7.969813521124853,2.3038368305839083,57.2464184926563,69.42875,184.3965503466286,47.36,2845.5725,,,,17042620.67,125.74166666666667,9482.3191263882,376.454706941,39.7007,41234495355023.74,0.4926546582480401,0.976961631694161,7.969813521124853,0.1000097978159705,0.0548356911764705,0.7637342554541087,1.131607730421294,0.0143233091605545,0.4755757444,125.74166666666667,0.0417,0.9988,0.0012,29.716,8.131,
Andean & Southern Cone-other,2022,bloc,40052429.0,387388058958.0,156.731,86.9,103.7,78.66,0.89,5.28,77.05,0.0,150.563,5.368,0.8,71.574,28.426,75.63175000000001,10692.225,-25.04,14.39,80.588,1.90775,99.238,30.802,122.458,8.16540694577357,2.3277952297162283,63.54360663099695,73.1995,152.039440257141,,2831.065,,,,16746891.64,144.51666666666665,9672.024110148226,387.388058958,40.052429,41387725916013.03,0.4748707774620507,0.9767220477028378,8.16540694577357,,,0.7558561924511011,1.1322400803671608,0.0143233091605545,0.5122837476,144.51666666666665,0.0386,0.9246,0.0754,28.749,8.415,0.5274
Andean & Southern Cone-other,2023,bloc,40456473.0,,164.327,95.44,114.23,85.77000000000001,0.88,5.41,85.02,0.0,159.136,4.887,0.304,72.026,27.974,74.83975000000001,10616.50475,-28.46,16.04,84.494,1.965,98.723,31.244,109.994,8.339755513819929,,60.48056924124728,74.48875000000001,134.37335526139108,,2846.095,,,,16253570.69,124.525,,,40.456473,42027182415871.27,,,8.339755513819929,,,,,0.0143233091605545,0.5187744676,124.525,0.04,0.9581,0.0419,28.686,8.406,
Argentina,2000,hub,37213986.0,536480965694.0,600.276,29.0,88.98,90.2,0.0,0.03,28.58,6.18,269.796,322.967,7.513,85.985,11.557,39.537,18907.803,1.22,31.63,143.355,3.852,113.917,37.133,54.57,10.0997920845985,10.3995633561644,22.6224447777343,73.91,31.2222503617945,65.28,,,,,38464615.0,53.65,14416.111343031083,536.480965694,37.213986,36674383203000.0,0.3881884828447468,0.896004366438356,10.0997920845985,0.1374322783575777,0.0467184705882352,0.75724329403034,1.1480537044767705,0.0079562740392262,0.7604771355000001,53.65,,,,,,2.7424
Argentina,2001,hub,37624817.0,514867255248.0,558.672,36.99,90.14,91.89,0.0,0.05,36.58,7.06,250.165,302.35,6.157,82.098,15.036,48.868,18268.281,1.75,27.23,135.004,3.588,113.092,36.622,51.677,10.1385250064859,10.6275077842466,21.8522554515453,74.154,31.0672168961292,,,,,,35800425.0,55.34166666666667,13684.2460987385,514.867255248,37.624817,37079257153500.0,0.3840155242210524,0.893724922157534,10.1385250064859,,,0.7641123603923005,1.1456141536624618,0.0079562740392262,0.6491924393147793,55.34166666666667,,,,,,
Argentina,2002,hub,38029345.0,460558541367.0,535.508,36.38,84.59,90.51,0.0,0.07,35.78,5.82,236.546,294.376,4.586,82.217,15.335,49.888,17306.4,5.92,24.94,124.93,3.285,116.586,37.231,185.242,10.180911977608,10.8554522089041,41.7527243585642,74.312,30.2339386978681,,,,,,31930891.0,53.425,12110.609356195851,460.558541367,38.029345,37477919497500.0,0.3732489814646639,0.891445477910959,10.180911977608,,,0.7573255310064704,1.1403686978539862,0.0079562740392262,0.6209841592110864,53.425,,,,,,
Argentina,2003,hub,38424283.0,503104157615.0,582.639,34.76,92.07,97.1,0.0,0.08,33.8,7.57,240.754,336.29,5.594,83.435,13.613,45.976,18341.469,5.03,29.13,134.421,3.498,123.989,41.076,251.269,10.8993711381267,11.0833966369863,40.6447480311085,74.307,40.2407788602732,,,,,,34637080.0,58.11666666666667,13093.390906344302,503.104157615,38.424283,37867130896500.0,0.3897900515692352,0.889166033630137,10.8993711381267,,,0.750243661082689,1.1436446363544812,0.0079562740392262,0.6995926438290813,58.11666666666667,,,,,,
Argentina,2004,hub,38815915.0,550306327169.0,638.637,31.4,100.26,103.73,0.0,0.07,30.46,7.87,261.026,368.091,9.52,85.674,11.465,39.168,19351.779,3.47,35.86,157.235,4.051,125.187,41.377,295.599,11.6178302986454,11.3113410650685,40.692646108947,74.871,43.8564023853257,,,,,,35407991.0,65.89999999999999,14177.337495947217,550.306327169,38.815915,38253084232500.0,0.4026225739269345,0.886886589349315,11.6178302986454,,,0.7411628747581596,1.1472577916531574,0.0079562740392262,0.8069881023787109,65.89999999999999,,,,,,
Argentina,2005,hub,39216786.0,601050418142.0,676.376,35.21,105.75,109.63,0.0,0.07,34.22,6.87,272.524,392.89,10.962,85.629,12.032,39.792,20306.785,3.88,37.77,161.728,4.124,123.062,41.007,310.783,12.3476170117916,11.5392854931507,40.5512709706238,75.231,35.4391328022349,70.4,,,,,38401634.0,67.63333333333334,15326.35586562346,601.050418142,39.216786,38648142603000.0,0.4031360150436461,0.884607145068493,12.3476170117916,0.1468758896640586,0.0443825294117647,0.7317290968158473,1.1510878528854116,0.0079562740392262,0.8487558868813467,67.63333333333334,0.0388,1.0,0.0,41.404,4.202,
Argentina,2006,hub,39622113.0,652296814311.0,703.27,39.14,113.43,115.79,0.0,0.07,38.02,7.72,286.841,406.505,9.924,84.832,12.678,41.312,21100.816,2.36,39.69,174.342,4.4,125.455,42.329,304.026,13.0020206892268,11.7672299178082,40.4334798719151,75.279,40.5634230309843,,,,,,34088722.0,72.85833333333333,16462.94871530451,652.296814311,39.622113,39047592361500.0,0.4160070027016417,0.882327700821918,13.0020206892268,,,0.7223752808338807,1.1548764957176818,0.0079562740392262,0.8678696318836802,72.85833333333333,0.0336,0.866,0.134,37.559,4.252,
Argentina,2007,hub,40016767.0,714725198062.0,757.522,32.35,113.52,121.12,0.0,0.06,31.22,7.25,316.039,427.122,14.36,87.741,10.024,34.884,21717.797,7.6,44.05,173.764,4.342,122.57,44.551,162.251,13.5144645538954,11.9951743458904,40.945170618571,74.783,48.5216939886278,,,,,,43758359.0,94.55833333333334,17860.643216429755,714.725198062,40.016767,39436523878500.0,0.4315326487648262,0.880048256541096,13.5144645538954,,,0.7102161359111812,1.1595354773880993,0.0079562740392262,0.996261923593939,94.55833333333334,0.0387,0.9974,0.0026,46.971,4.527,
Argentina,2008,hub,40424151.0,747157417513.0,767.493,32.45,121.91,127.39,0.0,0.04,31.2,7.39,318.089,431.887,17.516,87.894,9.872,32.68,21746.203,5.48,48.84,187.596,4.641,120.002,43.278,90.352,13.0216794741092,12.2231187739726,40.4026733790382,75.428,34.8441055889641,,,,,,36846872.0,117.74166666666667,18482.94643251753,747.157417513,40.424151,39838000810500.0,0.4242802190606496,0.877768812260274,13.0216794741092,,,0.705572773016649,1.1616098214417252,0.0079562740392262,1.0,117.74166666666667,0.0352,0.9072,0.0928,40.923,4.588,
Argentina,2009,hub,40854832.0,705920838368.0,729.648,35.85,122.32,128.48,0.0,0.04,34.62,8.18,301.671,418.356,9.621,86.267,11.193,35.996,20858.098,6.16,46.77,178.378,4.366,114.282,38.016,337.584,12.6030715937867,12.4510632020548,34.0571269054879,75.577,22.8523631007779,,,,,,26662032.0,91.8,17278.76003425984,705.920838368,40.854832,40262436936000.0,0.4047864496036866,0.875489367979452,12.6030715937867,,,0.7219532061423468,1.157595866780866,0.0079562740392262,0.9312243235493196,91.8,0.0338,0.8711,0.1289,28.795,4.934,
Argentina,2010,hub,41288694.0,785785170150.0,760.08,34.77,126.0,134.6,0.0,0.03,33.36,7.21,325.734,420.874,13.472,86.765,11.092,33.317,21368.264,8.6,50.6,186.121,4.508,105.478,39.065,244.195,13.8865198469684,12.6790076267123,34.9710132635696,75.68,39.1580160565849,72.0,3064.14,,,,46628492.0,106.88333333333333,19031.48523297928,785.78517015,41.288694,46177733674103.4,0.4331404666293879,0.873209923732877,13.8865198469684,0.1583787130824482,0.0436376470588235,0.7064332764616031,1.1634382841099309,0.0079562740392262,0.9767732042276552,106.88333333333333,,,,,,
Argentina,2011,hub,41730655.0,837742673804.0,791.213,32.61,129.49,139.16,0.0,0.03,31.19,6.4,338.197,438.398,14.619,87.749,10.412,30.126,21743.625,9.67,54.37,189.884,4.55,104.441,40.154,233.023,14.1143132762571,12.9075342465753,35.2061549999644,76.1,41.884276338783,,3055.1,,,,49349166.0,131.76666666666668,20074.994600587983,837.742673804,41.730655,46534333293032.5,0.4443058089701538,0.870924657534247,14.1143132762571,,,0.6975022233284691,1.1669166486686269,0.0079562740392262,1.0,131.76666666666668,,,,,,
Argentina,2012,hub,42161718.0,829147409948.0,831.248,30.99,136.02,143.63,0.01,0.37,29.16,6.4,360.937,456.642,13.669,88.541,9.701,27.489,22393.107,7.61,58.78,191.715,4.547,107.532,39.688,151.266,14.4784027419985,12.9075342465753,30.5265423717108,75.802,34.6406749632157,,3086.0,,,,40712638.0,122.75,19665.88292127944,829.147409948,42.161718,47490537538020.0,0.433283031693314,0.870924657534247,14.4784027419985,,,0.7055910999509606,1.1655529430709315,0.0079562740392262,1.0,122.75,,,,,,
Argentina,2013,hub,42582453.0,849088398588.0,885.847,34.77,139.45,147.51,0.02,0.45,32.77,6.21,410.63,460.277,14.939,88.284,10.134,29.387,23705.746,8.06,58.88,189.525,4.451,109.297,41.103,103.32,14.3937749617238,12.9075342465753,29.3339290021037,75.829,36.2523450609652,,3117.33,,,,51796533.0,120.14166666666668,19939.865807824644,849.088398588,42.582453,48451398746828.84,0.4368165484856784,0.870924657534247,14.3937749617238,,,0.7045005225993576,1.1664662193594155,0.0079562740392262,1.0,120.14166666666668,,,,,,
Argentina,2014,hub,43024071.0,827750786191.0,870.507,34.54,138.54,148.4,0.02,0.62,32.42,5.51,393.066,461.55,15.892,88.183,10.396,28.909,23080.285,9.86,58.76,188.539,4.382,110.422,41.19,177.77,14.2425068604774,12.9075342465753,28.4067936452275,76.268,35.3963480321961,,3156.44,,,,55535814.58,114.975,19239.24833126554,827.750786191,43.024071,49568058013542.6,0.4328391800445546,0.870924657534247,14.2425068604774,,,0.7112661369275597,1.1641308277708853,0.0079562740392262,1.0,114.975,,,,,,
Argentina,2015,hub,43477011.0,850356641236.0,883.202,34.43,145.42,154.38,0.01,0.59,32.34,7.04,400.862,466.526,15.814,87.95,10.275,28.517,23230.486,8.96,62.03,191.809,4.412,109.966,40.856,111.37,14.7452706006161,12.9075342465753,22.4862260889792,76.6,26.4972067443634,100.0,3210.04,,,,53364962.03,93.06666666666666,19558.76500424557,850.356641236,43.477011,50940474702510.6,0.4272419146158045,0.870924657534247,14.7452706006161,0.1988969125106139,0.0334588235294117,0.7145240655423076,1.1651958833474854,0.0079562740392262,1.0,93.06666666666666,,,,,,
Argentina,2016,hub,43900312.0,832669278245.0,883.491,31.49,147.18,156.7,0.01,0.55,29.75,8.28,389.203,482.1,12.189,88.332,9.586,27.021,22909.215,9.52,63.57,190.02,4.328,111.82,43.595,107.859,14.6285035937574,12.9075342465753,26.0938878488799,76.105,40.2733403508413,,3150.8,,,,68228186.97,91.95833333333331,18967.27472563293,832.669278245,43.900312,50487202613104.0,0.4353277208746687,0.870924657534247,14.6285035937574,,,0.7158454894375124,1.1632242490854432,0.0079562740392262,1.0,91.95833333333331,,,,,,
Argentina,2017,hub,44288898.0,856142153676.0,872.594,33.68,145.61,156.07,0.02,0.61,31.59,6.09,377.068,483.0,12.525,88.019,10.445,27.313,22511.016,10.46,61.94,187.068,4.224,115.89,45.999,80.68,14.7534014813516,12.9075342465753,25.2896011376779,76.543,41.0757900889976,100.0,3178.47,,,,76520391.56,97.925,19330.8524785602,856.142153676,44.288898,51381390773511.9,0.440099904651948,0.870924657534247,14.7534014813516,0.1983271311964005,0.033482294117647,0.7136199615409872,1.164436174928534,0.0079562740392262,1.0,97.925,,,,,,
Argentina,2018,hub,44654876.0,833736983405.0,857.065,35.22,146.78,156.34,0.11,1.41,32.28,6.87,356.335,487.021,13.709,87.432,10.824,28.676,22081.684,9.56,60.81,182.483,4.087,115.387,45.202,113.389,14.6823352297849,12.9075342465753,30.7625359549926,76.77,47.0590826510042,,3220.13,,,,71533692.0,95.74166666666667,18670.681862491343,833.736983405,44.654876,52484994636666.2,0.4424832362440837,0.870924657534247,14.6823352297849,,,0.7136484485242462,1.1622356062083046,0.0079562740392262,1.0,95.74166666666667,,,,,,
Argentina,2019,hub,44973469.0,817053926667.0,793.845,34.78,139.53,150.22,0.8,5.0,27.5,8.44,320.132,465.589,8.124,86.311,11.417,30.975,20582.312,10.69,55.48,180.428,4.012,115.653,46.939,161.779,14.9267911235836,12.9075342465753,32.6306150458499,76.847,50.8184088127295,73.28,3253.2,,,,83934093.63,94.925,18167.46505961104,817.053926667,44.973469,53402306613041.99,0.4431595484258226,0.870924657534247,14.9267911235836,0.1580106626490276,0.0427091176470588,0.7159738427907248,1.16055821686537,0.0079562740392262,1.0,94.925,0.0498,1.0,0.0,87.044,5.401,
Argentina,2020,hub,45191960.0,735814250460.0,731.666,36.62,144.64,149.35,1.34,9.41,23.67,10.01,282.339,439.312,10.015,85.285,11.833,32.239,19117.824,4.71,57.09,164.613,3.643,115.126,48.156,129.045,15.3214284409268,12.9075342465753,30.203698807416,75.878,55.2629859289292,,3297.1,,,,83569977.83,98.05833333333334,16281.97251148213,735.81425046,45.19196,54385880130340.0,0.431614175221163,0.870924657534247,15.3214284409268,,,0.7341131969302329,1.1542732417049406,0.0079562740392262,0.9165171830613368,98.05833333333334,0.0498,1.0,0.0,85.569,5.45,
Argentina,2021,hub,45312282.0,812324184006.0,814.009,37.04,153.15,155.65,2.2,12.94,19.65,10.17,340.616,459.341,14.052,86.394,10.947,30.826,20925.615,2.5,62.33,190.197,4.197,112.747,48.256,157.885,15.4306845130431,12.9075342465753,33.078689567466,73.948,62.1493760212176,50.56,3341.96,,,,92198347.34,125.74166666666667,17927.240654222624,812.324184006,45.312282,55272619392742.8,0.4426572548925056,0.870924657534247,15.4306845130431,0.1256021016355565,0.0518548235294117,0.7175276383140122,1.1597574688474088,0.0079562740392262,1.0,125.74166666666667,0.0518,1.0402,-0.0402,94.742,5.33,
Argentina,2022,hub,45407904.0,854914363923.0,856.942,42.27,145.61,158.49,2.94,14.16,22.77,7.47,383.512,458.538,14.892,86.146,12.01,34.16,22049.938,12.88,57.18,183.768,4.047,115.333,50.296,149.233,15.7485867964585,12.9075342465753,31.5801792606256,75.806,63.3037193438363,,3355.13,,,,81989897.27,144.51666666666665,18827.43506335373,854.914363923,45.407904,55607538645844.805,0.4563705413348219,0.870924657534247,15.7485867964585,,,0.71152452854476,1.1627581168778458,0.0079562740392262,1.0,144.51666666666665,0.0461,0.9257,0.0743,85.038,5.518,1.2957
Argentina,2023,hub,45538402.0,,833.535,51.65,148.56,163.9,3.28,14.48,31.49,8.96,370.755,449.475,13.304,83.705,14.1,40.798,22053.053,15.34,52.13,178.407,3.918,114.602,51.357,145.294,14.7577340144481,,26.6769512482215,77.395,50.1885205714362,,3360.43,,,,65403921.54,124.525,,,45.538402,55855443464993.9,,,14.7577340144481,,,,,0.0079562740392262,0.9984295477967634,124.525,0.0379,0.761,0.239,69.76,5.621,
Argentina,2024,hub_country,45696153.0,,805.21,,,,,,,,339.032,456.226,9.952,82.583,14.803,,21513.947,,,,,,,,,,,,,,,,,,,,,,,,,,,,,,,,,,,,,,,
Australia,2000,hub,19132472.0,692059312020.0,1253.194,17.54,216.83,216.83,0.05,0.13,16.47,0.0,455.982,205.551,591.662,96.235,3.765,8.089,68222.211,0.0,174.76,349.898,18.288,185.127,93.781,213.636,3.05546516017339,4.40228455284553,40.8631257691954,79.2341463414634,97.3160652664764,77.44,,,,,34369764.0,53.65,36171.97568719818,692.05931202,19.132472,22346727296000.0,0.6181124981117861,0.9559771544715449,3.05546516017339,0.2088459392179954,0.040270175035868,0.5577037435041532,1.2205732522906607,0.0141271631937454,0.9261175225,53.65,,,,,,1.9336
Australia,2001,hub,19365438.0,713890072308.0,1264.47,17.26,224.26,224.26,0.05,0.29,16.12,0.0,457.085,221.693,585.691,96.345,3.655,7.696,67924.375,0.0,180.11,357.668,18.469,197.299,103.915,111.285,3.15009827785949,4.37682926829268,44.1337313971929,79.6341463414634,102.188842975207,,,,,,38829449.71,55.34166666666667,36864.13249770029,713.890072308,19.365438,22618831584000.0,0.6290114192630798,0.9562317073170732,3.15009827785949,,,0.5486651644553048,1.2228804416590011,0.0141271631937454,0.9365879916710224,55.34166666666667,,,,,,
Australia,2002,hub,19595356.0,747065694937.0,1288.995,17.95,223.49,223.49,0.06,0.53,16.09,0.0,461.975,228.148,598.872,96.289,3.711,8.032,68472.609,0.0,177.6,362.425,18.495,190.631,97.392,69.462,3.08956952995848,4.23451219512195,41.3813128146921,79.9365853658537,95.4682957657468,,,,,,19531219.0,53.425,38124.62988358058,747.065694937,19.595356,22887375808000.0,0.6317616198102775,0.9576548780487804,3.08956952995848,,,0.5409134381554698,1.2270820996119354,0.0141271631937454,0.953643995479662,53.425,,,,,,
Australia,2003,hub,19819449.0,774450991263.0,1306.224,18.66,225.95,225.95,0.06,0.7,16.21,0.0,460.26,229.943,616.021,96.203,3.797,8.258,68662.977,0.0,178.99,370.784,18.708,147.337,60.966,229.498,3.02513570154771,4.09219512195122,40.1348011794482,80.2390243902439,93.534982788296,,,,,,41131141.8,58.11666666666667,39075.30382216983,774.450991263,19.819449,23149116432000.0,0.6372335649408772,0.9590780487804876,3.02513570154771,,,0.5342376669691365,1.230251012740566,0.0141271631937454,0.964665135550347,58.11666666666667,,,,,,
Australia,2004,hub,20046679.0,809792445090.0,1347.753,19.38,229.23,229.23,0.07,0.8,15.69,0.0,471.296,234.536,641.921,96.171,3.829,8.454,70058.688,0.0,181.74,382.005,19.056,168.446,82.404,191.637,3.35094958541062,3.94987804878049,36.9505159618289,80.490243902439,94.4830439342734,,,,,,34779738.0,65.89999999999999,40395.34154709616,809.79244509,20.046679,23414521072000.0,0.6478685346882286,0.9605012195121952,3.35094958541062,,,0.5264216378123698,1.2346511384903205,0.0141271631937454,0.9946728506633032,65.89999999999999,,,,,,
Australia,2005,hub,20294490.0,840092380696.0,1349.514,20.72,230.74,230.74,0.08,1.3,15.47,0.0,478.702,232.59,638.222,95.905,4.095,8.98,69494.242,0.0,182.7,385.082,18.975,148.877,61.452,75.473,3.43673118727464,3.80756097560976,39.0978822564811,80.8414634146341,83.9322021059011,79.36,,,,,39749826.0,67.63333333333334,41395.09693005343,840.092380696,20.29449,23703964320000.0,0.6452223270245737,0.9619243902439024,3.43673118727464,0.2245917423251335,0.0389363385939741,0.5159429766597403,1.2379836564335116,0.0141271631937454,0.9904705949760252,67.63333333333334,0.0211,1.0,0.0,37.487,3.459,
Australia,2006,hub,20590566.0,866678665246.0,1408.571,21.14,237.99,237.99,0.1,2.16,14.95,0.0,493.642,259.431,655.499,95.976,4.024,8.883,71432.609,0.0,188.13,391.373,19.007,167.974,79.327,26.908,3.15374301966859,3.56842479674797,41.4878923489153,81.0414634146342,85.5981921743437,,,,,,20011812.0,72.85833333333333,42091.05593532494,866.678665246,20.590566,24049781088000.0,0.652233926147768,0.9643157520325204,3.15374301966859,,,0.5077533081900436,1.2403035197844166,0.0141271631937454,1.0,72.85833333333333,0.0109,0.5166,0.4834,18.493,3.63,
Australia,2007,hub,20954545.0,911250727265.0,1446.271,20.29,243.19,243.19,0.11,2.85,13.05,0.0,506.27,290.198,649.802,96.214,3.786,8.343,71877.82,0.0,192.4,398.896,19.036,165.577,75.065,80.553,3.01016622626037,3.32928861788618,41.9297451276561,81.2926829268293,89.3276540540541,,,,,,24176799.0,94.55833333333334,43487.02046572712,911.250727265,20.954545,24474908560000.0,0.6661564753320246,0.9667071138211382,3.01016622626037,,,0.4956784176579512,1.244956734885757,0.0141271631937454,1.0,94.55833333333334,0.0123,0.5829,0.4171,22.467,3.682,
Australia,2008,hub,21370595.0,937889628737.0,1475.357,19.12,245.38,245.38,0.14,3.46,11.82,0.0,512.716,285.35,677.291,96.501,3.499,7.792,71675.375,0.0,194.22,404.279,18.918,147.579,60.32,278.823,3.12329640862762,3.09015243902439,42.7522207880308,81.3951219512195,78.0951150491162,,,,,,35211074.0,117.74166666666667,43886.92166675752,937.889628737,21.370595,24960854960000.0,0.6579514938318038,0.969098475609756,3.12329640862762,,,0.4915234319889899,1.2462897388891918,0.0141271631937454,1.0,117.74166666666667,0.0172,0.8152,0.1848,33.721,3.621,
Australia,2009,hub,21783014.0,963129933389.0,1450.366,20.16,249.9,249.9,0.29,4.44,12.64,0.0,504.141,291.364,654.861,96.278,3.722,8.067,69299.156,0.0,196.2,406.977,18.683,151.71,64.432,113.078,3.53300443877485,2.8510162601626,45.5936120867789,81.5439024390244,60.9279482418133,,,,,,34423904.13,91.8,44214.723150294994,963.129933389,21.783014,25442560352000.0,0.6434947778521012,0.971489837398374,3.53300443877485,,,0.4859503616607629,1.2473824105009834,0.0141271631937454,1.0,91.8,0.0171,0.8104,0.1896,32.92,3.596,
Australia,2010,hub,22141583.0,993853968687.0,1443.765,22.16,250.97,250.97,0.98,4.99,13.75,0.0,519.306,317.064,607.394,95.912,4.088,8.83,68144.984,0.0,194.67,405.026,18.293,141.697,53.296,550.921,3.331261471174,2.67784552845528,40.3905070860606,81.6951219512195,77.0385378100364,80.32,3514.7,,,,39137185.64,106.88333333333333,44886.31046330337,993.853968687,22.141583,28404672946086.496,0.6646163320991082,0.9732215447154472,3.331261471174,0.2346637761582584,0.0382488321377331,0.4855569057197446,1.249621034877678,0.0141271631937454,1.0,106.88333333333333,,,,,,
Australia,2011,hub,22479779.0,1024000293343.0,1469.942,30.61,256.28,256.28,2.04,6.43,19.57,0.0,547.06,330.82,592.062,94.608,5.392,11.944,69333.531,0.0,192.06,403.874,17.966,193.829,102.145,280.598,4.12570454160863,2.6859756097561,41.7219860149689,81.8951219512195,68.1152172747035,,3496.46,,,,42828506.87,131.76666666666668,45552.062293094605,1024.000293343,22.479779,28688871550054.098,0.6608372394486579,0.973140243902439,4.12570454160863,,,0.4786774948759094,1.2518402076436488,0.0141271631937454,1.0,131.76666666666668,,,,,,
Australia,2012,hub,22852648.0,1062662906305.0,1448.736,30.27,250.66,250.66,2.41,7.72,17.04,0.0,561.419,332.849,554.468,94.6,5.4,12.076,67218.164,0.0,187.24,405.005,17.722,194.517,102.902,164.683,4.11821980396496,3.22520325203252,43.0198495527558,82.0463414634146,69.4218235379646,,3544.38,,,,35422825.46,122.75,46500.64650297856,1062.662906305,22.852648,29564441009157.6,0.6690014563698731,0.9677479674796748,4.11821980396496,,,0.4694747629224229,1.2550021550099286,0.0141271631937454,1.0,122.75,,,,,,
Australia,2013,hub,23236271.0,1086068056518.0,1454.284,35.53,249.56,249.56,3.85,9.26,19.09,0.0,578.037,350.005,526.242,93.827,6.173,14.237,66946.461,0.0,181.22,397.85,17.122,153.629,63.836,164.425,4.06399125261966,3.89186991869919,41.100511881056,82.1487804878049,72.8357377133193,,3526.67,,,,39873045.54,120.14166666666668,46740.20442083844,1086.068056518,23.236271,29910530844363.05,0.6743739728288085,0.961081300813008,4.06399125261966,,,0.469397784611957,1.2558006814027949,0.0141271631937454,1.0,120.14166666666668,,,,,,
Australia,2014,hub,23595599.0,1113888062929.0,1472.994,32.76,247.65,247.65,4.95,9.78,14.48,0.0,575.428,375.677,521.888,94.337,5.663,13.228,66387.727,0.0,181.82,392.61,16.639,164.133,75.853,83.667,4.16025148718483,3.75264227642276,42.2993095385282,82.3,79.6105167974018,,3514.57,,,,36275175.88,114.975,47207.45012360144,1113.888062929,23.595599,30268860297761.96,0.6847974391900389,0.9624735772357724,4.16025148718483,,,0.4643052727647931,1.2573581670786715,0.0141271631937454,1.0,114.975,,,,,,
Australia,2015,hub,23947997.0,1139303344945.0,1501.139,35.8,253.99,253.99,6.2,11.83,14.09,0.0,570.779,389.95,540.411,94.045,5.955,14.095,66879.32,0.0,185.34,400.589,16.727,161.088,72.207,38.077,4.04705622014241,1.8739837398374,41.4947506939901,82.4,79.4678472983883,100.0,3500.05,,,,36175495.48,93.06666666666666,47574.05577364153,1139.303344945,23.947997,30594003218445.254,0.6874517485344298,0.981260162601626,4.04705622014241,0.2689351394341038,0.0310705882352941,0.4620547845256638,1.2585801859121386,0.0141271631937454,1.0,93.06666666666666,,,,,,
Australia,2016,hub,24329963.0,1169967279612.0,1491.79,41.74,258.23,258.23,7.44,13.04,17.63,0.0,572.201,379.527,540.062,93.215,6.785,16.164,66045.68,0.0,184.25,409.666,16.838,142.951,59.018,95.423,3.90755614259973,2.15914634146341,40.813402217321,82.4487804878049,89.0868017433543,,3517.43,,,,50253593.71,91.95833333333331,48087.50755650553,1169.967279612,24.329963,31236313740607.848,0.7006658812927026,0.978408536585366,3.90755614259973,,,0.4584573681451329,1.2602916918550189,0.0141271631937454,1.0,91.95833333333331,,,,,,
Australia,2017,hub,24731044.0,1197832839959.0,1494.319,39.19,258.97,258.97,8.92,13.21,13.5,0.0,599.949,372.844,521.526,93.627,6.373,15.133,64778.02,0.0,185.96,413.408,16.716,166.517,79.364,89.874,3.99790952181612,2.45094336788618,42.0354135251854,82.5,89.3249869927159,100.0,3472.98,,,,33882044.51,97.925,48434.38230747558,1197.832839959,24.731044,31350003734758.8,0.7033973396307884,0.9754905663211382,3.99790952181612,0.271085955768689,0.0310294117647058,0.4543447339125181,1.2614479410249186,0.0141271631937454,1.0,97.925,,,,,,
Australia,2018,hub,25119700.0,1231576952488.0,1491.4,49.49,262.63,262.63,12.33,16.26,17.31,0.0,610.595,371.908,508.897,92.152,7.848,18.844,64726.418,0.0,180.8,414.781,16.512,168.041,78.005,50.946,4.02677060122049,2.50609756097561,43.5732253645218,82.7487804878049,85.8701168722154,,3450.47,,,,29989113.0,95.74166666666667,49028.33045330955,1231.576952488,25.1197,31636291509535.0,0.7047801725963356,0.974939024390244,4.02677060122049,,,0.4478573541912319,1.2634277681776986,0.0141271631937454,1.0,95.74166666666667,,,,,,
Australia,2019,hub,25482714.0,1255505542015.0,1531.19,55.26,265.9,265.9,18.3,19.47,14.02,0.0,604.199,440.57,486.421,91.593,8.407,20.782,65938.531,0.0,178.18,414.925,16.283,154.257,64.19,39.181,3.97463865148557,2.14634146341463,46.0016827052171,82.9,84.4899748143787,83.52,3485.34,,,,27435471.58,94.925,49268.90997619013,1255.505542015,25.482714,32417811680657.4,0.7055376099497639,0.9785365853658538,3.97463865148557,0.2501002749404753,0.0366327058823529,0.4434240674931985,1.264229699920634,0.0141271631937454,1.0,94.925,0.0168,0.7906,0.2094,26.208,4.412,
Australia,2020,hub,25743787.0,1232259790388.0,1413.45,64.28,265.15,265.15,23.84,22.61,14.42,0.0,522.173,423.173,468.104,89.708,10.292,24.243,61584.258,0.0,170.31,398.547,15.481,135.224,54.751,93.951,3.98386899670048,1.70325203252033,44.499564103879,83.2,102.938193447331,,3468.42,,,,49332133.0,98.05833333333334,47866.29839611398,1232.259790388,25.743787,32590946982887.1,0.7156939082449536,0.9829674796747968,3.98386899670048,,,0.4566146159285045,1.2595543279870467,0.0141271631937454,0.9076627070031296,98.05833333333334,0.0257,1.2094,-0.2094,47.334,4.069,
Australia,2021,hub,25956417.0,1296705194119.0,1383.953,77.27,267.45,267.45,31.19,26.8,15.94,0.0,535.72,395.757,452.476,87.717,12.283,28.891,61230.445,0.0,162.05,388.472,14.966,140.75,64.206,57.855,4.0646020161154,2.2479674796748,40.2022359390595,83.3,120.125219894451,55.68,3473.79,,,,54958515.44,125.74166666666667,49957.01810920205,1296.705194119,25.956417,32911006760806.95,0.7471720072891314,0.977520325203252,4.0646020161154,0.2128445452730051,0.046212,0.4434892798175901,1.2665233936973403,0.0141271631937454,0.8497096970132172,125.74166666666667,0.0286,1.3459,-0.3459,53.045,3.916,
Australia,2022,hub,26200987.0,1344251444393.0,1429.625,87.44,272.92,272.92,37.54,30.05,16.66,0.0,569.0,432.269,428.356,86.753,13.247,32.039,63386.535,0.0,157.71,384.078,14.659,139.423,65.824,44.058,4.0646020161154,2.36178861788618,45.6946418805752,83.2,106.569550615704,,3539.56,,,,59607882.55,144.51666666666665,51305.37427437371,1344.251444393,26.200987,33850087424187.8,0.7422524379350581,0.9763821138211382,4.0646020161154,,,0.4267605724996439,1.2710179142479126,0.0141271631937454,0.8585643102138716,144.51666666666665,0.0334,1.5718,-0.5718,58.527,3.993,0.7629
Australia,2023,hub,26451126.0,,1407.307,95.07,273.11,273.11,44.99,31.87,15.08,0.0,602.696,386.27,418.341,85.677,14.323,34.81,62658.078,0.0,152.04,384.316,14.529,141.254,66.471,44.575,4.02880884345075,,49.044339318428,83.0512195121951,102.688610687155,,3561.93,,,,43120957.25,124.525,,,26.451126,34389226620110.7,,,4.02880884345075,,,,,0.0141271631937454,0.824326085764854,124.525,0.0274,1.2894,-0.2894,42.273,4.532,
Australia,2024,hub_country,26713206.0,,1413.397,,,,,,,,620.483,369.924,422.99,85.267,14.733,,62595.039,,,,,,,,,,,,,,,,,,,,,,,,,,,,,,,,,,,,,,,
Bangladesh,2000,hub,134544303.0,200824294390.0,133.906,0.94,15.94,15.94,0.0,0.0,0.94,0.0,39.488,90.582,3.836,98.375,1.625,5.897,1012.713,0.0,10.29,26.539,0.197,73.923,20.198,9.365,64.1468848428977,,29.3217143619038,62.049,158.10754491018,22.4,,,,,38167129.16,53.65,1492.6257739058635,200.82429439,134.544303,108039075309000.0,0.387054853991121,,64.1468848428977,0.0450915644347646,0.0666104117647058,0.858239737522214,1.104975419246353,0.0089536080132373,0.9677640625,53.65,,,,,,3.2837
Bangladesh,2001,hub,136805810.0,213164797419.0,152.668,0.98,17.38,17.38,0.0,0.0,0.98,0.0,47.167,101.432,4.069,98.169,1.831,5.639,1138.044,0.0,11.25,31.064,0.227,74.105,20.726,9.009,63.7858185449796,,32.0980170730117,62.836,174.590268577623,,,,,,38446503.62,55.34166666666667,1558.1560272842214,213.164797419,136.80581,109855065430000.0,0.4067520930732433,,63.7858185449796,,,0.8549173493662864,1.105193853424281,0.0089536080132373,1.0,55.34166666666667,,,,,,
Bangladesh,2002,hub,138933659.0,226285297151.0,153.837,1.05,18.95,18.95,0.0,0.0,1.05,0.0,42.876,106.711,4.249,98.546,1.454,5.541,1124.599,0.0,12.27,32.007,0.23,75.264,21.284,8.411,63.401705462088,,28.9673807211649,63.591,188.639161517024,,,,,,38848665.02,53.425,1628.7291271224635,226.285297151,138.933659,111563728177000.0,0.4239361792272522,,63.401705462088,,,0.8574598765528146,1.1054290970904084,0.0089536080132373,1.0,53.425,,,,,,
Bangladesh,2003,hub,140970355.0,242325893842.0,162.741,1.12,20.07,20.07,0.0,0.0,1.12,0.0,43.894,114.784,4.063,98.647,1.353,5.58,1171.225,0.0,13.01,33.496,0.238,76.025,20.888,8.991,63.2096489206422,,27.657884900158,64.288,160.266893534273,,,,,,40020196.63,58.11666666666667,1718.9847740824655,242.325893842,140.970355,113199195065000.0,0.3986256155575678,,63.2096489206422,,,0.8580172419824882,1.1057299492469417,0.0089536080132373,1.0,58.11666666666667,,,,,,
Bangladesh,2004,hub,142902857.0,260372737862.0,173.204,1.21,25.13,25.13,0.0,0.0,1.21,0.0,45.732,123.402,4.069,98.767,1.233,4.815,1228.083,0.0,16.41,35.978,0.252,75.405,21.091,8.919,62.5566566797265,,26.8582341492431,64.912,170.671374186418,,,,,,37762193.91,65.89999999999999,1822.0261184981068,260.372737862,142.902857,114750994171000.0,0.4119193914469936,,62.5566566797265,,,0.8579582148632727,1.1060734203949938,0.0089536080132373,1.0,65.89999999999999,,,,,,
Bangladesh,2005,hub,144715789.0,280264340330.0,187.978,1.28,26.96,26.96,0.0,0.0,1.28,0.0,46.996,132.634,8.348,98.877,1.123,4.748,1314.626,0.0,17.65,37.717,0.261,76.956,21.854,7.833,62.3108243066759,,34.396934864465,65.509,192.872642090988,25.6,,,,,40956600.55,67.63333333333334,1936.653507310111,280.26434033,144.715789,116206778567000.0,0.4369919007671731,,62.3108243066759,0.0506816337682752,0.0640657058823529,0.8494642859079508,1.1064555116910335,0.0089536080132373,1.0,67.63333333333334,0.0366,1.0,0.0,40.957,0.459,
Bangladesh,2006,hub,146405983.0,303255436424.0,203.589,1.39,30.16,30.16,0.01,0.0,1.38,0.0,47.272,143.634,12.684,98.949,1.051,4.609,1406.255,0.0,19.78,41.726,0.285,78.065,22.878,8.663,62.0726741952831,,38.1119244325921,66.048,188.408168316832,,,,,,40767634.59,72.85833333333333,2071.3322653214245,303.255436424,146.405983,117564004349000.0,0.4353276383209356,,62.0726741952831,,,0.844626973356396,1.1069044408844049,0.0089536080132373,1.0,72.85833333333333,0.0371,1.0137,-0.0137,40.768,0.478,
Bangladesh,2007,hub,147989282.0,327072515722.0,209.428,0.76,30.99,30.99,0.02,0.0,0.74,0.0,45.713,153.364,10.351,98.963,1.037,2.452,1430.873,0.0,20.86,42.675,0.288,78.855,23.005,9.825,61.5810094491818,,39.9423826531735,66.458,179.81000499002,,,,,,40865220.49,94.55833333333334,2210.109484293599,327.072515722,147.989282,118835393446000.0,0.4291017152774675,,61.5810094491818,,,0.8416400383110465,1.107367031614312,0.0089536080132373,1.0,94.55833333333334,0.0378,1.0328,-0.0328,40.865,0.516,
Bangladesh,2008,hub,149474264.0,349461394439.0,220.054,0.96,34.23,34.23,0.02,0.0,0.94,0.0,45.394,163.764,10.896,98.776,1.224,2.805,1491.569,0.0,23.02,45.341,0.303,81.754,25.076,11.011,61.48114004763,34.1619047619048,42.6209140325589,67.047,195.064350868424,,,,,,49114490.97,117.74166666666667,2337.93688015082,349.461394439,149.474264,120027833992000.0,0.4472870673243313,0.6583809523809521,61.48114004763,,,0.837896278632851,1.1077931229338362,0.0089536080132373,1.0,117.74166666666667,0.0415,1.1339,-0.1339,49.114,0.487,
Bangladesh,2009,hub,150873716.0,372693237092.0,244.008,0.47,37.23,37.23,0.03,0.0,0.44,0.0,42.926,187.467,13.615,99.487,0.513,1.262,1626.153,0.0,25.39,49.188,0.326,82.806,24.721,10.091,61.3735883844204,34.1619047619048,40.092796223023,67.527,184.290524471148,,,,,,49184112.23,91.8,2470.2330331149265,372.693237092,150.873716,121151593948000.0,0.4390893329272083,0.6583809523809521,61.3735883844204,,,0.8393219285010193,1.1082341101103832,0.0089536080132373,1.0,91.8,0.0413,1.1284,-0.1284,49.184,0.504,
Bangladesh,2010,hub,152201978.0,400087800634.0,248.846,0.83,40.86,40.86,0.07,0.0,0.76,0.0,47.633,192.537,8.676,99.166,0.834,2.031,1649.613,0.0,27.59,54.036,0.355,84.043,25.383,7.768,61.2737189828686,34.1619047619048,37.8028426708321,68.009,208.024322968907,35.52,2328.05,,,,51282598.09,106.88333333333333,2628.663607998577,400.087800634,152.201978,129331842432258.52,0.4655805117281132,0.6583809523809521,61.2737189828686,0.0662996590199964,0.059564294117647,0.840291627262513,1.108762212026662,0.0089536080132373,1.0,106.88333333333333,,,,,,
Bangladesh,2011,hub,153591074.0,431418704062.0,268.757,0.98,44.22,44.22,0.06,0.0,0.92,0.0,60.02,195.821,12.916,99.005,0.995,2.216,1768.521,0.0,29.74,55.593,0.362,84.741,26.488,9.465,60.4056234155335,34.1619047619048,47.4208498356898,68.499,249.746915935394,,2365.3,,,,52627376.6,131.76666666666668,2808.878750740424,431.418704062,153.591074,132600473076253.0,0.5102339507442517,0.6583809523809521,60.4056234155335,,,0.8291718272414733,1.109362929169135,0.0089536080132373,1.0,131.76666666666668,,,,,,
Bangladesh,2012,hub,155070110.0,458456647637.0,292.377,0.91,48.62,48.62,0.09,0.0,0.82,0.0,68.357,213.363,10.657,99.154,0.846,1.872,1902.543,0.0,32.76,59.704,0.385,85.275,25.997,11.75,60.3441653222709,34.1619047619048,48.1109227490467,68.989,254.30935709739,,2383.37,,,,53030386.64,122.75,2956.447555476681,458.456647637,155.07011,134900148545805.5,0.5175095957025286,0.6583809523809521,60.3441653222709,,,0.8272520142886476,1.1098548251849223,0.0089536080132373,1.0,122.75,,,,,,
Bangladesh,2013,hub,156532134.0,486135250102.0,303.928,1.07,53.34,53.34,0.13,0.0,0.94,0.0,69.64,219.528,14.76,99.187,0.813,2.006,1958.554,0.0,35.94,64.763,0.414,85.88,26.149,10.02,59.2916954751479,34.1619047619048,46.2964027228174,69.487,253.280642653537,,2384.59,,,,54019096.56,120.14166666666668,3105.6578459602424,486.135250102,156.532134,136241710916496.9,0.5192332635873895,0.6583809523809521,59.2916954751479,,,0.827823115227514,1.1103521928198676,0.0089536080132373,1.0,120.14166666666668,,,,,,
Bangladesh,2014,hub,157964931.0,516793803718.0,316.239,0.78,56.05,58.32,0.16,0.0,0.62,0.0,76.665,230.223,9.351,99.314,0.686,1.392,2016.64,2.27,37.92,67.552,0.428,86.573,27.086,10.625,59.1457325036491,34.1619047619048,44.5140801968096,70.016,278.132224964281,,2410.22,,,,55227209.27,114.975,3271.573003238295,516.793803718,157.964931,138966536138109.28,0.5470580057701834,0.6583809523809521,59.1457325036491,,,0.8282228114428714,1.1109052433441278,0.0089536080132373,1.0,114.975,,,,,,
Bangladesh,2015,hub,159383179.0,552104723056.0,381.858,0.8,59.29,62.67,0.2,0.01,0.59,0.0,92.684,258.541,30.633,99.207,0.793,1.349,2416.201,3.38,40.07,76.946,0.483,87.026,27.743,12.652,59.6315587308904,34.1619047619048,42.0859963070382,70.543,297.810941171621,100.0,2481.03,,,,56084460.15,93.06666666666666,3464.008727395254,552.104723056,159.383179,144333573736945.06,0.5698796268052364,0.6583809523809521,59.6315587308904,0.1586600218184881,0.0359528823529411,0.8290472642980014,1.1115466957579845,0.0089536080132373,1.0,93.06666666666666,,,,,,
Bangladesh,2016,hub,160811934.0,589932630231.0,383.656,1.24,69.09,72.91,0.22,0.01,1.01,0.0,96.11,264.509,23.036,99.26,0.74,1.795,2404.679,3.82,46.47,81.761,0.508,86.753,27.037,11.453,59.8771606360913,34.1619047619048,31.3341501346142,71.075,288.288357639838,,2425.98,,,,55905547.11,91.95833333333331,3668.463002447319,589.932630231,160.811934,142396185510541.8,0.563597718832624,0.6583809523809521,59.8771606360913,,,0.8380953248449915,1.1122282100081575,0.0089536080132373,1.0,91.95833333333331,,,,,,
Bangladesh,2017,hub,162186146.0,630957812405.0,399.297,1.29,73.45,78.11,0.25,0.01,1.03,0.0,108.254,265.927,25.117,99.143,0.857,1.756,2484.585,4.66,49.37,86.531,0.534,89.0,27.872,11.628,59.8243066758854,34.1619047619048,29.9997306724343,71.606,302.542720033696,78.72,2488.05,,,,56427230.96,97.925,3890.331128560142,630.957812405,162.186146,147287442802684.53,0.578662599680597,0.6583809523809521,59.8243066758854,0.1299338278214003,0.0429631764705882,0.8375808432562312,1.112967770428534,0.0089536080132373,1.0,97.925,,,,,,
Bangladesh,2018,hub,163523109.0,678912369102.0,427.053,1.4,79.15,83.93,0.31,0.01,1.08,0.0,124.194,274.29,28.569,99.292,0.708,1.769,2631.359,4.78,53.27,86.608,0.53,89.101,28.649,17.084,59.7088422831682,34.1619047619048,32.5146317240884,72.122,318.46686309072,,2566.95,,,,59015234.3,95.74166666666667,4151.782419339887,678.912369102,163.523109,153210810296355.75,0.5822267847563836,0.6583809523809521,59.7088422831682,,,0.8328871814480793,1.113839274731133,0.0089536080132373,1.0,95.74166666666667,,,,,,
Bangladesh,2019,hub,164913060.0,717214595514.0,479.281,1.19,85.11,91.9,0.37,0.01,0.81,0.0,121.873,309.344,48.065,99.36,0.64,1.398,2926.16,6.79,57.47,94.808,0.575,89.562,28.637,16.189,60.3595298455865,34.1619047619048,31.5780544912404,72.625,320.445462644775,48.32,2522.89,,,,59383344.03,94.925,4349.04667655794,717.214595514,164.91306,151860991129341.0,0.585317173922151,0.6583809523809521,60.3595298455865,0.0885206166913948,0.0531835882352941,0.8321798898707767,1.1144968222551932,0.0089536080132373,1.0,94.925,0.0486,0.9969,0.0031,59.383,0.627,
Bangladesh,2020,hub,166298024.0,754358367084.0,454.276,1.25,85.46,92.13,0.46,0.01,0.78,0.0,102.776,299.153,52.347,99.347,0.653,1.463,2750.767,6.67,58.02,95.729,0.576,90.907,28.937,14.244,60.613044480295,34.1619047619048,26.271447376215,71.421,325.386565272497,,2589.33,,,,61113280.33,98.05833333333334,4536.183587388868,754.358367084,166.298024,157169168806630.78,0.5823153415629846,0.6583809523809521,60.613044480295,,,0.8359270227288778,1.115120611957963,0.0089536080132373,1.0,98.05833333333334,0.0489,1.0031,-0.0031,61.113,0.64,
Bangladesh,2021,hub,167658855.0,807308397444.0,488.968,1.35,95.65,103.75,0.61,0.01,0.73,0.0,140.567,306.089,42.311,99.329,0.671,1.411,2937.336,8.1,64.95,98.53,0.588,92.285,30.403,13.245,60.4908965199355,34.1619047619048,27.7240047036631,71.103,395.72014579444,33.28,2595.44,,,,61986999.44,125.74166666666667,4815.184962607552,807.308397444,167.658855,158829201996738.0,0.5830529977899326,0.6583809523809521,60.4908965199355,0.0686299624065188,0.059074294117647,0.832149453941274,1.1160506165420252,0.0089536080132373,1.0,125.74166666666667,0.0496,1.0174,-0.0174,61.987,0.652,
Bangladesh,2022,hub,169384891.0,858143907016.0,508.413,1.59,102.25,109.96,0.87,0.01,0.71,0.0,166.144,286.872,55.397,99.307,0.693,1.555,3023.729,7.71,69.17,102.147,0.603,93.141,30.684,13.861,60.7838169814218,34.1619047619048,33.7799672705735,74.265,388.941232933807,,2619.73,,,,63136360.42,144.51666666666665,5066.236439093024,858.143907016,169.384891,161966078382291.94,0.5958866742998359,0.6583809523809521,60.7838169814218,,,0.8240013957369846,1.116887454796977,0.0089536080132373,1.0,144.51666666666665,0.0509,1.0441,-0.0441,63.136,0.664,2.0158
Bangladesh,2023,hub,171466986.0,,502.4,1.72,100.73,111.16,1.07,0.0,0.65,0.0,139.369,281.259,81.772,99.21,0.79,1.708,2954.849,10.43,68.77,104.527,0.61,94.319,31.166,14.395,60.6277888905986,,30.9829714104596,74.672,391.888102126796,,2587.65,,,,66313385.01,124.525,,,171.466986,161949239407858.5,,,60.6277888905986,,,,,0.0089536080132373,1.0,124.525,0.0532,1.0913,-0.0913,66.313,0.677,
Bangladesh,2024,hub_country,173562366.0,,522.928,,,,,,,,160.466,273.244,89.219,98.905,1.095,,3048.313,,,,,,,,,,,,,,,,,,,,,,,,,,,,,,,,,,,,,,,
Brazil,2000,hub,174018278.0,1739728033832.0,1346.812,312.26,348.93,391.92,0.0,0.0,304.4,6.05,1098.586,97.045,151.181,58.334,40.939,91.225,13586.246,42.99,31.21,340.183,1.955,417.31,123.375,1949.836,5.43757343140938,0.991167638226462,22.6397613589755,69.584,144.516810420701,65.28,,,,,46527201.96,53.65,9997.386790782975,1739.728033832,174.018278,171495012969000.0,0.4567566439278816,0.9900883236177354,5.43757343140938,0.1263854669769574,0.0484997647058823,0.7940486820511664,1.1333246226359432,0.0068772930336116,0.3445264374000001,53.65,,,,,,0.5129
Brazil,2001,hub,176301201.0,1785513006345.0,1377.541,276.93,328.55,366.4,0.0,0.03,267.88,14.28,1105.891,122.862,148.788,61.071,37.181,88.635,13068.835,37.85,34.74,346.166,1.963,429.615,127.265,1852.799,5.50660792951542,0.996820349761526,26.936285024943,69.98,148.571428571429,,,,,,57125393.44,55.34166666666667,10127.628151239876,1785.513006345,176.301201,173744833585500.0,0.4630771848738124,0.9900317965023848,5.50660792951542,,,0.7886668137147247,1.133758760504133,0.0068772930336116,0.3923951279712839,55.34166666666667,,,,,,
Brazil,2002,hub,178503485.0,1861742323845.0,1368.482,296.42,345.72,382.28,0.0,0.06,286.09,13.84,1079.309,145.163,144.01,59.532,38.819,89.743,13173.609,36.56,33.64,347.765,1.948,450.588,132.379,2001.901,5.57564242762146,1.00247306129659,27.6183574077173,70.396,164.911312819192,,,,,,50875594.0,53.425,10429.725357154792,1861.742323845,178.503485,175915184467500.0,0.4828992857884592,0.989975269387034,5.57564242762146,,,0.7854672646159928,1.134765751190516,0.0068772930336116,0.3700830174523797,53.425,,,,,,
Brazil,2003,hub,180622688.0,1904932706436.0,1351.825,317.62,364.39,402.58,0.0,0.06,305.62,13.36,1039.934,162.473,149.419,57.989,40.449,90.831,13211.707,38.19,33.04,344.645,1.908,471.538,137.421,2998.516,5.64467692572749,1.00812577283166,28.1403847215489,70.884,188.76334809979,,,,,,67454328.6,58.11666666666667,10546.47523812734,1904.932706436,180.622688,178003659024000.0,0.5092520065500508,0.9899187422716834,5.64467692572749,,,0.78397232162739,1.1351549174604243,0.0068772930336116,0.3466156557495534,58.11666666666667,,,,,,
Brazil,2004,hub,182675144.0,2038447931287.0,1425.762,333.38,387.49,424.87,0.0,0.06,320.8,11.61,1075.881,193.225,156.657,58.27,40.444,89.032,13703.958,37.38,39.44,361.434,1.979,494.991,145.924,2322.273,5.71371142383353,1.01377848436672,29.6782524803495,71.361,229.819289722757,,,,,,63953364.1,65.89999999999999,11158.868615902118,2038.447931287,182.675144,180026354412000.0,0.556074100103281,0.9898622151563328,5.71371142383353,,,0.7773311757204662,1.1371962287196735,0.0068772930336116,0.3673758446633561,65.89999999999999,,,,,,
Brazil,2005,hub,184688101.0,2129214530430.0,1446.699,351.19,403.07,442.11,0.0,0.09,337.46,9.85,1094.343,201.271,151.085,57.674,41.27,89.573,13910.277,39.04,39.86,364.371,1.973,497.686,145.947,2033.341,5.78274592193957,1.01943119590178,27.0867952052479,71.832,174.313388368196,69.76,,,,,55670925.0,67.63333333333334,11528.704442253158,2129.21453043,184.688101,182010123535500.0,0.50469612386557,0.9898056880409822,5.78274592193957,0.1364857611056329,0.0460061176470588,0.7768406677759758,1.138429014807511,0.0068772930336116,0.3638406994844106,67.63333333333334,0.0292,1.0,0.0,54.908,14.317,
Brazil,2006,hub,186653099.0,2240805319046.0,1481.59,363.89,419.45,460.61,0.0,0.24,348.8,13.75,1120.918,211.698,148.974,57.428,41.147,90.032,14152.363,41.16,40.25,368.871,1.976,493.284,143.004,1787.407,5.85225899542243,1.02508390743685,26.0416998879446,72.296,184.578014474384,,,,,,59148978.0,72.85833333333333,12005.186793314371,2240.805319046,186.653099,183946629064500.0,0.5197749460376564,0.9897491609256316,5.85225899542243,,,0.7739150768344357,1.140017289311048,0.0068772930336116,0.3718034010948491,72.85833333333333,0.0325,1.113,-0.113,58.568,15.157,
Brazil,2007,hub,188552311.0,2405626901513.0,1551.844,392.74,445.15,483.98,0.0,0.66,374.02,12.35,1175.956,218.016,157.872,56.519,42.285,91.001,14905.908,38.83,40.47,390.573,2.071,491.52,155.795,1637.143,5.92679711036187,1.0990990990991,25.2926113757805,72.73,233.14241879807,,,,,,69441634.0,94.55833333333334,12758.405817221726,2405.626901513,188.552311,185818302490500.0,0.574892575226607,0.989009009009009,5.92679711036187,,,0.7683873401473718,1.1425280193907392,0.0068772930336116,0.3758583936616796,94.55833333333334,0.0357,1.2226,-0.2226,69.068,16.145,
Brazil,2008,hub,190367297.0,2559842659987.0,1645.634,390.53,463.18,505.39,0.0,1.18,369.56,13.97,1228.893,256.609,160.132,57.327,41.389,87.331,15424.676,42.21,52.63,412.638,2.168,488.155,148.711,1434.503,6.00121558145712,1.17295530824943,27.2575694165953,73.111,214.677605215415,,,,,,79745466.44,117.74166666666667,13446.861411217074,2559.842659987,190.367297,187606971193500.0,0.5623621714862739,0.9882704469175057,6.00121558145712,,,0.7606852521565958,1.1448228713707236,0.0068772930336116,0.4105486427577344,117.74166666666667,0.0384,1.3151,-0.3151,79.411,16.945,
Brazil,2009,hub,192079958.0,2589568436235.0,1561.627,415.11,466.17,506.15,0.0,1.24,390.99,12.96,1225.733,206.686,129.207,54.653,44.157,91.827,15230.74,39.98,40.73,389.775,2.029,486.858,144.287,1232.419,6.07575369639657,1.2468799682035,22.1059756060711,73.457,148.486392816352,,,,,,70914790.87,91.8,13481.721170696008,2589.568436235,192.079958,189294798609000.0,0.4976245339543254,0.987531200317965,6.07575369639657,,,0.7655463479714621,1.1449390705689868,0.0068772930336116,0.3538776051051173,91.8,0.0355,1.2158,-0.2158,70.583,16.71,
Brazil,2010,hub,193701931.0,2820492538862.0,1753.845,437.41,515.8,550.45,0.0,2.18,403.29,14.52,1309.879,275.768,168.198,56.281,42.505,87.617,16462.07,34.65,58.88,440.269,2.273,507.871,162.328,1112.989,6.15029181133602,1.32080462815757,22.7721781132208,73.779,202.796751288785,72.32,3302.99,,,,75160152.06,106.88333333333333,14560.993400019332,2820.492538862,193.701931,233525372491896.84,0.5602665112104825,0.9867919537184244,6.15029181133602,0.1476504835000483,0.0443084117647058,0.7558862102199514,1.148536644666731,0.0068772930336116,0.4213821312726108,106.88333333333333,,,,,,
Brazil,2011,hub,195284736.0,2968455007203.0,1826.877,463.66,531.76,567.65,0.0,2.7,428.33,15.66,1372.37,274.834,179.673,56.37,42.378,90.138,16981.988,35.89,53.05,461.911,2.365,505.267,159.959,1058.346,6.22471028243126,1.27743552375905,23.9344051765103,74.047,251.427316585619,,3348.85,,,,77586276.0,131.76666666666668,15200.65043487577,2968.455007203,195.284736,238702440176064.0,0.6141073390926339,0.9872256447624096,6.22471028243126,,,0.7493935078661917,1.1506688347829193,0.0068772930336116,0.4405941168527441,131.76666666666668,,,,,,
Brazil,2012,hub,196876113.0,3025484250011.0,1951.53,456.16,552.5,592.76,0.0,5.05,415.34,16.04,1447.965,325.765,177.8,58.501,40.259,85.466,17312.078,40.26,70.91,497.468,2.527,506.852,161.607,1199.12,6.29924839737071,1.23406641936054,25.1142736103322,74.335,230.132478632479,,3300.03,,,,89908244.0,122.75,15367.452170345316,3025.484250011,196.876113,237139433901937.3,0.5949409832975261,0.9876593358063946,6.29924839737071,,,0.7468236249701234,1.1512248405678178,0.0068772930336116,0.5064120515379081,122.75,,,,,,
Brazil,2013,hub,198478290.0,3116394665745.0,2073.493,438.54,570.83,611.16,0.0,6.58,390.99,15.45,1498.018,383.828,191.647,60.442,38.407,79.532,17638.982,40.33,95.81,531.569,2.678,506.459,161.161,1276.237,6.37366686846595,1.19069731496202,25.7859573281452,74.609,265.567784201832,,3311.13,,,,100901726.0,120.14166666666668,15701.438508690297,3116.394665745,198.47829,239873408434210.53,0.6335699232793751,0.9880930268503798,6.37366686846595,,,0.7433687217661025,1.152338128362301,0.0068772930336116,0.5731466792813147,120.14166666666668,,,,,,
Brazil,2014,hub,200085126.0,3132099937531.0,2151.135,432.75,590.55,624.33,0.02,12.21,373.44,15.38,1540.811,406.555,203.77,61.318,37.566,75.883,17870.57,33.78,113.94,556.526,2.781,512.64,167.812,1317.9,6.4482049834054,1.14859565447801,24.685405813292,74.823,285.060525095092,,3354.31,,,,101402184.0,114.975,15653.836945036084,3132.099937531,200.085126,244968851732466.88,0.6535006145325875,0.98851404345522,6.4482049834054,,,0.744865952978074,1.1521794564834538,0.0068772930336116,0.6114625039050453,114.975,,,,,,
Brazil,2015,hub,201675534.0,3021043246476.0,2089.39,431.31,581.22,615.64,0.06,21.63,359.74,14.73,1455.043,429.365,204.981,60.217,38.708,76.742,17530.328,34.42,109.64,528.174,2.619,521.174,165.629,1344.124,6.52274309834485,1.1280692457163,26.9536259372369,75.106,234.965094097362,100.0,3299.99,,,,106026684.77,93.06666666666666,14979.721072542196,3021.043246476,201.675534,242917444587300.88,0.5999099012476432,0.988719307542837,6.52274309834485,0.1874493026813555,0.034074,0.7482153651249115,1.1499324035751408,0.0068772930336116,0.5725790355549223,93.06666666666666,,,,,,
Brazil,2016,hub,203218108.0,2922076150345.0,1935.609,465.82,578.89,619.68,0.09,33.49,380.91,15.86,1379.58,370.879,185.15,57.285,41.536,83.208,16983.99,40.79,86.63,491.745,2.42,524.133,164.676,1260.305,6.59716156944009,1.17134781840664,24.5336820770756,75.081,240.181955023576,,3280.27,,,,84166681.6,91.95833333333331,14379.01464147575,2922.076150345,203.218108,243312746042143.4,0.6010338173392966,0.9882865218159336,6.59716156944009,,,0.7556411959106265,1.1479300488049191,0.0068772930336116,0.4813268609528398,91.95833333333331,,,,,,
Brazil,2017,hub,204703440.0,2960731613785.0,1960.447,467.02,589.32,625.67,0.83,42.37,370.91,15.74,1388.852,376.32,195.275,57.551,41.294,81.918,16988.619,36.35,91.86,497.255,2.429,522.645,173.265,1122.206,6.67158004053533,1.16021904257198,24.3197343741684,75.383,275.933897636383,100.0,3296.82,,,,117977043.93,97.925,14463.516655044976,2960.731613785,204.70344,246327694197192.03,0.638414989062173,0.9883978095742804,6.67158004053533,0.1861587916376124,0.0339599411764705,0.7551509601671236,1.148211722183483,0.0068772930336116,0.4917943024747093,97.925,,,,,,
Brazil,2018,hub,206107265.0,3013541086239.0,1867.518,495.29,601.39,636.37,3.46,48.48,388.97,15.67,1317.631,358.908,190.979,54.731,44.126,84.963,16915.357,34.98,82.36,476.601,2.312,522.116,167.676,1162.029,6.66870858827442,1.17470411588059,28.876203376153,75.633,293.991298575478,,3339.51,,,,103259697.62,95.74166666666667,14621.22689483556,3013.541086239,206.107265,251228504477154.75,0.6584061445410484,0.988252958841194,6.66870858827442,,,0.7492802391668839,1.1487374229827854,0.0068772930336116,0.4240342784860167,95.74166666666667,,,,,,
Brazil,2019,hub,207455459.0,3050327159562.0,1872.509,515.44,633.33,658.29,6.65,55.99,397.88,16.13,1335.663,357.333,179.512,53.678,45.178,83.933,17194.145,24.96,89.89,476.724,2.298,528.946,175.207,1237.693,6.66583713601351,1.19130895601484,28.8902578697354,75.809,296.983630685286,75.84,3350.08,,,,121202029.78,94.925,14703.528045323696,3050.327159562,207.455459,253672220191652.8,0.6625683274580322,0.9880869104398516,6.66583713601351,0.1529348201133092,0.0422405294117647,0.7485803417525672,1.149011760151079,0.0068772930336116,0.409136417245157,94.925,0.0538,1.0047,-0.0047,120.297,21.87,
Brazil,2020,hub,208660845.0,2950377451264.0,1734.183,522.92,628.76,653.48,10.75,57.05,396.38,14.05,1257.651,314.237,162.295,51.847,47.116,85.401,16401.875,24.72,83.85,447.999,2.147,535.772,183.761,1369.24,6.66296568375261,1.18494912559618,32.3020785443492,74.506,365.713126234512,,3322.75,,,,125585148.34,98.05833333333334,14139.583548911633,2950.377451264,208.660845,253064655294168.75,0.657226243267254,0.9881505087440382,6.66296568375261,,,0.7498680585480539,1.1471319451630388,0.0068772930336116,0.3530497236790943,98.05833333333334,0.0533,0.9953,0.0047,124.655,21.752,
Brazil,2021,hub,209550291.0,3097565215045.0,1939.336,507.87,656.4,679.5,16.75,72.29,362.82,14.7,1337.804,404.465,197.067,55.294,43.673,79.612,17089.926,23.1,110.32,496.562,2.37,545.361,189.952,1551.57,6.6600942314917,1.18901254195372,37.6563307592575,73.038,386.636366902598,51.2,3374.66,,,,111985318.13,125.74166666666667,14781.96570504882,3097.565215045,209.550291,258113759534511.88,0.656327614504247,0.9881098745804628,6.6600942314917,0.118634914262622,0.0520055294117647,0.739160621698669,1.1492732190168296,0.0068772930336116,0.448477553641367,125.74166666666667,0.0453,0.8459,0.1541,110.836,20.225,
Brazil,2022,hub,210306411.0,3187412907763.0,1872.792,593.89,677.16,690.07,30.13,81.63,427.11,14.56,1390.148,319.876,162.767,51.359,47.66,89.853,17744.193,12.91,70.01,480.058,2.283,566.221,194.986,1652.704,6.65722277923079,1.20014131778838,38.8160659764321,74.872,363.002174616297,,3419.51,,,,135743835.43,144.51666666666665,15156.0425219895,3187.412907763,210.306411,262487879549692.62,0.6652944011269888,0.9879985868221162,6.65722277923079,,,0.7348835796736555,1.150520141739965,0.0068772930336116,0.3737944472819904,144.51666666666665,0.0496,0.9262,0.0738,134.371,21.034,0.7801
Brazil,2023,hub,211140731.0,,1883.23,630.19,708.12,723.23,50.63,95.8,426.0,14.5,1425.2,298.761,159.269,50.109,48.95,91.042,18252.027,15.11,68.16,483.992,2.292,566.203,196.181,1602.068,6.65722277923079,,33.6662298301284,75.848,344.085888357715,,3423.45,,,,155877081.97,124.525,,,211.140731,263832853472811.7,,,6.65722277923079,,,,,0.0068772930336116,0.3576908814425102,124.525,0.0541,1.0103,-0.0103,154.926,22.406,
Brazil,2024,hub_country,211998565.0,,1889.178,,,,,,,,1427.733,313.639,147.807,49.378,49.616,,18486.229,,,,,,,,,,,,,,,,,,,,,,,,,,,,,,,,,,,,,,,
Canada,2000,hub,30891800.0,1137681278760.0,2356.577,365.96,603.82,567.99,0.02,0.26,356.76,72.29,1109.182,892.207,355.188,65.852,28.536,72.58,118073.062,-35.83,148.35,566.68,18.344,121.653,38.863,266.639,4.56980522196531,1.46968484842105,82.7653578503214,79.1668292682927,59.6858509677577,71.68,,,,,51090400.0,53.65,36827.93747078512,1137.68127876,30.8918,36081622400000.0,0.5846177727002994,0.9853031515157896,4.56980522196531,0.2024218436769628,0.042313893830703,0.5103351632264692,1.2227597915692838,0.0106254712945528,0.4706047328,53.65,,,,,,2.4843
Canada,2001,hub,31213578.0,1161459919261.0,2350.008,341.54,587.76,565.46,0.02,0.33,331.52,76.16,1140.463,840.422,369.123,66.972,27.032,71.066,114440.516,-22.3,150.26,558.981,17.908,121.985,37.813,273.736,4.56723985816884,1.46683413087719,78.3442183943698,79.3980487804878,60.4208996776399,,,,,,43391400.0,55.34166666666667,37210.085920332494,1161.459919261,31.213578,36457459104000.0,0.5887165466070683,0.985331658691228,4.56723985816884,,,0.5115717322695261,1.2240336197344417,0.0106254712945528,0.4873190818760926,55.34166666666667,,,,,,
Canada,2002,hub,31535579.0,1199865635264.0,2428.989,359.75,599.79,578.48,0.02,0.41,349.27,75.0,1183.052,874.665,371.271,66.997,27.335,72.484,117118.281,-21.31,147.02,564.256,17.893,124.416,38.558,241.73,4.5300978518982,1.46398341298246,75.7070320779233,79.5307317073171,64.8823587344577,,,,,,36046900.0,53.425,38047.99763670108,1199.865635264,31.535579,36833556272000.0,0.599232376455937,0.9853601658701754,4.5300978518982,,,0.5072263209495678,1.2268266587890038,0.0106254712945528,0.5017929409239733,53.425,,,,,,
Canada,2003,hub,31836483.0,1224575760991.0,2495.393,346.27,588.27,582.53,0.02,0.69,336.14,74.37,1227.188,897.848,370.358,68.423,26.02,71.505,116565.047,-5.74,148.03,581.19,18.255,123.516,39.308,231.768,4.49295584562756,1.4611326954386,69.8400946170607,79.7151219512195,66.6676927659997,,,,,,49197200.0,58.11666666666667,38464.54273831064,1224.575760991,31.836483,37185012144000.0,0.6044454669276689,0.985388673045614,4.49295584562756,,,0.5096220492303507,1.2282151424610357,0.0106254712945528,0.5360110669917095,58.11666666666667,,,,,,
Canada,2004,hub,32132680.0,1265917327101.0,2508.973,349.15,598.5,587.97,0.01,0.94,338.4,89.76,1280.921,878.198,349.854,67.733,25.7,73.335,117265.898,-10.53,140.85,576.286,17.935,127.205,38.632,234.704,4.45581383935692,1.45828197754386,70.1924199909562,79.9921951219512,62.1133445142557,,,,,,50778200.0,65.89999999999999,39396.56844997056,1265.917327101,32.13268,37530970240000.0,0.6070825287287891,0.9854171802245614,4.45581383935692,,,0.5015028429259559,1.2313218948332354,0.0106254712945528,0.5358009489156814,65.89999999999999,,,,,,
Canada,2005,hub,32440172.0,1310077836124.0,2473.381,372.71,620.5,596.65,0.02,1.57,361.96,91.4,1249.107,875.917,348.356,66.365,27.043,74.796,117037.102,-23.85,139.62,570.396,17.583,126.354,39.671,238.309,4.41867183308628,1.45543126,69.7591330167357,80.1126829268293,70.6381764943457,76.48,,,,,50962400.0,67.63333333333334,40384.42940820412,1310.077836124,32.440172,37890120896000.0,0.6226183515064766,0.9854456874,4.41867183308628,0.2180330735205103,0.0402444246771879,0.4937039552482299,1.2346147646940138,0.0106254712945528,0.508177522726913,67.63333333333334,0.033,1.0,0.0,46.842,2.488,
Canada,2006,hub,32759174.0,1348293394113.0,2362.242,364.32,608.43,589.32,0.02,2.47,352.89,97.28,1154.078,870.735,337.429,65.572,27.208,75.867,112017.781,-19.11,131.73,566.315,17.287,129.923,37.06,201.718,4.38152982681564,1.45258054210526,68.0521644769988,80.5436585365854,53.9682814448998,,,,,,48577300.0,72.85833333333333,41157.734749752846,1348.293394113,32.759174,38262715232000.0,0.6126249157880633,0.9854741945789474,4.38152982681564,,,0.4889667126083942,1.2371924491658428,0.0106254712945528,0.4784591169738061,72.85833333333333,0.0313,0.9485,0.0515,43.986,2.344,
Canada,2007,hub,33092171.0,1379925831954.0,2582.263,379.65,634.19,603.24,0.03,3.01,367.62,92.83,1292.939,936.564,352.759,67.058,26.53,74.501,118416.227,-30.95,144.44,589.956,17.828,128.17,40.612,169.171,4.33702634182469,1.4497298245614,66.2834197482347,80.5436585365854,78.8354850324041,,,,,,48005300.0,94.55833333333334,41699.46516818132,1379.925831954,33.092171,38651655728000.0,0.6411036554984241,0.985502701754386,4.33702634182469,,,0.4862210371835876,1.238998217227271,0.0106254712945528,0.5398579163295483,94.55833333333334,0.0305,0.9242,0.0758,42.773,2.325,
Canada,2008,hub,33449088.0,1397938727409.0,2508.485,389.3,635.11,602.95,0.04,3.79,377.49,95.35,1247.824,925.439,335.222,66.006,27.374,76.31,115754.156,-32.16,135.58,574.214,17.167,124.892,39.386,161.158,4.29252285683374,1.40551929824561,67.0236083618983,80.7246341463415,73.5524490061063,,,,,,56030400.0,117.74166666666667,41793.02967569699,1397.938727409,33.449088,39068534784000.0,0.6370831203017622,0.985944807017544,4.29252285683374,,,0.4847011443406268,1.23931009891899,0.0106254712945528,0.5102763191548444,117.74166666666667,0.0346,1.0485,-0.0485,51.103,2.362,
Canada,2009,hub,33826370.0,1360538049277.0,2394.783,384.38,613.87,580.25,0.11,6.64,368.69,89.46,1217.423,897.275,280.084,65.577,27.993,77.189,109988.281,-33.62,125.43,541.13,15.997,118.125,37.796,112.823,4.24801937184279,1.36130877192982,58.4743918224897,81.0660975609756,71.5843354513469,,,,,,49691900.0,91.8,40221.22531258896,1360.538049277,33.82637,39509200160000.0,0.6258414759857754,0.986386912280702,4.24801937184279,,,0.5063487305726023,1.2340707510419633,0.0106254712945528,0.4798558504027466,91.8,0.0335,1.0152,-0.0152,46.141,2.293,
Canada,2010,hub,34196900.0,1406355361431.0,2477.27,370.67,607.03,582.01,0.26,8.72,351.39,90.03,1274.582,915.721,286.967,67.085,26.567,75.894,109967.695,-25.02,130.38,554.307,16.209,118.916,38.816,89.06,4.20351588685184,1.30521578947368,60.2081215044483,81.3221951219512,79.6564597871945,80.0,3537.74,,,,46122200.0,106.88333333333333,41125.22952171103,1406.355361431,34.1969,44157605467190.0,0.6408441687937232,0.9869478421052632,4.20351588685184,0.2248130738042776,0.0385143902439024,0.4970816324812931,1.2370840984057034,0.0106254712945528,0.5178552742491481,106.88333333333333,,,,,,
Canada,2011,hub,34555449.0,1454221365109.0,2538.526,396.69,638.27,601.59,0.57,10.19,375.72,92.94,1274.027,1005.508,258.99,66.293,27.419,76.712,112865.477,-36.68,131.6,562.832,16.288,119.642,41.119,132.766,4.15867778919179,1.24912280701754,62.4987387708328,81.4826829268293,96.8935228644227,,3572.99,,,,48337200.0,131.76666666666668,42083.706251624746,1454.221365109,34.555449,45065189908716.15,0.6650375042836715,0.9875087719298246,4.15867778919179,,,0.4868037091322944,1.2402790208387493,0.0106254712945528,0.5183112096650591,131.76666666666668,,,,,,
Canada,2012,hub,34922513.0,1479829523672.0,2520.988,403.37,636.54,589.79,0.88,11.31,380.27,94.2,1281.337,994.235,245.416,65.8,27.863,78.168,111724.289,-46.75,123.1,561.77,16.086,122.582,42.91,138.232,4.18645064072749,1.27859649122807,62.5955489395005,81.6636585365854,104.224516438429,,3555.98,,,,51846500.0,122.75,42374.65739283997,1479.829523672,34.922513,45327071588875.1,0.674946909578644,0.9872140350877192,4.18645064072749,,,0.4842823061201664,1.2412488579761334,0.0106254712945528,0.5077771041313226,122.75,,,,,,
Canada,2013,hub,35293421.0,1514296485427.0,2576.755,415.48,655.69,603.81,1.5,11.15,391.79,102.72,1283.016,1054.407,239.333,65.57,27.745,79.031,113458.836,-51.88,122.59,568.59,16.11,123.239,42.682,138.168,4.2142234922632,1.3080701754386,62.2310749013405,81.7448780487805,96.4984252176905,,3531.25,,,,66535401.0,120.14166666666668,42905.913978330405,1514.296485427,35.293421,45489910910781.25,0.6710491860297066,0.986919298245614,4.2142234922632,,,0.4802196419459061,1.2430197132611014,0.0106254712945528,0.51804153527189,120.14166666666668,,,,,,
Canada,2014,hub,35634265.0,1557757464897.0,2602.08,407.24,652.97,607.36,2.12,12.82,382.5,106.54,1276.067,1098.415,227.597,66.089,27.026,78.684,112508.438,-45.61,123.32,564.938,15.854,128.456,42.09,155.265,4.2419963437989,1.28087719298246,64.3786621564923,81.7843902439025,102.150820361801,,3500.25,,,,51683501.0,114.975,43715.1563220681,1557.757464897,35.634265,45526025164181.25,0.6822359849383814,0.9871912280701756,4.2419963437989,,,0.4713283684929402,1.245717187740227,0.0106254712945528,0.5325205144269369,114.975,,,,,,
Canada,2015,hub,35962236.0,1568025782105.0,2597.854,422.04,661.08,601.55,2.89,26.97,382.19,101.1,1280.189,1103.324,214.341,65.785,27.733,79.134,111824.336,-59.53,121.88,563.003,15.655,127.164,42.069,162.963,4.26988073289098,1.25368421052632,66.1649020669781,81.8258536585366,104.357139125438,100.0,3504.89,,,,53563000.0,93.06666666666666,43602.01023387422,1568.025782105,35.962236,46005943686924.59,0.683834337910807,0.9874631578947368,4.26988073289098,0.2590050255846856,0.0313070014347202,0.4704850126507367,1.2453400341129142,0.0106254712945528,0.5240829254235753,93.06666666666666,,,,,,
Canada,2016,hub,36353345.0,1583727974022.0,2535.3,430.73,667.13,603.33,3.01,30.93,385.43,100.72,1265.299,1056.379,213.621,65.047,28.46,79.662,109289.445,-63.8,120.67,553.707,15.231,122.513,41.094,139.676,4.29754204687031,1.26285964912281,65.3636845215556,81.94,99.2732935375032,,3573.24,,,,58905767.63,91.95833333333331,43564.84868234271,1583.727974022,36.353345,47413217668046.99,0.6789056180864546,0.987371403508772,4.29754204687031,,,0.4715959097922552,1.2452161622744755,0.0106254712945528,0.5006381362465134,91.95833333333331,,,,,,
Canada,2017,hub,36808498.0,1631871440185.0,2567.721,440.56,669.35,607.11,3.31,31.51,394.59,100.6,1251.979,1096.391,219.351,64.986,28.65,80.849,109394.164,-62.24,115.17,566.66,15.395,124.508,41.847,163.224,4.29519975818658,1.2720350877193,65.1010608504649,81.8078048780488,101.820353683554,100.0,3569.68,,,,56770935.0,97.925,44334.094811067815,1631.871440185,36.808498,47959014086333.6,0.6861144147386882,0.987279649122807,4.29519975818658,0.2608352370276695,0.0313144332855093,0.4654481490573033,1.2477803160368928,0.0106254712945528,0.5052193571966076,97.925,,,,,,
Canada,2018,hub,37294996.0,1677189073139.0,2651.679,433.39,661.2,613.0,3.49,33.47,385.89,100.03,1293.815,1176.902,180.962,66.13,27.664,80.675,109464.797,-48.2,112.97,575.091,15.42,125.972,43.702,141.203,4.31538805588924,1.2720350877193,66.5998858508762,81.8036585365854,111.811837684156,,3575.58,,,,58726900.0,95.74166666666667,44970.88759947849,1677.189073139,37.294996,48673203256153.2,0.7003365498490199,0.987279649122807,4.31538805588924,,,0.458642717486803,1.2499029586649284,0.0106254712945528,0.5382602725174148,95.74166666666667,,,,,,
Canada,2019,hub,37782934.0,1708858221312.0,2645.248,428.71,655.7,608.62,3.75,32.88,381.77,100.49,1289.551,1186.542,169.154,66.353,27.407,80.708,107455.625,-47.08,111.46,579.007,15.325,125.164,42.378,119.96,4.31070347852177,1.2720350877193,66.1714852804959,82.1585365853659,106.732560546471,86.72,3557.96,,,,61473900.0,94.925,45228.30919673946,1708.858221312,37.782934,49067011266943.6,0.6982259274534764,0.987279649122807,4.31070347852177,0.2444787729918486,0.0358180143472022,0.4569259380800087,1.2507610306557984,0.0106254712945528,0.5406797046101438,94.925,0.0408,0.9867,0.0133,56.519,2.69,
Canada,2020,hub,38171903.0,1622144486274.0,2413.23,436.79,655.89,598.25,4.07,35.76,386.55,97.51,1114.147,1152.905,146.178,64.143,29.457,81.462,100465.109,-57.64,106.05,524.208,13.733,110.822,44.289,122.121,4.26463846774167,1.2720350877193,61.1567709632763,81.53,129.488688374526,,3617.0,,,,65314300.0,98.05833333333334,42495.77198899411,1622.144486274,38.171903,50394737200115.0,0.7005467761442906,0.987279649122807,4.26463846774167,,,0.4847117957951061,1.241652573296647,0.0106254712945528,0.4633618500968257,98.05833333333334,0.0419,1.0133,-0.0133,59.842,2.652,
Canada,2021,hub,38454058.0,1703443269914.0,2461.184,435.39,652.4,605.11,5.11,37.3,382.43,91.98,1143.667,1186.283,131.234,64.911,29.113,80.835,100431.008,-47.29,107.89,537.479,13.977,114.91,43.141,135.238,4.35320354546179,1.26764912280702,62.2468367159421,81.4514634146342,126.061841658172,58.24,3583.96,,,,47546138.0,125.74166666666667,44298.14065173564,1703.443269914,38.454058,50303499084033.2,0.7088585325645302,0.9873235087719298,4.35320354546179,0.202281351629339,0.0460771621233859,0.4686019911862609,1.2476604688391189,0.0106254712945528,0.4805596971349328,125.74166666666667,0.0321,0.7763,0.2237,43.956,2.734,
Canada,2022,hub,38821259.0,1761295624423.0,2532.191,452.47,664.08,612.97,5.74,39.48,397.73,86.63,1187.081,1238.135,106.976,65.036,29.497,81.18,102122.422,-51.11,106.65,547.658,14.107,117.055,43.208,113.985,4.3631026204103,1.26764912280702,67.3176215563989,81.0948780487805,117.039586919105,,3581.86,,,,65578427.0,144.51666666666665,45369.35869140669,1761.295624423,38.821259,50754094888035.09,0.7057191948379042,0.9873235087719298,4.3631026204103,,,0.4546043893485453,1.2512311956380224,0.0106254712945528,0.4926928340970665,144.51666666666665,0.0418,1.0109,-0.0109,59.482,2.8,0.8122
Canada,2023,hub,39299098.0,,2538.329,419.45,641.39,613.63,8.4,40.51,360.74,88.43,1194.142,1241.22,102.967,66.492,27.858,79.184,98930.016,-27.76,111.84,545.479,13.88,118.72,44.853,121.432,4.34091503862915,,66.6323313370668,81.6263414634146,132.840554638148,,3590.04,,,,61062324.86,124.525,,,39.299098,51496146831130.805,,,4.34091503862915,,,,,0.0106254712945528,0.5166826176993689,124.525,0.0386,0.9335,0.0665,57.832,2.777,
Canada,2024,hub_country,39742429.0,,2575.696,,,,,,,,1209.199,1285.354,81.143,67.389,27.157,,97784.539,,,,,,,,,,,,,,,,,,,,,,,,,,,,,,,,,,,,,,,
Caribbean & Central America,2000,bloc,272457717.0,2620122796286.0,2827.969,192.24,461.33,463.42,0.02,0.1999999999999999,179.87000000000003,8.22,1772.644,901.475,153.85,81.73733333333332,18.037666666666667,45.8625625,15693.1180625,2.09,184.62,793.3999999999999,3.1056875,387.448,102.661,495.651,13.765839637818654,9.34214369021714,64.5866576628185,70.33486666666666,167.60568108420847,48.22,,,,,46535968.43,53.65,9616.621709731202,2620.122796286,272.457717,268507080103500.0,0.4799571983647693,0.9065785630978286,13.765839637818654,0.101549554274328,0.0541615843137255,0.7552748280894216,1.132055405699104,0.0103797449450238,1.0,53.65,,,,,,0.3269
Caribbean & Central America,2001,bloc,276568877.0,2668200455853.0,2879.999,187.09,476.9500000000001,478.2,0.02,0.22,173.43,8.73,1787.0549999999998,941.784,151.161,81.30816666666666,18.45233333333333,42.55725,16098.6408125,1.2499999999999998,198.05,793.3890000000001,3.1811875,389.379,103.057,395.139,13.87387714921622,8.905307303416325,63.86246698464811,70.67166666666667,137.13535507854516,,,,,,50680888.67,55.34166666666667,9647.508008838608,2668.200455853,276.568877,272558628283500.0,0.4508814869021751,0.9109469269658368,13.87387714921622,,,0.7557416329416968,1.132158360029462,0.0103797449450238,1.0,55.34166666666667,,,,,,
Caribbean & Central America,2002,bloc,280592407.0,2698572798784.0,2946.064,187.28,490.93,492.46,0.02,0.29,173.70999999999998,9.75,1749.369,992.265,204.426,81.073,18.668000000000003,42.587,16688.4865,1.5300000000000002,206.35,835.667,3.3338750000000004,387.731,101.532,403.93,13.900818514653738,9.193389071052184,62.29760343609603,71.0462,129.45777643937177,,,,,,48583521.49,53.425,9617.412059136725,2698.572798784,280.592407,276523817098500.0,0.4443251509512635,0.9080661092894782,13.900818514653738,,,0.7575572960710979,1.1320580401971223,0.0103797449450238,1.0,53.425,,,,,,
Caribbean & Central America,2003,bloc,284542385.0,2749993509302.0,2908.795,186.98,508.58,508.12,0.02,0.3399999999999999,172.73000000000002,10.5,1729.1809999999998,1009.554,170.06,80.491,19.23483333333333,42.48525,17078.0723125,-0.4599999999999999,217.87,859.207,3.504375,393.549,105.076,579.996,13.749183002292307,8.81592908815752,65.92511243834102,71.39460000000001,155.36367406681393,,,,,,52883213.42,58.11666666666667,9664.618187908982,2749.993509302,284.542385,280416520417500.0,0.4717754031626777,0.9118407091184249,13.749183002292307,,,0.7535364026624175,1.1322153939596966,0.0103797449450238,1.0,58.11666666666667,,,,,,
Caribbean & Central America,2004,bloc,288424421.0,2927630554593.0,3120.3990000000003,207.43,533.37,532.72,0.02,0.37,192.18,9.19,1838.703,1107.996,173.70100000000002,81.43733333333333,18.33716666666667,43.2344375,17962.5919375,-0.6499999999999999,220.75,851.308,3.4469375,396.86800000000005,104.626,376.469,13.41104204528164,9.0184487556058,69.14198000025421,71.55773333333335,158.57195569013567,,,,,,53857012.16,65.89999999999999,10150.425350400548,2927.630554593,288.424421,284242266895500.0,0.4787981639084923,0.909815512443942,13.41104204528164,,,0.7462711420797413,1.1338347511680018,0.0103797449450238,1.0,65.89999999999999,,,,,,
Caribbean & Central America,2005,bloc,292252160.0,3083820813762.0,3312.432,223.93,559.23,557.39,0.02,0.33,208.01,10.8,1954.853,1165.368,192.212,80.67066666666668,19.0895,44.4098125,18952.7878125,-1.84,228.42,900.218,3.7485625,402.785,107.431,293.03700000000003,13.43952171018845,9.15311617794664,70.67492793794794,71.92806666666665,157.18265986091757,57.53999999999999,,,,,51127486.38,67.63333333333334,10551.917952503756,3083.820813762,292.25216,288014503680000.0,0.4813925442501582,0.9084688382205336,13.43952171018845,0.1169357948812593,0.0502435607843137,0.7413924224578541,1.1351730598416794,0.0103797449450238,1.0,67.63333333333334,0.0205,1.0,0.0,5.682,1.375,
Caribbean & Central America,2006,bloc,296040932.0,3300777184043.0,3484.47,238.2,585.49,584.68,0.02,0.44,222.93,10.87,1950.7940000000008,1294.112,239.562,80.55283333333334,19.2105,43.9203125,20785.4301875,-0.8100000000000005,236.1,932.244,4.0265,407.282,106.808,337.05,13.380953429304428,9.351061579652702,73.13291180336408,72.15646666666666,174.2352713738411,,,,,,54002782.38,72.85833333333333,11149.732443225115,3300.777184043,296.040932,291748338486000.0,0.503236703348283,0.9064893842034728,13.380953429304428,,,0.7339526511697599,1.1371657748107504,0.0103797449450238,1.0,72.85833333333333,0.0219,1.0683,-0.0683,5.891,1.436,
Caribbean & Central America,2007,bloc,299868455.0,3490880508859.0,3584.691,235.04,606.43,605.5299999999999,0.02,0.6000000000000001,216.67,10.42,2066.317,1286.584,231.79,81.69033333333333,18.086166666666667,41.2513125,21070.0654375,-0.9000000000000001,254.09,943.913,4.1534375,415.28,111.008,297.26,13.448392447133775,9.469325658945971,74.4879199721649,72.36746666666666,175.5327113474245,,,,,,56063548.42999999,94.55833333333334,11641.372910861865,3490.880508859,299.868455,295520362402500.0,0.5085564523217976,0.9053067434105404,13.448392447133775,,,0.7285006391039863,1.1388045763695396,0.0103797449450238,1.0,94.55833333333334,0.021,1.0244,-0.0244,6.257,1.514,
Caribbean & Central America,2008,bloc,303732579.0,3616315922349.0,3671.537,255.04,621.15,619.27,0.03,0.6000000000000001,236.67,9.8,2165.5199999999995,1273.639,232.379,81.664,18.1355,42.9873125,20951.91025,-1.8800000000000003,249.32,951.527,4.081250000000001,423.345,110.287,243.962,13.289025016248546,9.132190645999922,77.42381024442025,72.53493333333333,166.6923477770694,,,,,,59442008.03,117.74166666666667,11906.249682715135,3616.315922349,303.732579,299328456604500.0,0.5020729927206605,0.9086780935400008,13.289025016248546,,,0.7233574423996203,1.139687498942384,0.0103797449450238,1.0,117.74166666666667,0.021,1.0244,-0.0244,6.264,1.5,
Caribbean & Central America,2009,bloc,307586314.0,3542798865550.0,3673.718,238.73,623.02,621.99,0.04,1.24,218.39,10.5,2117.688,1329.9199999999998,226.108,82.04633333333335,17.7365,40.932375,20372.0819375,-1.03,262.21000000000004,938.017,3.9848750000000006,421.766,109.195,251.342,13.379302762873769,9.358070802151442,64.30946803036699,72.7082,128.43428145779066,,,,,,54577420.08,91.8,11518.064049982406,3542.79886555,307.586314,303126312447000.0,0.4618385515949282,0.9064192919784856,13.379302762873769,,,0.7397066648864463,1.1383935468332749,0.0103797449450238,1.0,91.8,0.0201,0.9805,0.0195,6.551,1.532,
Caribbean & Central America,2010,bloc,311394136.0,3717016905358.0,3717.724,240.82,633.99,632.99,0.04,2.19,218.4,5.88,2070.092,1379.601,268.031,83.38533333333334,16.4945,41.6475625,21217.6348125,-1.0000000000000004,271.19000000000005,991.8439999999998,4.221,418.248,110.049,201.812,13.66218866745616,8.877832977441363,70.4175787585667,71.86340000000001,165.59079118543468,64.25999999999999,2740.7925,,,,57800484.56999999,106.88333333333333,11936.695254139277,3717.016905358,311.394136,311515350059864.7,0.4988042889581279,0.9112216702255864,13.66218866745616,0.1298057381353481,0.0479181882352941,0.7301099607902727,1.1397889841804645,0.0103797449450238,1.0,106.88333333333333,,,,,,
Caribbean & Central America,2011,bloc,315207050.0,3910264400995.0,3876.46,258.18,668.0899999999999,666.58,0.05,2.89,233.37,10.09,2128.378,1452.6060000000002,295.477,82.98066666666666,16.82283333333333,40.81025,21221.1469375,-1.5099999999999998,279.92,1003.41,4.194375,423.548,112.894,277.389,13.636519063783254,8.972148820111865,75.80858342754583,73.21426666666666,184.01814159203576,,2761.9475,,,,51678833.64,131.76666666666668,12405.383702537743,3910.264400995,315.20705,317763643161404.44,0.5251239937266011,0.9102785117988812,13.636519063783254,,,0.7208132190513064,1.1413512790084592,0.0103797449450238,1.0,131.76666666666668,,,,,,
Caribbean & Central America,2012,bloc,319020102.0,4076507539390.0,4002.963,255.08,693.4,693.61,0.16,5.63,226.66,8.77,2207.1220000000003,1501.311,294.531,83.62266666666666,16.20916666666667,41.7565,21298.4618125,0.2100000000000002,302.7,1036.011,4.1491875,424.2190000000001,112.741,481.6569999999999,13.505894281496104,8.645695661153553,74.21003651493494,73.52986666666666,192.45832592494537,,2774.646875,,,,56771527.89,122.75,12778.215271807543,4076.50753939,319.020102,323086367112915.6,0.5371636042075838,0.9135430433884644,13.505894281496104,,,0.7193048362200022,1.1425940509060253,0.0103797449450238,1.0,122.75,,,,,,
Caribbean & Central America,2013,bloc,322763775.0,4190072361046.0,4026.625,258.54,721.88,720.4399999999999,0.47,6.62,227.12,11.8,2189.748,1529.4910000000002,307.389,84.02300000000001,15.7525,40.6006875,21279.0736875,-1.4400000000000002,318.98,1060.788,4.181,426.77400000000006,113.54,313.191,13.569990791250694,8.717960034537624,70.66489282120574,73.72746666666669,187.0302066334972,,2788.196875,,,,57773873.79,120.14166666666668,12981.85448799513,4190.072361046,322.763775,328474066318644.1,0.5337904914554256,0.9128203996546238,13.569990791250694,,,0.7211529864455015,1.1432728482933172,0.0103797449450238,1.0,120.14166666666668,,,,,,
Caribbean & Central America,2014,bloc,326406746.0,4287013673320.0,3982.87,254.98,705.5,703.7500000000001,1.08,10.779999999999998,218.38,9.68,2105.8050000000003,1565.9970000000003,311.067,83.72666666666666,16.088833333333337,40.17,21176.135,-1.75,310.51,1037.081,4.1454375,426.525,113.566,340.132,13.550073307784409,8.81086069984054,68.02940389535095,73.86853333333333,195.9592418417546,,2803.60375,,,,59824403.330000006,114.975,13133.961616467326,4287.01367332,326.406746,334017039645477.6,0.544231456539772,0.9118913930015946,13.550073307784409,,,0.7225209159674214,1.1437798720548913,0.0103797449450238,1.0,114.975,,,,,,
Caribbean & Central America,2015,bloc,329906536.0,4377962229130.0,3934.666,267.32,744.21,742.44,2.53,15.21,224.18,11.58,2021.557,1611.05,302.057,83.59316666666668,16.185000000000002,40.360375,20961.801375000003,-1.77,327.39,1032.399,4.0960625,423.55,112.489,271.403,13.53583801403935,8.41448947631846,63.72594647769738,73.9576,204.4826214512964,98.6675,2802.4975,,,,56807946.92,93.06666666666666,13270.310683174825,4377.96222913,329.906536,337465218466385.94,0.5539781828685403,0.9158551052368152,13.53583801403935,0.1813102767079371,0.0350132455882352,0.7256881311625125,1.1442343689439165,0.0103797449450238,1.0,93.06666666666666,,,,,,
Caribbean & Central America,2016,bloc,333334456.0,4392931062276.0,4013.209,261.25,751.8900000000001,752.05,4.54,17.89,212.65000000000003,10.57,2047.245,1659.694,306.271,84.6355,15.169666666666664,40.76349999999999,19748.3678125,0.1599999999999997,337.88,1019.559,3.810625,424.157,115.522,193.827,13.598655087665328,8.7366931427617,61.01123491496311,74.02,199.19733141239703,,2808.89625,,,,61325087.76,91.95833333333331,13178.74880080204,4392.931062276,333.334456,341750194760779.3,0.5483027155746067,0.912633068572383,13.598655087665328,,,0.7291658584116866,1.1439291626693402,0.0103797449450238,1.0,91.95833333333331,,,,,,
Caribbean & Central America,2017,bloc,336670586.0,4419491306327.0,4012.194,282.91,751.6400000000001,751.84,7.11,19.169999999999995,231.31,10.88,1971.409,1715.694,325.09,82.47666666666667,17.328333333333333,45.64575000000001,20227.028625,0.1999999999999997,320.13,981.161,3.71925,423.617,116.509,277.629,13.565509407498654,8.727272801023227,61.73219331013575,74.15273333333333,200.94768239566525,98.4,2833.0087500000004,,,,59634038.77,97.925,13127.049080334567,4419.491306327,336.670586,348133611342054.1,0.5501768723429937,0.9127272719897676,13.565509407498654,0.1805776227008364,0.0350265215686274,0.7288757310204095,1.143756830267782,0.0103797449450238,1.0,97.925,,,,,,
Caribbean & Central America,2018,bloc,339815151.0,4465241945113.0,3834.17,290.05,773.91,774.3699999999999,11.34,22.86,231.08,13.55,1859.8740000000005,1675.654,298.644,81.65650000000001,18.097,47.1005625,19323.916125,0.4599999999999997,327.55,967.852,3.64225,424.5580000000001,116.634,205.302,13.67853128468293,8.776139893145107,63.18236456750404,74.25966666666666,204.555111904924,,2844.1875,,,,58493740.92,95.74166666666667,13140.208527997624,4465.241945113,339.815151,352771771746456.56,0.5542494432680454,0.9122386010685488,13.67853128468293,,,0.7273158976991825,1.1438006950933255,0.0103797449450238,1.0,95.74166666666667,,,,,,
Caribbean & Central America,2019,bloc,342754002.0,4436484567197.0,3771.098,277.75,763.4000000000001,764.31,20.18,28.87,202.98,11.19,1811.805,1659.094,300.202,81.78766666666667,18.0075,43.5853125,19516.6471875,0.9099999999999996,330.99,990.717,3.773,423.917,117.889,244.883,13.204450145495448,8.781481204632984,61.47142154235707,74.347,188.4569887689865,70.26,2864.035,,,,57557577.64,94.925,12943.64045732426,4436.484567197,342.754002,358305702213095.5,0.5371491016217365,0.9121851879536702,13.204450145495448,0.1407231011433106,0.0447955294117647,0.7306649079799408,1.1431454681910809,0.0103797449450238,1.0,94.925,0.024,1.039,-0.039,6.502,2.017,
Caribbean & Central America,2020,bloc,345427088.0,4041297845154.0,3271.553,304.65,729.05,734.46,28.05,32.08,218.64,11.18,1484.038,1593.841,193.674,79.13433333333332,20.642666666666667,49.2979375,16559.3979375,5.409999999999999,286.4,873.4620000000001,3.1765000000000003,420.732,118.254,164.963,13.259040531743286,8.713357641256003,55.71142625799548,72.94666666666667,209.9829887887068,,2840.931333333333,,,,58511107.63,98.05833333333334,11699.423657110528,4041.297845154,345.427088,358187142753671.06,0.5454379700321887,0.91286642358744,13.259040531743286,,,0.7467933765994168,1.138998078857035,0.0103797449450238,1.0,98.05833333333334,0.0222,0.961,0.039,6.435,1.999,
Caribbean & Central America,2021,bloc,347826456.0,4351933931109.0,3532.4150000000004,344.0400000000001,757.61,757.8799999999999,36.86,36.07,244.32,11.92,1690.5369999999998,1659.5960000000002,182.283,79.87666666666667,19.899833333333337,50.6305625,17548.33625,0.2700000000000002,277.84000000000003,949.151,3.4346875,421.605,117.689,78.317,13.309405460566,8.768662851343551,69.54267829599581,71.56733333333334,197.1339630788428,47.04,2877.2346666666667,,,,60469136.34,125.74166666666667,12511.796776921994,4351.933931109,347.826456,365284093073257.94,0.5331365298269501,0.9123133714865646,13.309405460566,0.1071354919423049,0.0540670980392156,0.7261923485629876,1.1417059892564068,0.0103797449450238,1.0,125.74166666666667,0.0224,0.9697,0.0303,6.651,2.089,
Caribbean & Central America,2022,bloc,350527050.0,4529379836992.0,3745.185,347.14,769.5799999999999,770.99,42.44,36.58,242.44,10.85,1876.159,1675.269,193.757,80.41349999999998,19.392333333333333,51.3706875,18106.3435625,1.41,283.48,968.36,3.5525625,426.447,115.924,72.793,13.292310114472862,8.769612939712712,77.02587775303105,74.40559999999999,170.01893859438363,,2890.4186666666665,,,,59411052.47,144.51666666666665,12921.62712404649,4529.379836992,350.52705,369807023899434.0,0.5187711194213602,0.9123038706028728,13.292310114472862,,,0.7152938962132482,1.1430720904134883,0.0103797449450238,1.0,144.51666666666665,0.0213,0.9221,0.0779,6.484,2.197,0.3529
Caribbean & Central America,2023,bloc,353664775.0,,3781.016000000001,334.02,782.51,783.1600000000001,48.66,38.00000000000001,221.1,12.39,1845.967,1754.191,180.858,80.27933333333333,19.5005,49.1586875,17702.331375,0.6499999999999998,297.08,980.985,3.5029375,431.5110000000001,116.958,65.207,13.334375301839582,,70.8667421131157,75.08906666666667,185.5325999559778,,2898.854,,,,60073454.53,124.525,,,353.664775,374206229898765.25,,,13.334375301839582,,,,,0.0103797449450238,1.0,124.525,0.021,0.9091,0.0909,6.259,2.338,
Central Africa,2000,bloc,82895804.0,93849578260.0,,10.54,11.23,10.220000000000002,0.0,0.0,10.53,0.0,,,,,,65.81042857142857,2166.5015714285714,-1.01,0.77,21.018,1.499857142857143,127.654,48.149,285.90700000000004,4.102885900169918,1.147319508812453,61.715206798236,52.6178,3.459314603565491,20.106666666666666,,,,,3979381.51,53.65,1132.1390677385791,93.84957826,82.895804,66565330612000.0,0.1967167907414305,0.9885268049118756,4.102885900169918,0.0409796810026797,0.0712965137254902,0.8288503009706092,1.103773796892462,0.0339901997507532,,53.65,,,,,,0.3453
Central Africa,2001,bloc,85497727.0,102717762002.0,,10.65,11.43,10.54,0.0,0.0,10.64,0.0,,,,,,64.29828571428571,1929.863,-0.8899999999999999,0.8500000000000001,21.607000000000003,1.547857142857143,124.609,41.48800000000001,236.11900000000003,4.175809998768583,1.2048157666921848,59.81582255234142,52.8894,3.695680667616119,,,,,,4450417.25,55.34166666666667,1201.4092725763342,102.717762002,85.497727,68654674781000.0,0.1983735464063603,0.9879518423330782,4.175809998768583,,,0.8301724335095225,1.1040046975752544,0.0339901997507532,,55.34166666666667,,,,,,
Central Africa,2002,bloc,88092217.0,109990961460.0,,10.6,11.47,10.52,0.0,0.0,10.59,0.0,,,,,,63.68042857142857,6571.748571428572,-0.95,0.9000000000000001,19.468,1.3404285714285713,119.199,41.641,231.402,4.225720872208869,1.2623120259052487,73.9250442237432,53.12420000000001,7.148190662092358,,,,,,4469340.13,53.425,1248.588867504606,109.99096146,88.092217,70738050251000.0,0.2029692929160446,0.9873768797409476,4.225720872208869,,,0.8156700485470517,1.104161962891682,0.0339901997507532,,53.425,,,,,,
Central Africa,2003,bloc,90771114.0,118092187902.0,,10.92,11.98,11.009999999999998,0.0,0.0,10.91,0.0,,,,,,60.89842857142857,6642.369,-0.97,1.04,21.931,1.4327142857142856,129.943,48.54,266.39200000000005,4.241603972590062,1.273212729118312,60.03898543934075,53.48440000000001,4.386951309051628,,,,,,4982617.21,58.11666666666667,1300.9886372221897,118.092187902,90.771114,72889204542000.0,0.2018286794787682,0.9872678727088168,4.241603972590062,,,0.8291194425838078,1.1043366287907408,0.0339901997507532,,58.11666666666667,,,,,,
Central Africa,2004,bloc,93608198.0,130911315634.0,,12.24,13.38,12.39,0.0,0.0,12.23,0.0,,,,,,60.99585714285714,2478.3617142857142,-0.99,1.15,24.829,1.8295714285714288,132.191,47.23400000000001,227.319,4.241603972590062,1.284113432331378,64.65445635237745,53.79240000000001,6.06064118907307,,,,,,4683001.649999999,65.89999999999999,1398.502678515401,130.911315634,93.608198,75167382994000.0,0.2052395217909404,0.9871588656766862,4.241603972590062,,,0.8236913546599942,1.1046616755950514,0.0339901997507532,,65.89999999999999,,,,,,
Central Africa,2005,bloc,96574505.0,140532275001.0,,12.35,13.669999999999998,12.429999999999998,0.0,0.0,12.340000000000002,0.0,,,,,,59.75614285714285,5028.301,-1.24,1.27,25.549,1.7795714285714286,136.192,49.93300000000001,213.30500000000004,4.258756350117915,1.295014135544442,74.5240367032803,54.14300000000001,5.454359555927656,24.53333333333333,,,,,5509917.300000001,67.63333333333334,1455.1695087745984,140.532275001,96.574505,77549327515000.0,0.2062484307908955,0.9870498586445556,4.258756350117915,0.0479845904386031,0.0691191568627451,0.813349550723598,1.1048505650292488,0.0339901997507532,,67.63333333333334,0.0095,1.0,0.0,5.169,0.686,
Central Africa,2006,bloc,99586418.0,148387900423.0,,13.41,15.069999999999997,14.169999999999998,0.0,0.0,12.76,0.0,,,,,,59.851857142857135,5661.461,-0.9000000000000001,1.65,25.435,1.6611428571428573,136.491,49.956,220.60200000000003,4.287276849226649,1.295014135544442,73.55281452744899,54.4696,5.90836020330578,,,,,,5900272.0,72.85833333333333,1490.0415478644888,148.387900423,99.586418,79967893654000.0,0.2080876175812259,0.9870498586445556,4.287276849226649,,,0.8140301725736803,1.1049668051595485,0.0339901997507532,,72.85833333333333,0.0097,1.0211,-0.0211,5.561,0.717,
Central Africa,2007,bloc,102644819.0,161998364892.0,,12.910000000000002,15.58,14.7,0.0,0.0,12.820000000000002,0.0,,,,,,56.77857142857143,5931.821000000001,-0.8800000000000001,2.25,26.283,1.4862857142857142,132.46900000000002,48.57600000000001,238.903,4.287276849226649,1.295014135544442,77.02377103474582,54.9446,5.903409752522603,,,,,,6157487.67,94.55833333333334,1578.2420045185136,161.998364892,102.644819,82423789657000.0,0.2103471407630381,0.9870498586445556,4.287276849226649,,,0.8098242122609332,1.1052608066817284,0.0339901997507532,,94.55833333333334,0.0098,1.0316,-0.0316,5.571,0.752,
Central Africa,2008,bloc,105805232.0,174764543605.0,,13.13,15.92,15.77,0.0,0.0,13.040000000000004,0.0,,,,,,59.49757142857143,5688.216,-0.1499999999999999,2.38,26.603,1.4848571428571429,135.579,50.46199999999999,597.182,4.322927473112567,1.295014135544442,75.62331855418441,55.3774,5.780404263870503,,,,,,6222398.18,117.74166666666667,1651.7571040815826,174.764543605,105.805232,84961601296000.0,0.2122417653499045,0.9870498586445556,4.322927473112567,,,0.8106120389118023,1.1055058570136054,0.0339901997507532,,117.74166666666667,0.0098,1.0316,-0.0316,5.814,0.792,
Central Africa,2009,bloc,109027288.0,184607829703.0,,13.24,16.47,16.13,0.0,0.0,13.16,0.0,,,,,,56.09371428571428,5767.684428571428,-0.34,2.71,27.506,1.324142857142857,133.451,47.146,929.275,4.394567421337221,1.295014135544442,68.84935191504555,48.6442,5.719254527477445,,,,,,6242552.0600000005,91.8,1693.2259170107943,184.607829703,109.027288,87548912264000.0,0.1886928390722553,0.9870498586445556,4.394567421337221,,,0.8170404321098645,1.105644086390036,0.0339901997507532,,91.8,0.0097,1.0211,-0.0211,5.925,0.814,
Central Africa,2010,bloc,112407968.0,197391673253.0,,13.55,17.0,16.53,0.0,0.0,13.45,0.0,,,,,,52.95928571428572,5774.090428571429,-0.47,2.97,29.928,1.487714285714286,139.325,50.896,1041.2520000000002,4.516333313694082,1.295014135544442,75.84522484081234,55.400400000000005,4.832545980673045,30.50666666666667,2408.145,,,,9073688.16,106.88333333333333,1756.0291922811025,197.391673253,112.407968,98803560426266.4,0.2120702307919588,0.9870498586445556,4.516333313694082,0.057099406314036,0.0665107372549019,0.8095211985568451,1.105853430640937,0.0339901997507532,,106.88333333333333,,,,,,
Central Africa,2011,bloc,116035208.0,212108989181.0,,13.97,17.72,17.62,0.0,0.0,13.87,0.0,,,,,,52.91328571428572,5986.586857142857,-0.1,3.25,29.137,1.3735714285714289,140.257,51.655,1196.2980000000002,4.521301135896199,1.295014135544442,69.683417218672,56.38879999999999,6.108704646247036,,2421.3425,,,,7526030.13,131.76666666666668,1827.9709481022344,212.108989181,116.035208,102550757928760.1,0.2173144717512423,0.9870498586445556,4.521301135896199,,,0.8150834915471428,1.1060932364936742,0.0339901997507532,,131.76666666666668,,,,,,
Central Africa,2012,bloc,119766842.0,227339954593.0,,13.94,17.79,19.52,0.0,0.0,13.83,0.0,,,,,,54.52428571428572,5997.122714285715,1.7300000000000002,3.39,29.243,1.380857142857143,147.63,50.026,1119.0739999999998,4.57689198723038,1.295014135544442,69.29977629559482,57.002,6.348776858744607,,2437.5625000000005,,,,9270162.749999998,122.75,1898.1877688066616,227.339954593,119.766842,106557794422958.14,0.220186891395887,0.9870498586445556,4.57689198723038,,,0.814881992297683,1.106327292562689,0.0339901997507532,,122.75,,,,,,
Central Africa,2013,bloc,123641665.0,235100721245.0,,14.88,19.59,21.130000000000003,0.0,0.0,14.760000000000002,0.0,,,,,,57.78028571428571,6029.230428571428,1.5399999999999998,4.09,33.206999999999994,1.5124285714285717,150.11,52.368,1136.648,4.63248283856456,1.295014135544442,67.4265922894514,56.9606,6.349613024538176,,2448.29,,,,8877867.86,120.14166666666668,1901.468418797175,235.100721245,123.641665,110489387981040.23,0.2200634809145585,0.9870498586445556,4.63248283856456,,,0.8167278375539055,1.1063382280626572,0.0339901997507532,,120.14166666666668,,,,,,
Central Africa,2014,bloc,127629125.0,247675766714.0,,15.470000000000002,20.94,23.110000000000003,0.01,0.0,15.340000000000002,0.0,,,,,,56.77171428571429,5714.398571428572,2.17,4.72,34.931000000000004,1.4382857142857142,154.78099999999998,52.136,923.354,4.66424903932695,1.295014135544442,64.5277272000622,55.3668,6.868470820696625,,2457.045,,,,9408724.469999995,114.975,1940.5897103345333,247.675766714,127.629125,114460533754003.12,0.2152179708503778,0.9870498586445556,4.66424903932695,,,0.8193006918804834,1.106468632367782,0.0339901997507532,,114.975,,,,,,
Central Africa,2015,bloc,131668396.0,253818412462.0,,15.89,23.480000000000004,24.88000000000001,0.01,0.0,15.79,0.0,,,,,,53.97314285714287,5110.745,1.4,6.3500000000000005,34.089,1.3472857142857142,163.169,54.822,762.65,4.66424903932695,1.295014135544442,64.00492668795872,57.9824,11.009917195110742,72.64,2448.415,,,,9423522.849999998,93.06666666666666,1927.709459314747,253.818412462,131.668396,117668289664204.1,0.2285050782964247,0.9870498586445556,4.66424903932695,0.1165152736482868,0.050700894117647,0.8199308278177517,1.106425698197716,0.0339901997507532,,93.06666666666666,,,,,,
Central Africa,2016,bloc,136069943.0,250504360091.0,,16.03,23.17,24.28,0.01,0.01,15.92,0.0,,,,,,54.01942857142857,4847.25,1.11,6.17,34.122,1.3475714285714286,166.22400000000002,58.10600000000001,789.933,4.680132139708144,1.295014135544442,59.572280454043096,58.1118,10.8904094084721,,2411.71,,,,10104966.14,91.95833333333331,1840.9970237953285,250.504360091,136.069943,119778853414873.44,0.2282641934886762,0.9870498586445556,4.680132139708144,,,0.8250860776809958,1.1061366567459845,0.0339901997507532,,91.95833333333331,,,,,,
Central Africa,2017,bloc,140698593.0,252409336573.0,,17.28,24.5,25.75,0.03,0.01,17.14,0.0,,,,,,55.034,4936.907571428572,1.25,6.28,33.097,1.2298571428571428,167.40900000000002,57.353,847.311,4.680132139708144,1.295014135544442,63.42592547993769,57.24400000000001,17.74642525052325,64.48,2408.7075,,,,10092876.56,97.925,1793.9720020725438,252.409336573,140.698593,123699141012469.84,0.2317438856564971,0.9870498586445556,4.680132139708144,0.1047569300051813,0.0538609411764705,0.8216243078361245,1.1059799066735752,0.0339901997507532,,97.925,,,,,,
Central Africa,2018,bloc,145201095.0,256825639927.0,,18.48,26.700000000000003,27.99,0.03,0.01,18.34,0.0,,,,,,54.20928571428572,3646.547857142857,1.29,7.09,35.415,1.2434285714285715,168.94899999999998,57.912000000000006,706.7520000000001,4.680132139708144,1.295014135544442,63.5337027971467,58.9782,14.295155581912718,,2412.6,,,,10848279.03,95.74166666666667,1768.758286065267,256.825639927,145.201095,127863939055905.0,0.2342452304301909,0.9870498586445556,4.680132139708144,,,0.8217266448189762,1.105895860953551,0.0339901997507532,,95.74166666666667,,,,,,
Central Africa,2019,bloc,149638027.0,264054947329.0,,19.89,28.7,30.18,0.03,0.01,19.75,0.0,,,,,,53.355285714285706,3378.136571428571,1.48,7.689999999999999,34.749,1.0992857142857144,173.728,58.00099999999999,604.163,4.67300201493096,1.295014135544442,61.68578396776479,55.1704,13.577393308051269,37.44,2431.885,,,,10626939.4,94.925,1764.6246253233478,264.054947329,149.638027,132824402751176.69,0.2200606163004029,0.9870498586445556,4.67300201493096,0.0668275615633083,0.0641787764705882,0.8236090108212073,1.1058820820844113,0.0339901997507532,,94.925,0.0107,1.019,-0.019,10.096,1.215,
Central Africa,2020,bloc,154243690.0,262278198148.0,,20.94,30.14,31.88,0.04,0.01,20.79,0.0,,,,,,53.748285714285714,3587.972142857143,1.74,8.06,36.413,1.1575714285714285,178.32700000000003,60.716,641.4279999999999,4.67300201493096,1.295014135544442,54.38892154331086,58.9132,10.454066180792916,,2421.6125,,,,10498288.19,98.05833333333334,1700.4144425486709,262.278198148,154.24369,136334233428795.62,0.2297191036409213,0.9870498586445556,4.67300201493096,,,0.8314409581021169,1.105668048141829,0.0339901997507532,,98.05833333333334,0.0103,0.981,0.019,9.958,1.202,
Central Africa,2021,bloc,159032784.0,270557355712.0,,22.579999999999995,31.68,33.62,1.07,0.01,21.4,0.0,,,,,,53.33114285714287,3801.174,1.94,8.04,37.088,1.177857142857143,178.485,61.92700000000001,818.547,4.67300201493096,1.295014135544442,57.43028392416054,56.81600000000001,11.779418257200964,25.706666666666667,2430.1775,,,,10581678.78,125.74166666666667,1701.2678072214344,270.557355712,159.032784,141064431105293.4,0.2236482624622066,0.9870498586445556,4.67300201493096,0.0502425028513869,0.0676078431372549,0.8283924843489943,1.105670892690738,0.0339901997507532,,125.74166666666667,0.0105,1.0,0.0,10.085,1.314,
Central Africa,2022,bloc,163852504.0,281818538929.0,,23.850000000000005,33.64,35.51,2.13,0.01,21.610000000000003,0.0,,,,,,53.08628571428572,3827.5428571428574,1.87,8.72,40.869,1.231428571428571,184.17900000000003,64.509,858.894,4.67300201493096,1.295014135544442,61.67693119597076,53.37140000000001,18.26317590815216,,2439.62,,,,11049895.35,144.51666666666665,1719.9525918078127,281.818538929,163.852504,145904313720095.2,0.2180991735790278,0.9870498586445556,4.67300201493096,,,0.8239901305389642,1.1057331753060262,0.0339901997507532,,144.51666666666665,0.0102,0.9714,0.0286,10.507,1.404,1.083
Central Africa,2023,bloc,169149149.0,,,23.610000000000007,32.730000000000004,34.76,2.23,0.01,21.27,0.0,,,,,,51.76128571428573,3851.482571428571,2.03,8.280000000000001,39.321,1.1202857142857143,190.461,65.232,769.54,4.67300201493096,,56.23758773595682,61.6442,17.09355969640692,,2447.345,,,,11072882.2,124.525,,,169.149149,151097708281682.8,,,4.67300201493096,,,,,0.0339901997507532,,124.525,0.0103,0.981,0.019,10.518,1.454,
Central Asia,2000,bloc,76311056.0,315619820808.0,1055.177,38.94,138.92,141.01,0.0,0.0,38.94,0.0,230.564,606.146,218.468,97.188,2.812,45.107000000000006,15018.904833333332,2.09,107.11,312.894,4.0103333333333335,95.242,22.860000000000003,-77.50699999999999,8.446654397289668,437.7553702859887,107.17131164321324,62.5454,47.86409860658419,42.688,,,,,21433380.0,53.65,4135.964529281314,315.619820808,76.311056,61277777968000.0,0.2961856660566949,0.1,8.446654397289668,0.0801031113232033,0.0593052117647058,0.7655336289226558,1.1137865484309375,0.0145966671993587,1.0,53.65,,,,,,0.6759
Central Asia,2001,bloc,77104894.0,344124633308.0,1122.841,39.46,143.83999999999995,144.75,0.0,0.0,39.46,0.0,217.55,636.719,268.572,97.27299999999998,2.7270000000000003,46.33566666666667,16087.428666666669,0.91,111.53,305.50600000000003,3.723666666666667,100.082,23.083,-86.906,8.386702611836583,446.4522719985246,94.56712665000362,62.9988,50.06240545891281,,,,,,26340086.0,55.34166666666667,4463.071219681594,344.124633308,77.104894,61915229882000.0,0.3021649194724764,0.1,8.386702611836583,,,0.7682406131859831,1.1148769040656057,0.0145966671993587,1.0,55.34166666666667,,,,,,
Central Asia,2002,bloc,78852189.0,376425447152.0,1121.431,41.31,147.42000000000002,146.88,0.0,0.0,41.31,0.0,227.583,621.273,272.574,97.14933333333332,2.8506666666666667,47.94416666666666,15108.459500000004,-0.5400000000000001,112.99,327.606,3.810166666666666,115.447,28.576,-66.549,8.336261998108707,453.799123599216,88.8437163278513,63.506600000000006,54.51281378027336,,,,,,30299666.0,53.425,4773.810999108725,376.425447152,78.852189,63318307767000.0,0.3104791616174688,0.1,8.336261998108707,,,0.7713745253462427,1.1159127033303624,0.0145966671993587,1.0,53.425,,,,,,
Central Asia,2003,bloc,80873559.0,406653388202.0,1140.04,47.14000000000001,156.26,152.21,0.0,0.0,47.14000000000001,0.0,223.802,618.463,297.775,97.12966666666668,2.8703333333333334,47.51983333333334,16248.133000000003,-4.050000000000001,115.5,354.89399999999995,4.324166666666668,115.564,26.145000000000003,-55.72299999999999,8.395770214108149,460.9243744359569,90.69848769534376,64.10079999999999,50.60262199782962,,,,,,30607429.0,58.11666666666667,5028.261315938872,406.653388202,80.873559,79700892394500.0,0.3103624817511475,0.1,8.395770214108149,,,0.7673993346718324,1.1167608710531296,0.0145966671993587,1.0,58.11666666666667,,,,,,
Central Asia,2004,bloc,82391864.0,442582147020.0,1191.677,45.010000000000005,162.01,155.54999999999998,0.0,0.0,45.010000000000005,0.0,245.009,627.063,319.606,97.45333333333332,2.5466666666666664,46.76883333333333,17029.459,-6.46,124.69,373.537,4.693666666666666,116.701,27.168,-44.264,8.409750799949249,477.8223937932713,90.16575176469767,64.5424,50.436903953539975,,,,,,27251109.0,65.89999999999999,5371.672948435782,442.58214702,82.391864,81197181972000.0,0.3140447628254648,0.1,8.409750799949249,,,0.7650703069983376,1.117905576494786,0.0145966671993587,1.0,65.89999999999999,,,,,,
Central Asia,2005,bloc,83952989.0,481108721520.0,1199.338,47.010000000000005,161.13,157.13,0.0,0.0,47.010000000000005,0.0,230.565,646.271,322.502,97.50033333333332,2.4996666666666667,47.83950000000001,16579.411,-4.0,121.43,377.83,4.668333333333334,124.299,28.666,-44.98,8.446333495311416,476.7213743088431,87.06370068164007,64.778,53.30383444821528,48.06400000000001,,,,,31269291.0,67.63333333333334,5730.691989060687,481.10872152,83.952989,82735670659500.0,0.3201366830027375,0.1,8.446333495311416,0.0916163299726517,0.0565043058823529,0.7651805327428542,1.1191023066302024,0.0145966671993587,1.0,67.63333333333334,0.0147,1.0,0.0,25.89,1.524,
Central Asia,2006,bloc,85713984.0,526112306276.0,1209.465,42.11,167.01000000000002,164.0,0.0,0.0,42.11,0.0,249.728,619.478,340.25800000000004,97.72566666666668,2.2743333333333333,45.81716666666667,16742.1075,-3.01,132.76,404.304,4.904666666666667,130.794,30.977,-48.466,8.412752543750814,475.7366175308314,88.1315080115387,65.15020000000001,66.48241329744002,,,,,,33633708.0,72.85833333333333,6137.998512308097,526.112306276,85.713984,84471131232000.0,0.3373442857324351,0.1,8.412752543750814,,,0.7607185043858938,1.120459995041027,0.0145966671993587,1.0,72.85833333333333,0.0162,1.102,-0.102,28.982,1.617,
Central Asia,2007,bloc,86994979.0,577066877697.0,1285.001,43.31,173.72,171.66,0.0,0.0,43.31,0.0,252.478,661.169,371.354,97.76533333333332,2.2346666666666666,46.342666666666666,16948.037166666665,-2.06,138.47,411.269,4.936833333333333,126.734,30.055000000000003,-50.096,8.334386586529622,476.7351924102384,92.09542589168274,65.6088,66.95280893151626,,,,,,36067619.0,94.55833333333334,6633.335444531805,577.066877697,86.994979,85733551804500.0,0.3427355158166302,0.1,8.334386586529622,,,0.752626778737219,1.1221111181484391,0.0145966671993587,1.0,94.55833333333334,0.0163,1.1088,-0.1088,30.088,1.721,
Central Asia,2008,bloc,88429903.0,613135314049.0,1280.365,38.31,174.23,174.0,0.0,0.0,38.31,0.0,269.995,605.789,404.582,98.22533333333332,1.7746666666666666,45.16716666666667,16539.6345,-0.2299999999999998,145.69,428.559,5.251499999999999,139.722,31.643,-43.21900000000001,8.30053288802661,476.5151192587557,95.81175524347292,66.202,67.05600182501874,,,,,,29559913.03,117.74166666666667,6933.574427295255,613.135314049,88.429903,87147669406500.0,0.3469339489873792,0.1,8.30053288802661,,,0.7464084578624,1.123111914757651,0.0145966671993587,1.0,117.74166666666667,0.0134,0.9116,0.0884,25.586,1.791,
Central Asia,2009,bloc,90365128.0,642813435132.0,1282.5099999999998,40.15,172.79999999999998,170.52,0.0,0.0,40.15,0.0,218.849,692.796,370.866,97.85433333333332,2.1456666666666666,50.004,17834.094166666666,-2.28,143.57,400.423,4.794,129.44,31.602,-40.661,8.282530702529236,478.0777967022653,83.84238149454377,66.7256,73.04516113664764,,,,,,39361181.0,91.8,7113.512140789531,642.813435132,90.365128,89054833644000.0,0.3559706930556366,0.1,8.282530702529236,,,0.7568783506655434,1.1237117071359652,0.0145966671993587,1.0,91.8,0.016,1.0884,-0.0884,32.861,1.864,
Central Asia,2010,bloc,92214668.0,690329547242.0,1338.61,44.36,180.59,178.48000000000002,0.0,0.0,44.36,0.0,230.396,710.7270000000001,397.487,97.50066666666667,2.4993333333333334,50.365,18492.692333333336,-2.11,147.15,432.201,5.158,138.99200000000002,34.218,-17.681,8.260213723080362,478.00815090121176,73.44084101127707,67.1546,74.39719468244968,55.168000000000006,2610.965,,,,29974493.41,106.88333333333333,7486.114326649205,690.329547242,92.214668,87880783781636.31,0.3613208588208954,0.1,8.260213723080362,0.105950485816623,0.0530393058823529,0.7641748729333129,1.1249537144221642,0.0145966671993587,1.0,106.88333333333333,,,,,,
Central Asia,2011,bloc,94339636.0,749943638063.0,1473.413,44.38,188.62,186.16,0.0,0.0,44.38,0.0,261.238,779.654,432.522,98.116,1.884,48.47383333333333,19842.42716666667,-2.4600000000000004,156.10000000000002,441.439,5.253333333333333,143.363,33.721999999999994,-16.748,8.264537884146852,478.3313567020962,78.40480601018655,67.6138,76.28329281562745,,2641.8283333333334,,,,42312307.04,131.76666666666668,7949.401437832556,749.943638063,94.339636,90968630019520.95,0.3679162435776484,0.1,8.264537884146852,,,0.7553501820078755,1.1264980047927753,0.0145966671993587,1.0,131.76666666666668,,,,,,
Central Asia,2012,bloc,96647215.0,795397202399.0,1550.4979999999998,45.97,194.25,192.93,0.03,0.0,45.94,0.0,297.755,799.105,453.637,98.09133333333334,1.9086666666666667,49.678333333333335,21518.450166666666,-1.3200000000000007,160.42,453.814,5.368833333333334,148.366,34.108,-13.740000000000002,8.262313768339709,479.2124490517808,77.61816219997283,68.0352,76.57165787190665,,2661.263333333334,,,,30677605.99,122.75,8229.902976500667,795.397202399,96.647215,93879346685123.44,0.371561913009362,0.1,8.262313768339709,,,0.7537993129958549,1.127433009921669,0.0145966671993587,1.0,122.75,,,,,,
Central Asia,2013,bloc,98856651.0,841796713247.0,1506.657,44.39,198.23,196.18000000000004,0.03,0.0,44.36,0.0,284.149,766.657,455.85,98.11366666666667,1.8863333333333328,48.687000000000005,19719.9535,-2.05,167.11,451.801,5.228166666666666,149.206,34.633,-20.178,8.31873830582831,479.880954001116,69.53052246761717,68.42920000000001,91.94613579380156,,2680.128333333333,,,,37220206.97,120.14166666666668,8515.327039017335,841.796713247,98.856651,96706206618493.92,0.3902298062499956,0.1,8.31873830582831,,,0.7595084188739051,1.1283844234633913,0.0145966671993587,1.0,120.14166666666668,,,,,,
Central Asia,2014,bloc,101230974.0,882982082666.0,1579.7859999999998,44.5,202.54,200.01,0.03,0.01,44.46,0.0,297.279,833.411,449.095,98.15533333333332,1.844666666666667,49.34033333333333,20329.5225,-2.53,171.82999999999998,492.9719999999999,5.538499999999999,151.459,36.908,-3.3350000000000004,8.288306850500952,480.3831807719351,61.75743296982142,68.6692,104.52757491113796,,2722.4616666666666,,,,35985114.82,114.975,8722.449738219451,882.982082666,101.230974,100593067860930.44,0.4050391221855421,0.1,8.288306850500952,,,0.7655554858783499,1.1290748324607316,0.0145966671993587,1.0,114.975,,,,,,
Central Asia,2015,bloc,103526779.0,909490352909.0,1456.6349999999998,45.29,202.85,201.35,0.08,0.13,45.08,0.0,268.51,855.3330000000001,332.791,97.79866666666668,2.201333333333333,48.934666666666665,19536.951166666666,-1.5000000000000004,172.57999999999998,494.4740000000001,5.4785,146.78799999999998,38.14,-7.14,8.334970366852806,485.9996063101265,53.760916718253874,68.86999999999999,117.76087777596663,95.088,2731.841666666667,,,,37255815.03,93.06666666666666,8785.0734051042,909.490352909,103.526779,103228850498116.95,0.4193986220452886,0.1,8.334970366852806,0.1650858835127605,0.0383609647058823,0.7730301382392112,1.129283578017014,0.0145966671993587,1.0,93.06666666666666,,,,,,
Central Asia,2016,bloc,105682902.0,933500691482.0,1530.233,47.91,207.47000000000003,204.65,0.13,0.27,47.51,0.0,306.973,834.564,388.695,97.476,2.524,49.15833333333333,20499.27333333333,-2.8200000000000003,174.92,497.911,5.367833333333333,147.96099999999998,37.67,-9.968,8.401964306283789,485.1077254261166,51.81865575315075,69.17980000000001,104.468406625316,,2735.771666666667,,,,39064327.53,91.95833333333331,8833.03423558524,933.500691482,105.682902,105530365464089.16,0.4075193015292176,0.1,8.401964306283789,,,0.7745727256169723,1.1294434474519508,0.0145966671993587,1.0,91.95833333333331,,,,,,
Central Asia,2017,bloc,107973199.0,971671770102.0,1574.107,51.86,222.59000000000003,216.47000000000003,0.1399999999999999,0.34,51.38,0.0,287.829,862.6659999999999,423.612,97.493,2.507,49.4855,20053.1335,-6.12,186.74,515.114,5.442333333333334,155.84799999999998,41.42499999999999,-4.794999999999998,8.364311785728308,500.9610932754072,51.68658935956623,69.3706,105.18546089577076,92.584,2771.183333333333,,,,37035181.34,97.925,8999.194050942217,971.671770102,107.973199,109212938273151.4,0.410017499666758,0.1,8.364311785728308,0.1621155851273555,0.0390312352941176,0.7733201268825819,1.1299973135031407,0.0145966671993587,1.0,97.925,,,,,,
Central Asia,2018,bloc,110353855.0,1013000570447.0,1649.1129999999998,50.35,232.13,226.91,0.19,0.39,49.77,0.0,307.459,894.607,447.0460000000001,97.93933333333332,2.060666666666666,47.905,21148.289,-5.220000000000001,198.69,522.652,5.447833333333334,157.596,39.073,-14.041000000000006,8.337872588652825,470.0867361719273,58.60312001542712,69.564,105.66987610496103,,2796.955,,,,34605833.010000005,95.74166666666667,9179.566680719943,1013.000570447,110.353855,112658989776706.6,0.4123869873097606,0.1,8.337872588652825,,,0.7649004909785734,1.1305985556024,0.0145966671993587,1.0,95.74166666666667,,,,,,
Central Asia,2019,bloc,112858330.0,1060893114667.0,1646.3870000000002,51.72,229.93000000000004,227.00000000000003,0.46,0.71,50.55,0.0,304.06100000000004,920.493,421.833,97.862,2.138,48.55133333333333,20427.17916666667,-2.93,193.62,494.402,5.0696666666666665,159.94099999999997,41.077,-0.0449999999999981,8.285602387850387,478.4824646607106,57.53832865832679,69.81179999999999,127.70551331460138,64.576,2794.4816666666666,,,,35029545.82,94.925,9400.219856762013,1060.893114667,112.85833,115113894952200.08,0.4367682339283089,0.1,8.285602387850387,0.123906949641905,0.0486523647058823,0.7641265058686565,1.1313340661892068,0.0145966671993587,1.0,94.925,0.0159,0.9695,0.0305,29.697,2.954,
Central Asia,2020,bloc,115500836.0,1049834487184.0,1675.5010000000002,50.1,237.61,239.9,1.32,1.03,47.74,0.0,312.203,955.351,407.946,97.89566666666668,2.1043333333333334,48.205000000000005,21671.35283333333,2.29,204.86,481.723,4.873333333333333,157.659,41.896,-2.01,8.309013185512459,454.3793407961951,50.29471312493852,68.3122,142.27356537190792,,2796.925,,,,38168122.62,98.05833333333334,9089.41028949782,1049.834487184,115.500836,117912219141194.5,0.4439715163215012,0.1,8.309013185512459,,,0.7739602011292464,1.1302980342983262,0.0145966671993587,1.0,98.05833333333334,0.0169,1.0305,-0.0305,32.396,2.988,
Central Asia,2021,bloc,117867150.0,1089266252244.0,1796.714,50.17,251.84,256.08000000000004,1.76,1.75,46.66,0.0,332.612,1048.303,415.8,98.01566666666668,1.984333333333333,46.8995,22234.813833333334,4.24,219.87,489.3510000000001,5.2725,161.268,43.269,-7.360999999999997,8.308141118586956,445.17827981447306,54.484670233020246,68.2352,133.55710251108744,43.264,2794.5533333333333,,,,32813777.59,125.74166666666667,9241.474424757023,1089.266252244,117.86715,120225903476895.0,0.4359970496565264,0.1,8.308141118586956,0.0936732860618925,0.0567607529411764,0.7685030428940045,1.13080491474919,0.0145966671993587,1.0,125.74166666666667,0.0147,0.8963,0.1037,28.499,3.13,
Central Asia,2022,bloc,119920629.0,1130259959954.0,1833.914,52.86,257.37999999999994,257.84,2.3,2.31,48.25000000000001,0.0,342.078,1070.431,421.406,97.871,2.129,47.70250000000001,22768.008833333337,0.4599999999999999,225.04,527.718,5.6930000000000005,163.061,42.927,1.5809999999999975,8.315398744754068,445.80742523725377,61.371499887440336,70.5484,136.53804781497868,,2831.7183333333337,,,,38972764.38,144.51666666666665,9425.0669745403,1130.259959954,119.920629,123947226944720.23,0.4483661805864237,0.1,8.315398744754068,,,0.7600862753247237,1.1314168899151344,0.0145966671993587,1.0,144.51666666666665,0.0177,1.0793,-0.0793,35.07,3.244,0.3806
Central Asia,2023,bloc,122264949.0,,1827.715,54.67000000000001,258.79,261.84,2.41,4.33,47.92,0.0,337.282,1021.751,468.682,97.57033333333334,2.429666666666667,48.322,21970.29566666667,3.05,225.58000000000004,536.3919999999999,5.549499999999999,162.09499999999997,42.815000000000005,6.127000000000001,8.32671570944429,,59.15161361232712,70.9376,150.75285823265304,,2839.476666666667,,,,34591389.72,124.525,,,122.264949,126716491490391.84,,,8.32671570944429,,,,,0.0145966671993587,1.0,124.525,0.0148,0.9024,0.0976,30.155,3.445,
China,2000,hub,1269581174.0,5952682232028.0,11085.26,225.56,1355.6,1346.85,0.02,0.59,222.41,16.74,2626.896,246.957,8211.406,94.269,5.336,17.874,9294.628,-8.75,1062.12,3643.81,2.87,950.032,372.301,634.229,12.6797199043056,19.5847701660208,39.0109424774998,72.288,287.448487903226,46.08,,,,,407336209.0,53.65,4688.697622439698,5952.682232028,1269.581174,1019473682722000.0,0.5738405896998828,0.804152298339792,12.6797199043056,0.0862337440560992,0.0541063529411764,0.8219165773355027,1.115628992074799,0.004429549898985,0.8923880616000001,53.65,,,,,,0.3506
China,2001,hub,1278725061.0,6329737256820.0,11595.462,280.73,1480.79,1472.19,0.03,0.72,277.43,17.47,2683.249,276.458,8635.755,93.36,6.251,20.138,9751.95,-8.6,1129.67,3724.114,2.912,957.323,371.259,523.328,12.742981982665,19.6075224856909,38.0826469518334,72.675,295.448526102869,,,,,,398396119.0,55.34166666666667,4950.037697603238,6329.73725682,1278.725061,1026816223983000.0,0.5849487774202239,0.803924775143091,12.742981982665,,,0.820667038901473,1.1165001256586775,0.004429549898985,0.9155238452022566,55.34166666666667,,,,,,
China,2002,hub,1286866835.0,6814493895929.0,12657.191,291.41,1654.01,1645.61,0.05,0.84,287.97,25.13,2895.598,294.136,9467.458,93.569,5.922,19.138,10553.145,-8.4,1279.04,4098.181,3.185,961.78,388.482,416.528,12.7849342939932,19.630274805361,42.1944423387413,73.034,333.508929205084,,,,,,398687732.0,53.425,5295.4149649283645,6814.493895929,1286.866835,1268207265892500.0,0.5930698252563853,0.80369725194639,12.7849342939932,,,0.8136770996201891,1.117651383216428,0.004429549898985,1.0,53.425,,,,,,
China,2003,hub,1294517323.0,7248623080792.0,14859.568,287.28,1910.58,1903.22,0.06,1.0,283.68,43.34,3234.762,341.747,11283.059,94.25,5.001,17.305,12219.811,-7.36,1511.11,4835.251,3.735,1007.435,398.818,376.719,12.8055826110544,19.6530271250311,51.0774801301803,73.385,328.658260424965,,,,,,376654603.0,58.11666666666667,5599.479398231274,7248.623080792,1294.517323,1275746821816500.0,0.5963357450078164,0.803469728749689,12.8055826110544,,,0.8022601915512257,1.1186649313274375,0.004429549898985,1.0,58.11666666666667,,,,,,
China,2004,hub,1302100316.0,7830953177799.0,17332.893,357.43,2203.31,2197.23,0.08,1.28,353.54,50.47,3777.772,399.84,13155.28,93.969,5.289,18.513,14214.832,-6.08,1715.28,5210.961,4.002,1069.441,418.315,386.731,12.8262305311048,19.6757794447012,58.6403340408439,73.727,352.264351737972,,,,,,413162398.0,65.89999999999999,6014.093600603196,7830.953177799,1302.100316,1283219861418000.0,0.6003068985138252,0.803242205552988,12.8262305311048,,,0.7912422192874629,1.1200469786686773,0.004429549898985,1.0,65.89999999999999,,,,,,
China,2005,hub,1310027135.0,8602939667333.0,19713.346,404.37,2500.26,2494.08,0.08,1.95,397.02,53.09,3838.487,469.751,15405.106,94.08,5.239,18.296,16050.938,-6.18,1955.41,5881.991,4.49,1119.984,435.414,353.835,12.8522049534502,19.6985317643713,61.3600749408237,74.085,375.104995496979,55.36,,,,,429370665.0,67.63333333333334,6566.993490049349,8602.939667333,1310.027135,1291031741542500.0,0.6052564271885643,0.803014682356287,12.8522049534502,0.1039214837251233,0.0501184117647058,0.7839149793087651,1.1218899783001646,0.004429549898985,1.0,67.63333333333334,0.0526,1.0,0.0,427.101,17.98,
China,2006,hub,1318054030.0,9489543138489.0,21612.988,446.72,2865.72,2858.84,0.09,3.71,435.79,54.84,4116.769,577.838,16918.381,94.095,5.267,17.502,17486.639,-6.88,2254.3,6486.185,4.921,1162.008,447.929,366.234,12.8888306349812,20.1926837072061,63.5695798621627,74.404,374.765138080587,,,,,,452800681.94,72.85833333333333,7199.661715300852,9489.543138489,1318.05403,1298942246565000.0,0.6106000977098488,0.798073162927939,12.8888306349812,,,0.7764332391769969,1.1239988723843362,0.004429549898985,1.0,72.85833333333333,0.0536,1.019,-0.019,451.123,18.556,
China,2007,hub,1325813576.0,10358206113742.0,23448.26,500.71,3281.54,3271.23,0.11,5.48,485.26,62.13,4313.567,710.779,18423.914,93.932,5.407,17.152,18893.74,-10.31,2576.8,6974.663,5.261,1176.147,458.677,334.239,12.8828499568842,20.2175690568452,61.2664640006176,74.789,385.314635786511,,,,,,458151718.0,94.55833333333334,7812.716886632635,10358.206113742,1325.813576,1306589279148000.0,0.6160459557148058,0.797824309431548,12.8828499568842,,,0.7736275619441104,1.1260423896221088,0.004429549898985,1.0,94.55833333333334,0.0536,1.019,-0.019,455.377,19.626,
China,2008,hub,1333821011.0,10799148337884.0,23943.34,665.08,3495.76,3482.96,0.15,13.1,636.96,68.39,4408.092,819.329,18715.92,92.431,6.872,20.982,19508.211,-12.8,2611.53,7492.404,5.617,1183.054,462.386,347.436,12.9088234363038,20.4806427530307,56.7111330003209,74.833,372.65810231486,,,,,,480626970.0,117.74166666666667,8096.399928343909,10799.148337884,1333.821011,1314480606340500.0,0.6180924701105279,0.795193572469693,12.9088234363038,,,0.7758188675968132,1.1269879997611465,0.004429549898985,1.0,117.74166666666667,0.0557,1.0589,-0.0589,478.513,20.227,
China,2009,hub,1342522717.0,11572544299171.0,25087.559,664.39,3714.64,3703.26,0.28,27.61,615.64,70.05,4580.298,902.24,19605.02,92.76,6.56,19.771,20229.75,-11.38,2797.62,7881.491,5.871,1197.731,441.753,354.239,12.9294708011995,20.7330512993708,44.4197644331119,75.317,383.967587321621,,,,,,484262839.0,91.8,8619.998866783422,11572.544299171,1342.522717,1323056137603500.0,0.6232913649942424,0.792669487006292,12.9294708011995,,,0.7837469116770263,1.1287333295559447,0.004429549898985,1.0,91.8,0.0547,1.0399,-0.0399,482.353,20.794,
China,2010,hub,1351561505.0,12858808500983.0,26643.773,786.38,4207.16,4193.65,0.7,49.4,711.38,74.74,5214.49,1088.741,20340.543,92.132,7.195,20.468,21497.809,-13.51,3116.46,8610.048,6.37,1241.241,447.392,-33.497,12.7960801051446,20.8620996124996,49.8540722338977,75.668,425.239340293993,64.0,3040.17,,,,499364717.26,106.88333333333333,9514.038727362984,12858.808500983,1351.561505,1499776510339385.2,0.6304904542608514,0.791379003875004,12.7960801051446,0.1233850968184074,0.0464425882352941,0.7708622717047441,1.1317134624245433,0.004429549898985,1.0,106.88333333333333,,,,,,
China,2011,hub,1360250658.0,13691526496125.0,28885.965,792.38,4713.02,4700.28,2.61,74.1,688.04,87.2,5390.733,1351.629,22143.604,92.579,6.697,18.663,23037.326,-12.74,3545.88,9520.153,6.999,1323.284,453.959,30.302,12.6413860958174,21.1525471932881,49.9458272253643,75.889,444.64980620155,,3085.76,,,,523320011.83,131.76666666666668,10065.443758914174,13691.526496125,1360.250658,1532053580706979.2,0.6349464878045259,0.788474528067119,12.6413860958174,,,0.7661754747836842,1.1335514791963808,0.004429549898985,1.0,131.76666666666668,,,,,,
China,2012,hub,1369520866.0,14773157494771.0,29585.432,999.56,4987.54,4976.76,3.59,103.05,862.79,98.32,5654.299,1508.776,22422.357,91.152,8.068,22.012,23821.602,-10.78,3592.41,9767.311,7.132,1319.353,460.654,25.575,12.4973437431264,21.2876390913292,47.4802130784317,76.2,457.333238442414,,3100.18,,,,543518767.95,122.75,10787.09924144449,14773.157494771,1369.520866,1549702837399896.2,0.6408551714135515,0.787123609086708,12.4973437431264,,,0.7626272932428642,1.1359569974714818,0.004429549898985,1.0,122.75,,,,,,
China,2013,hub,1379008040.0,15925464549520.0,30528.387,1093.37,5431.63,5420.4,8.37,138.26,909.61,111.5,5907.47,1718.785,22902.131,90.679,8.474,22.182,24548.49,-11.23,3897.27,9942.371,7.21,1330.891,461.947,23.093,12.39590801698,21.4298410892673,45.9160413795571,76.452,458.516155476157,,3097.2,,,,556932154.61,120.14166666666668,11548.492893137882,15925.46454952,1379.00804,1558938251043119.8,0.6468205408562133,0.785701589107327,12.39590801698,,,0.7578465178442939,1.1384949763104597,0.004429549898985,1.0,120.14166666666668,,,,,,
China,2014,hub,1387951970.0,17103948867278.0,30830.852,1289.23,5794.45,5783.04,23.51,159.76,1059.69,133.22,6142.517,1883.631,22804.703,89.328,9.69,24.548,25021.807,-11.41,4020.49,9976.027,7.188,1340.685,464.422,-132.593,12.3136452727788,21.0956663941128,44.0684564812532,76.714,477.579277718331,,3195.07,,,,562076332.51,114.975,12323.15615883884,17103.948867278,1387.95197,1618630350787583.8,0.652909668509906,0.789043336058872,12.3136452727788,,,0.7532385755284231,1.1410771871961296,0.004429549898985,1.0,114.975,,,,,,
China,2015,hub,1396134171.0,18301224436466.0,30885.834,1393.66,5814.58,5802.14,39.48,185.59,1114.52,171.38,6609.896,1946.895,22329.043,88.48,10.278,26.916,25166.627,-12.44,3883.25,9858.04,7.061,1341.393,466.877,-27.97,12.2356431912321,21.0387855949376,38.6971848362625,76.975,465.6126796366,100.0,3229.71,,,,619466874.73,93.06666666666666,13108.49975354267,18301.224436466,1396.134171,1645824600098449.8,0.6590664689451864,0.789612144050624,12.2356431912321,0.1827712493838567,0.0333044117647058,0.7520653172175487,1.1436949991784755,0.004429549898985,1.0,93.06666666666666,,,,,,
China,2016,hub,1404052628.0,19545709173693.0,30593.77,1522.79,6133.16,6120.44,66.53,240.86,1153.27,213.18,6823.579,2094.411,21675.779,87.357,11.113,28.305,25125.633,-12.72,3997.36,9748.175,6.943,1299.595,466.111,-144.617,12.0845187740794,21.4732126986384,36.177170692978,77.214,480.055071748405,,3221.75,,,,616323919.43,91.95833333333331,13920.923463912352,19545.709173693,1404.052628,1651079892304535.0,0.6653261564260824,0.785267873013616,12.0845187740794,,,0.7478151337744191,1.1464030782130412,0.004429549898985,1.0,91.95833333333331,,,,,,
China,2017,hub,1412354730.0,20894362082435.0,31511.137,1667.06,6604.44,6591.39,117.8,304.6,1165.06,248.1,7183.172,2412.522,21915.443,86.629,11.666,28.998,25949.135,-13.05,4254.61,10000.014,7.08,1319.021,463.766,-185.639,11.890871635807,21.1959188026592,36.95085261586,77.235,460.457754805883,100.0,3258.41,,,,616017835.42,97.925,14793.990233908871,20894.362082435,1412.35473,1679741233159444.5,0.6712207192064512,0.788040811973408,11.890871635807,0.1869849755847722,0.0331973529411764,0.7397658954348995,1.1493133007796963,0.004429549898985,1.0,97.925,,,,,,
China,2018,hub,1419008954.0,22294284747546.0,32720.148,1835.39,7166.14,7150.92,176.9,365.8,1198.89,295.0,7528.741,2839.26,22352.146,85.85,12.224,29.729,27068.061,-15.22,4564.01,10346.79,7.292,1354.933,461.258,-178.0,11.7685906045987,21.0782466493654,36.8943843914718,77.709,442.553246565176,,3274.57,,,,611016066.55,95.74166666666667,15711.16565875172,22294.284747546,1419.008954,1696025114932419.8,0.6790081632152076,0.789217533506346,11.7685906045987,,,0.7321792351189305,1.1523705521958392,0.004429549898985,1.0,95.74166666666667,,,,,,
China,2019,hub,1423520357.0,23631941251482.0,33897.516,2014.64,7503.43,7486.63,224.0,405.3,1272.54,348.7,7891.51,3083.768,22922.236,85.048,12.786,31.497,28231.928,-16.8,4649.37,10713.515,7.526,1373.722,453.971,-232.566,11.6042142218804,21.0341640300046,35.1994202738836,77.94,427.750847233594,78.08,3301.99,,,,614689452.29,94.925,16601.056061667547,23631.941251482,1423.520357,1715664244017806.8,0.6857560600189601,0.789658359699954,11.6042142218804,0.1608146401541688,0.0405790588235294,0.7264584458788869,1.155336853538892,0.004429549898985,1.0,94.925,0.063,0.9984,0.0016,613.374,24.681,
China,2020,hub,1426106093.0,24151843898871.0,34728.391,2185.01,7779.07,7762.03,261.1,466.5,1321.71,366.2,7959.667,3366.173,23402.553,84.407,13.396,32.796,29095.936,-17.04,4716.4,10896.521,7.641,1398.962,455.387,-263.683,11.5894936308412,20.2097479469587,34.0389507864581,78.019,414.491446133711,,3323.27,,,,617290089.69,98.05833333333334,16935.516941845784,24151.843898871,1426.106093,1729857492424700.2,0.6882646227495601,0.797902520530413,11.5894936308412,,,0.724831741364827,1.156451723139486,0.004429549898985,1.0,98.05833333333334,0.0632,1.0016,-0.0016,615.933,25.575,
China,2021,hub,1426437269.0,26180600167672.0,36292.25,2448.8,8534.26,8520.02,327.0,655.8,1300.0,407.5,8174.095,3802.679,24315.477,83.496,14.195,33.469,30738.947,-14.24,5112.41,11284.401,7.911,1450.486,465.801,-288.299,11.6065788899055,20.2097479469587,36.5206911762676,78.117,406.234332124994,51.84,3408.66,,,,633325579.39,125.74166666666667,18353.8391323902,26180.600167672,1426.437269,1774717476392582.0,0.6980659863727974,0.797902520530413,11.6065788899055,0.1284605978309755,0.0496901764705882,0.7105306493871475,1.161179463774634,0.004429549898985,1.0,125.74166666666667,0.0635,1.0063,-0.0063,631.738,26.118,
China,2022,hub,1425179562.0,26966016991166.0,36372.648,2670.66,8848.71,8835.76,427.27,762.67,1298.12,417.78,8198.393,3776.475,24397.779,82.455,15.218,34.903,31235.707,-12.95,5191.99,11711.808,8.218,1513.475,464.382,-297.69,11.5635568441694,20.2097479469587,37.440719876366,78.202,395.13903230531,,3461.13,,,,633910860.04,144.51666666666665,18921.1364730236,26966.016991166,1425.179562,1800447084160147.0,0.7021479686436867,0.797902520530413,11.5635568441694,,,0.7048831428484373,1.1630704549100788,0.004429549898985,1.0,144.51666666666665,0.0642,1.0174,-0.0174,631.858,26.01,0.3517
China,2023,hub,1422584930.0,,38320.816,2894.22,9456.45,9439.37,584.15,885.87,1226.0,434.72,9091.228,4048.381,25181.209,82.22,15.505,35.203,33089.07,-17.08,5513.5,12172.009,8.556,1541.531,471.637,-312.142,11.5492836227566,,36.1051923691138,77.953,394.019742296898,,3513.91,,,,642274844.14,124.525,,,1422.58493,1824574925152348.8,,,11.5492836227566,,,,,0.004429549898985,1.0,124.525,0.0645,1.0222,-0.0222,640.751,26.887,
China,2024,hub_country,1419321284.0,,38907.273,,,,,,,,8964.054,4343.913,25599.307,80.259,17.472,,34514.457,,,,,,,,,,,,,,,,,,,,,,,,,,,,,,,,,,,,,,,
EU-other,2000,bloc,178655469.0,5528024952865.0,6588.200000000002,263.27,1097.8700000000003,1192.4800000000002,0.04,11.88,224.15,194.1,3974.932,1688.187,925.081,84.56869230769232,9.794384615384615,33.083214285714284,51273.08435714286,94.61,453.46,1542.212,9.707285714285716,244.879,119.367,-44.65700000000001,22.07080543319098,25.258337604574244,114.6146125186455,77.93885017421606,260.8969291027342,68.48,,,,,80300751.02,53.65,30942.377436343693,5528.024952865,178.655469,208669587792000.0,0.7422577400775527,0.7474166239542576,22.07080543319098,0.1832279435908592,0.0439395322812051,0.5421468546971359,1.2031412581211458,-0.0007581788803067,1.0,53.65,,,,,,0.4743
EU-other,2001,bloc,179375265.0,5693390005715.0,6680.893,280.88000000000005,1139.8599999999997,1228.2099999999998,0.06,15.15,237.86,208.92,4021.396,1726.521,932.973,84.49976923076926,9.622384615384616,31.4855,52759.95014285714,88.35,457.63,1565.727,9.974857142857145,240.295,116.118,-47.07799999999999,22.081019542962974,25.29254589554796,110.7451475891222,78.28412020905924,248.6493016047933,,,,,,72378603.58,55.34166666666667,31740.106450658062,5693.390005715,179.375265,209510309520000.0,0.7365469061313502,0.7470745410445204,22.081019542962974,,,0.5354991129111829,1.205800354835527,-0.0007581788803067,1.0,55.34166666666667,,,,,,
EU-other,2002,bloc,180445753.0,5813954593655.0,6796.356,241.11000000000004,1146.7199999999998,1251.3,0.0699999999999999,18.86,190.22000000000003,204.7,4073.77,1760.804,961.7819999999998,85.47300000000001,8.69876923076923,28.741857142857143,52515.85521428572,104.58,492.98,1601.571,10.13942857142857,239.903,116.08,-44.051,22.024510291152005,25.733773486904685,105.94425065515256,78.46494425087108,252.5380012151341,,,,,,77150445.97,53.425,32219.958059389737,5813.954593655,180.445753,210760639504000.0,0.7442728189670813,0.7426622651309531,22.024510291152005,,,0.5315003495050855,1.207399860197966,-0.0007581788803067,1.0,53.425,,,,,,
EU-other,2003,bloc,181899359.0,5931863442383.0,6991.991,253.75,1183.7999999999995,1283.98,0.08,23.65,195.0,203.43,4108.715,1888.245,995.03,85.44584615384616,8.803692307692309,29.12628571428571,54026.90785714286,100.18,507.1700000000001,1647.236,10.463571428571427,237.312,117.702,-35.608999999999995,22.21204521165852,26.122264951839185,101.6867609367504,78.5603275261324,252.79731835769675,,,,,,72664269.5,58.11666666666667,32610.68909199949,5931.863442383,181.899359,212458451312000.0,0.747473656514239,0.7387773504816082,22.21204521165852,,,0.5282442575666709,1.2087022969733316,-0.0007581788803067,1.0,58.11666666666667,,,,,,
EU-other,2004,bloc,183440001.0,6134746888484.0,7102.834999999999,273.58000000000004,1230.43,1314.25,0.11,30.700000000000003,201.08,214.95,4123.426,1983.982,995.422,84.81946153846154,9.335384615384616,29.755928571428573,55411.10971428572,83.82,511.7899999999999,1667.3239999999998,10.536,231.673,115.68999999999998,-35.696000000000005,22.14285873490616,26.437206206831185,105.24613830357704,79.08151045296168,248.69220309432265,,,,,,83724634.82000001,65.89999999999999,33442.79794505671,6134.746888484,183.440001,214257921168000.0,0.7507554027580949,0.7356279379316881,22.14285873490616,,,0.5213100171245274,1.211475993150189,-0.0007581788803067,1.0,65.89999999999999,,,,,,
EU-other,2005,bloc,184902237.0,6309718805403.0,7173.278999999999,272.39,1236.6799999999998,1338.59,0.1599999999999999,39.080000000000005,189.01,204.79,4156.362,2078.725,938.193,84.85884615384614,9.427307692307693,29.846428571428568,54504.35214285715,101.91,511.92,1668.441,10.308142857142856,225.609,113.156,-47.832,21.852488539803705,26.897408354603737,109.3182378896186,79.2859198606272,240.5802107482028,73.00571428571428,,,,,69838403.42,67.63333333333334,34124.62124729729,6309.718805403,184.902237,215965812816000.0,0.7479103440618101,0.7310259164539626,21.852488539803705,0.1975195531182432,0.041800856527977,0.5156281562725226,1.213748737490991,-0.0007581788803067,1.0,67.63333333333334,0.0379,1.0,0.0,51.813,5.908,
EU-other,2006,bloc,186298139.0,6559649676011.0,7159.776,283.32000000000005,1260.6400000000003,1365.8,0.24,44.71,190.00000000000003,200.14,4136.75,2073.808,949.216,84.58469230769232,9.90007692307692,30.331500000000005,54291.52835714287,105.16,520.6800000000001,1658.06,10.335071428571428,224.983,109.396,-63.809000000000005,21.49660078410293,26.468748143968632,115.72219233754392,79.60034146341465,237.2444570016836,,,,,,71211625.33,72.85833333333333,35210.494915416195,6559.649676011,186.298139,217596226352000.0,0.7529234714067059,0.7353125185603137,21.49660078410293,,,0.5065792090381984,1.2173683163847209,-0.0007581788803067,1.0,72.85833333333333,0.0412,1.0871,-0.0871,53.965,5.777,
EU-other,2007,bloc,187933901.0,6794501509897.0,7150.278000000001,296.22,1278.31,1379.32,0.6700000000000002,54.27,191.52,197.92,4121.282999999999,2075.976,953.02,83.97630769230767,10.56930769230769,31.08542857142857,54049.92464285715,101.01,520.69,1645.3159999999998,10.042714285714286,223.411,109.226,8.532999999999994,21.18041578597968,26.07032170333738,117.85746572145864,79.79306271777004,234.034526314756,,,,,,77698103.78,94.55833333333334,36153.6767647738,6794.501509897,187.933901,219506796368000.0,0.7566816123779266,0.7392967829666262,21.18041578597968,,,0.4987193602935517,1.2205122558825794,-0.0007581788803067,1.0,94.55833333333334,0.0458,1.2084,-0.2084,59.783,5.883,
EU-other,2008,bloc,189579951.0,6845454682085.0,6955.145,322.39,1286.29,1378.69,2.95,64.42,201.24,195.56,3988.289,2139.207,827.6459999999998,83.24338461538461,11.435538461538462,32.45757142857143,53200.71292857144,92.4,493.99,1584.667,9.668714285714287,219.435,99.421,-32.395,21.32295911587463,26.59766189209801,119.11459353029448,80.05565505226481,202.03884882036715,,,,,,82564408.99000001,117.74166666666667,36108.53703662472,6845.454682085,189.579951,221429382768000.0,0.7253117998372313,0.7340233810790199,21.32295911587463,,,0.499095524694794,1.2203617901220825,-0.0007581788803067,1.0,117.74166666666667,0.0452,1.1926,-0.1926,63.357,5.729,
EU-other,2009,bloc,190788571.0,6587688067854.0,6411.491,349.28000000000003,1238.5400000000002,1309.6700000000003,7.239999999999998,74.86000000000001,210.08,179.93,3688.509000000001,2026.5990000000004,696.3820000000001,81.93823076923078,12.71992307692308,33.77892857142857,50316.472357142855,71.13,456.55,1442.91,8.941,219.098,95.328,-20.389000000000003,21.20232320465997,25.836607084513314,105.9036142571545,80.28950348432058,207.29971446124,,,,,,72376262.38,91.8,34528.735308018004,6587.688067854,190.788571,222841050928000.0,0.7208660013613151,0.7416339291548668,21.20232320465997,,,0.51226053909985,1.21509578436006,-0.0007581788803067,1.0,91.8,0.0414,1.0923,-0.0923,52.947,5.778,
EU-other,2010,bloc,191687372.0,6723700039080.0,6573.972,399.19,1290.16,1356.0599999999995,10.25,87.16999999999999,235.86,194.53,3692.083,2181.74,700.151,81.01407692307693,13.763307692307691,35.48428571428571,52949.84171428571,65.89999999999999,442.05,1467.527,9.145142857142858,217.01,97.714,-40.544,21.26947740630917,27.04280237676922,116.33454430277295,80.59793031358886,224.9064918180985,75.74857142857142,3441.188461538461,,,,70457998.81,106.88333333333333,35076.38489133233,6723.70003908,191.687372,240765816053396.25,0.7432123412200394,0.7295719762323079,21.26947740630917,0.2037389622283308,0.0403006169296987,0.5076967925722305,1.2169212829711078,-0.0007581788803067,1.0,106.88333333333333,,,,,,
EU-other,2011,bloc,192392428.0,6771110855239.0,6312.620999999999,392.68,1260.0800000000004,1338.5,22.640000000000004,95.59,206.14,193.75,3547.685,1999.101,765.8340000000001,80.29292307692307,14.219076923076925,36.83342857142857,50414.372,78.42,440.79,1407.399,8.617785714285715,211.283,95.771,8.206,21.26647323619498,25.86834408136912,122.52612495224469,81.00340592334496,213.70323430378124,,3447.6100000000006,,,,76179831.57000001,131.76666666666668,35194.268951369544,6771.110855239,192.392428,242102331424434.25,0.7342260678266781,0.7413165591863089,21.26647323619498,,,0.5067144254052539,1.2173142298378985,-0.0007581788803067,1.0,131.76666666666668,,,,,,
EU-other,2012,bloc,192814074.0,6621414269194.0,6059.437,430.63,1251.34,1330.36,35.800000000000004,109.46999999999998,213.45,192.7,3336.5260000000003,1927.1420000000005,795.767,78.93253846153847,15.69353846153846,39.379571428571424,48962.02692857144,79.02000000000001,428.82,1354.414,8.249785714285714,208.442,95.393,-31.950000000000003,21.21333222650165,26.8128459293074,125.15589556370388,81.04259233449477,227.1293799982856,,3446.7538461538456,,,,70521545.75,122.75,34340.92818968184,6621.414269194,192.814074,242572667670513.6,0.7421015800904597,0.7318715407069261,21.21333222650165,,,0.5138255984193181,1.214469760632273,-0.0007581788803067,1.0,122.75,,,,,,
EU-other,2013,bloc,192984243.0,6565810644989.0,5751.48,472.28,1214.1699999999996,1303.35,43.21999999999999,125.8,227.16,192.33,3203.685,1827.057,720.738,77.634,16.789692307692306,43.31200000000001,47426.63442857143,89.17999999999999,382.5299999999999,1282.1270000000002,7.884142857142857,204.872,95.903,-41.203,21.08084011880154,26.91630827905688,125.80513002814328,81.41776480836236,225.21824569259687,,3453.2723076923075,,,,78328980.89000002,120.14166666666668,34022.52195786264,6565.810644989,192.984243,243245906893095.0,0.7393918757157053,0.7308369172094311,21.08084011880154,,,0.516478983684478,1.213408406526209,-0.0007581788803067,1.0,120.14166666666668,,,,,,
EU-other,2014,bloc,193124478.0,6636581475284.0,5513.89,486.03,1175.2999999999995,1279.1699999999998,45.71,128.17,237.18,183.56,3185.0979999999995,1621.7799999999995,707.0159999999998,76.8223076923077,17.755846153846154,45.41185714285715,45830.23478571428,103.87000000000002,360.8200000000001,1232.95,7.510642857142857,203.24,96.668,-40.947,20.937742776412424,25.935333529400435,128.40784265963637,81.73260801393728,218.31847657051875,,3437.5192307692314,,,,76950218.17,114.975,34364.26880741653,6636.581475284,193.124478,242312224075903.3,0.7358816302377801,0.7406466647059957,20.937742776412424,,,0.513631093271529,1.2145475626913884,-0.0007581788803067,1.0,114.975,,,,,,
EU-other,2015,bloc,193376380.0,6780142929347.0,5660.524999999999,481.7600000000001,1192.99,1297.9,47.64,138.12,219.02,166.98,3229.336,1705.002,726.19,77.11930769230769,18.09253846153846,45.92907142857143,46096.56807142858,104.90999999999998,384.42,1269.6059999999998,7.340142857142856,203.358,97.597,-41.541,20.868813765909465,24.23949315684929,133.1434819927288,81.61606968641117,224.7081372290345,100.0,3450.1799999999994,,,,74207213.91000001,93.06666666666666,35061.89809400197,6780.142929347,193.37638,243521911343166.0,0.7465108410626556,0.7576050684315071,20.868813765909465,0.2376547452350049,0.0313933830703012,0.507817515883317,1.2168729936466731,-0.0007581788803067,1.0,93.06666666666666,,,,,,
EU-other,2016,bloc,193784426.0,6916633105811.0,5700.373,486.50999999999993,1224.5599999999995,1310.62,47.620000000000005,140.94,219.17,192.41000000000005,3272.797,1779.9580000000003,647.616,76.61115384615384,17.975,49.191642857142845,46993.986,86.06,370.64,1256.8549999999996,7.247071428571429,204.236,97.16800000000002,-32.735000000000014,20.738618747241333,24.050262747470533,133.5394208003957,81.89598257839724,228.487356400348,,3439.2853846153853,,,,76009213.71000001,91.95833333333331,35692.40959441705,6916.633105811,193.784426,243265179599376.8,0.7554813980908048,0.7594973725252947,20.738618747241333,,,0.502563253379858,1.218974698648057,-0.0007581788803067,1.0,91.95833333333331,,,,,,
EU-other,2017,bloc,194294385.0,7086610446067.0,5826.936,471.02,1246.3200000000002,1325.2499999999998,52.02,153.51,183.71,191.85,3291.03,1886.095,649.8140000000001,76.84753846153848,17.84315384615385,48.48307142857143,47819.62664285715,78.92999999999999,387.31,1266.31,7.227214285714285,205.411,97.578,-37.878,20.795876106683696,24.162111371898387,137.56640884275046,81.92659059233452,236.09585265738187,100.0,3462.2,,,,67346258.32,97.925,36473.57305805312,7086.610446067,194.294385,245530397207654.97,0.7684056790565638,0.7583788862810161,20.795876106683696,0.2411839326451328,0.0312655215208034,0.4960535578495574,1.2215785768601772,-0.0007581788803067,1.0,97.925,,,,,,
EU-other,2018,bloc,194838985.0,7225396333292.0,5756.305,505.67,1222.89,1330.45,51.24,157.29000000000002,215.55,179.22,3310.831,1851.56,593.9149999999998,76.08969230769232,18.870692307692305,50.53521428571428,47640.67678571429,107.56,355.35,1245.325,7.112785714285715,203.362,96.57900000000002,37.64,20.8260942016974,23.8837771496814,140.77717740110734,82.03866898954705,238.90480028051047,,3476.152307692308,,,,68143920.0,95.74166666666667,37083.93540077208,7225.396333292,194.838985,247210845377704.6,0.7756792797781766,0.761162228503186,20.8260942016974,,,0.490967204993566,1.2236131180025738,-0.0007581788803067,1.0,95.74166666666667,,,,,,
EU-other,2019,bloc,195495898.0,7343388462392.0,5662.729999999999,524.5899999999999,1249.0499999999995,1316.3800000000003,58.28000000000001,178.22,203.8,195.78,3301.82,1942.013,418.896,75.06153846153846,19.541999999999994,53.18264285714285,47771.63164285715,67.33,321.35,1194.197,6.851071428571428,201.7,96.014,-16.93199999999999,20.81644689943601,23.57948338914599,145.41913316002487,82.33173170731709,235.1778307865803,80.45714285714283,3502.262307692308,,,,71466040.0,94.925,37562.87746964389,7343.388462392,195.495898,249907438928958.9,0.7761795964139527,0.7642051661085401,20.81644689943601,0.2165471936741096,0.0379386987087518,0.4869760210863009,1.2252095915654797,-0.0007581788803067,1.0,94.925,0.046,0.9407,0.0593,52.559,6.226,
EU-other,2020,bloc,195908858.0,6793717688055.0,4959.973999999999,576.9399999999999,1216.44,1264.1599999999996,70.71,196.12000000000003,225.11,169.31,2808.5779999999995,1855.595,295.8,71.869,23.226769230769232,56.58264285714287,43448.20278571428,47.720000000000006,276.99,1056.3570000000002,6.056214285714285,199.273,95.66700000000002,-20.288000000000007,20.36595906334082,23.87025833866756,140.55742354167708,81.72200348432057,245.8966921772349,,3494.570769230769,,,,77580600.0,98.05833333333334,34677.95053991382,6793.717688055,195.908858,249885339539066.25,0.7655136296428898,0.7612974166133244,20.36595906334082,,,0.5110170788340515,1.2155931684663794,-0.0007581788803067,1.0,98.05833333333334,0.0518,1.0593,-0.0593,58.731,6.164,
EU-other,2021,bloc,196028377.0,7188712173619.0,5245.669000000001,605.5199999999999,1263.78,1320.65,83.46000000000001,205.86,222.65,187.29,2997.857,1917.153,330.66,71.32738461538462,23.536692307692302,57.88114285714287,44823.50549999999,56.87,284.69,1123.567,6.262714285714284,199.289,95.775,34.34599999999999,20.27774765465104,23.468582906439483,147.2168096750357,81.82890766550521,248.7952927060813,53.71428571428571,3507.402307692308,,,,73041230.0,125.74166666666667,36671.79356190354,7188.712173619,196.028377,250955889379986.9,0.7820818258597704,0.7653141709356052,20.27774765465104,0.1768794839047588,0.047505743902439,0.4944017203174705,1.222239311873012,-0.0007581788803067,1.0,125.74166666666667,0.0496,1.0143,-0.0143,55.977,6.173,
EU-other,2022,bloc,196470396.0,7505725498809.0,5184.181,597.16,1267.02,1286.87,107.9,224.77,175.47,183.91000000000005,3141.2469999999994,1693.4779999999998,349.458,70.95769230769231,23.899538461538462,58.50642857142857,43886.46607142856,19.85,298.47,1105.1089999999997,5.963142857142857,194.874,91.246,16.168999999999993,20.277281809417588,23.119089918914646,163.8107813715166,81.9036480836237,196.4497092205064,,3523.534615384616,,,,67390850.0,144.51666666666665,38202.831834313605,7505.725498809,196.470396,252678638039578.0,0.740206953901269,0.7688091008108535,20.277281809417588,,,0.4816430680473866,1.2273427727810455,-0.0007581788803067,1.0,144.51666666666665,0.0428,0.8753,0.1247,48.936,6.13,0.3688
EU-other,2023,bloc,196861018.0,,4866.691999999998,667.2800000000001,1230.9,1264.6899999999996,137.25,246.29,204.96,176.57,3074.741,1535.3079999999998,256.645,68.51215384615385,26.21876923076924,64.09928571428571,43048.27414285714,33.78999999999999,238.06,1022.694,5.555071428571428,192.79400000000004,89.213,12.819999999999991,20.15171500294818,,153.24069317366963,82.51266202090592,195.13489123054745,,3531.820769230769,,,,56254540.0,124.525,,,196.861018,253776408688874.0,,,20.15171500294818,,,,,-0.0007581788803067,1.0,124.525,0.0385,0.7873,0.2127,42.754,6.068,
East Africa,2000,bloc,210648645.0,191535797290.0,,8.62,13.53,13.74,0.0,0.0,7.989999999999998,0.0,,,,,,53.745900000000006,1008.7543,0.21,3.51,25.338,0.1634,210.836,86.34899999999999,207.00800000000004,17.275692491916416,5.570141153886921,39.13627551518309,53.025333333333336,10.430070892460922,20.352,,,,,17342534.07,53.65,909.26669521183,191.53579729,210.648645,169150861935000.0,0.2036400841546574,0.9442985884611308,17.275692491916416,0.0407659667380295,0.0710428392156862,0.8532865020247183,1.1030308889840394,0.0275054731037422,,53.65,,,,,,0.2899
East Africa,2001,bloc,216771040.0,203743041114.0,,10.7,14.89,15.11,0.0,0.0,9.989999999999998,0.0,,,,,,56.32959999999999,993.917,0.22,3.09,26.234,0.1611,215.748,87.60099999999998,194.235,17.96135361778193,6.072895902958363,40.1436536763165,53.973000000000006,8.359783200897274,,,,,,21002736.0,55.34166666666667,939.8997260611934,203.743041114,216.77104,174067145120000.0,0.2051187225511092,0.9392710409704164,17.96135361778193,,,0.8520238486065068,1.1031329990868708,0.0275054731037422,,55.34166666666667,,,,,,
East Africa,2002,bloc,223111181.0,214812408192.0,,12.080000000000002,15.85,16.03,0.0,0.0,10.980000000000002,0.0,,,,,,57.5806,987.0313999999998,0.18,2.93,27.022,0.1581999999999999,228.511,93.565,403.35,18.221713000568027,6.323161535560471,41.46247453144107,54.72066666666666,8.891617963593385,,,,,,21866856.88,53.425,962.8043167948628,214.812408192,223.111181,179158278343000.0,0.2084420781147748,0.9367683846443952,18.221713000568027,,,0.8505141561619352,1.1032093477226497,0.0275054731037422,,53.425,,,,,,
East Africa,2003,bloc,229669245.0,223490484738.0,,12.69,16.830000000000002,17.029999999999998,0.0,0.0,11.159999999999998,0.0,,,,,,58.00160000000001,995.5093,0.2,3.18,27.781,0.1682,235.439,96.518,467.306,18.59408717080426,6.782522591596582,41.8209174629015,55.43666666666667,8.496298383617418,,,,,,20578050.87,58.11666666666667,973.0971368761194,223.490484738,229.669245,184424403735000.0,0.2106424361588699,0.9321747740840342,18.59408717080426,,,0.8500699397297975,1.1032436571229205,0.0275054731037422,,58.11666666666667,,,,,,
East Africa,2004,bloc,236444411.0,237497018043.0,,12.3,17.89,18.08,0.0,0.0,10.509999999999998,0.0,,,,,,54.0191,1013.904,0.19,4.06,31.855,0.1696,239.37,97.762,455.627,18.628051172457823,7.16635631835114,43.00196565039363,56.09922222222222,8.239691111935018,,,,,,23392536.95,65.89999999999999,1004.4518161311074,237.497018043,236.444411,189864862033000.0,0.2129332914547698,0.9283364368164886,18.628051172457823,,,0.8486276025485139,1.103348172720437,0.0275054731037422,,65.89999999999999,,,,,,
East Africa,2005,bloc,243358236.0,258200220361.0,,12.64,20.32,20.47,0.0,0.0,10.87,0.0,,,,,,50.0531,1017.4003,0.15,5.330000000000001,33.663000000000004,0.1698,246.318,102.052,445.217,18.65536335473688,7.362020401216108,45.271097617192346,56.87755555555556,9.858158636500304,25.088,,,,,25645669.72,67.63333333333334,1060.9882147608926,258.200220361,243.358236,195416663508000.0,0.2176757271270631,0.9263797959878388,18.65536335473688,0.0477756705369022,0.0677990300653594,0.8458873339264669,1.1035366273825364,0.0275054731037422,,67.63333333333334,0.0128,1.0,0.0,26.251,2.407,
East Africa,2006,bloc,250388414.0,278109700466.0,,12.45,21.82,21.98,0.01,0.0,10.65,0.0,,,,,,46.1637,985.1901,0.1599999999999999,6.39,36.933,0.1707,247.85700000000003,99.26,499.091,18.88719988657757,7.5119558303449185,42.720469021318166,58.02377777777778,9.474764768503317,,,,,,26204883.19,72.85833333333333,1110.7131357363844,278.109700466,250.388414,201061896442000.0,0.2216693229283144,0.9248804416965508,18.88719988657757,,,0.8480235881808786,1.1037023771191214,0.0275054731037422,,72.85833333333333,0.0147,1.1484,-0.1484,30.9,2.469,
East Africa,2007,bloc,257644812.0,303208380524.0,,14.2,22.790000000000003,22.96,0.01,0.0,12.4,0.0,,,,,,48.556,1011.4791,0.1699999999999999,5.97,39.849,0.1785,269.721,111.15,438.631,19.159256842122403,7.661926656089526,42.277411521328666,58.84655555555556,11.266390679077425,,,,,,27616011.99,94.55833333333334,1176.8464428618108,303.208380524,257.644812,206888784036000.0,0.2268057591216856,0.9233807334391048,19.159256842122403,,,0.8479155347881563,1.103922821476206,0.0275054731037422,,94.55833333333334,0.0151,1.1797,-0.1797,31.347,2.545,
East Africa,2008,bloc,265166345.0,323509975304.0,,14.099999999999998,23.24,23.410000000000004,0.02,0.0,12.079999999999998,0.0,,,,,,49.1072,1023.667,0.1699999999999999,6.28,41.813,0.1821999999999999,280.96600000000007,114.394,413.207,19.338234259793605,7.811879782759318,44.62832835585027,59.50633333333334,13.048556719579643,,,,,,29117478.37,117.74166666666667,1220.02652826851,323.509975304,265.166345,212928575035000.0,0.2312044198492128,0.9218812021724068,19.338234259793605,,,0.8452047839085788,1.1040667550942285,0.0275054731037422,,117.74166666666667,0.014,1.0938,-0.0938,29.89,2.611,
East Africa,2009,bloc,272839471.0,346094831720.0,,15.4,25.4,25.570000000000004,0.02,0.01,13.159999999999998,0.0,,,,,,48.1134,982.704,0.1699999999999999,6.779999999999999,44.65,0.1812,285.40599999999995,116.981,410.64,19.706910889417223,7.9470479120948765,39.01671974850498,60.368222222222215,10.90031057773791,,,,,,30090808.62,91.8,1268.4925331789696,346.09483172,272.839471,219090095213000.0,0.2324212411910878,0.9205295208790512,19.706910889417223,,,0.8504125091416703,1.10422830844393,0.0275054731037422,,91.8,0.0158,1.2344,-0.2344,35.428,2.767,
East Africa,2010,bloc,280531988.0,377016717120.0,,21.23,29.28,29.48,0.03,0.02,18.85,0.0,,,,,,49.4726,1056.6066,0.2,5.59,46.711000000000006,0.1921,293.42799999999994,119.405,506.872,20.03460337981089,8.082269131928815,40.630438385986665,60.99877777777778,11.345381435227644,33.952,2266.015,,,,36847885.66,106.88333333333333,1343.9348567978636,377.01671712,280.531988,232026737867554.28,0.235594751068782,0.9191773086807118,20.03460337981089,0.0608926371419946,0.0629996562091503,0.8481701044740312,1.104479782855993,0.0275054731037422,,106.88333333333333,,,,,,
East Africa,2011,bloc,288020773.0,411780273581.0,,22.22,32.05,31.89,0.04,0.05,19.82,0.0,,,,,,48.255500000000005,954.291,-0.16,6.75,49.312,0.1765,295.347,119.384,530.798,20.683653481464603,8.140264680475678,45.311246106991575,61.59066666666666,12.231580652084617,,2287.035,,,,36277859.25,131.76666666666668,1429.6894952816476,411.780273581,288.020773,240430459830990.1,0.2391416674833739,0.9185973531952432,20.683653481464603,,,0.8427746747656614,1.1047656316509389,0.0275054731037422,,131.76666666666668,,,,,,
East Africa,2012,bloc,295687801.0,436965193869.0,,25.34,35.4,35.11,0.06,0.2,22.66,0.0,,,,,,51.6136,1037.8822000000002,-0.29,6.879999999999999,51.834,0.1765999999999999,302.313,125.198,414.89,19.92341359363072,82.1067868689816,42.88161999190832,62.1531111111111,13.753086276129402,,2301.968333333333,,,,41996280.82,122.75,1477.7924296883657,436.965193869,295.687801,248442343376063.4,0.2429689573760125,0.178932131310184,19.92341359363072,,,0.844803443094022,1.104925974765628,0.0275054731037422,,122.75,,,,,,
East Africa,2013,bloc,303834067.0,464692580874.0,,28.54,37.75000000000001,37.620000000000005,0.09,0.37,25.28,0.0,,,,,,51.8019,1059.5144999999998,-0.1299999999999999,6.44,57.31,0.1916,309.511,126.831,331.346,20.200835010411872,82.15833846759885,85.42136371235196,62.602777777777774,14.712533750938466,,2325.2333333333336,,,,47014012.25,120.14166666666668,1529.4288275909496,464.692580874,303.834067,257867061642581.2,0.2458597063270349,0.1784166153240114,20.200835010411872,,,0.8018333960577234,1.10509809609197,0.0275054731037422,,120.14166666666668,,,,,,
East Africa,2014,bloc,312339360.0,497866427809.0,,31.61,40.88,41.14,0.13,0.52,26.82,0.0,,,,,,52.6832,1108.5537000000002,0.2600000000000001,6.61,55.99799999999999,0.184,316.058,128.537,374.6689999999999,20.459492752712563,82.20989006550188,75.94205363625012,63.12488888888889,14.95728185638376,,2358.11,,,,52378435.68,114.975,1593.9919573665004,497.866427809,312.33936,268833657396504.03,0.2483776203956898,0.1779010993449812,20.459492752712563,,,0.8107746800523623,1.105313306524555,0.0275054731037422,,114.975,,,,,,
East Africa,2015,bloc,321152949.0,534237768778.0,,33.76,44.85,44.78,0.14,0.8200000000000001,27.29,0.0,,,,,,52.5915,1081.796,-0.0699999999999999,7.85,62.642,0.2024,323.572,131.29299999999998,409.692,20.62061993366412,82.26144166348163,70.05345611033057,63.58588888888888,14.644540828982388,82.88399999999999,2357.3166666666666,,,,49708047.58,93.06666666666666,1663.4994959302087,534.237768778,321.152949,276326607717800.25,0.2501553217822425,0.1773855833651836,20.62061993366412,0.1301963487398255,0.0448081751633986,0.816084048090251,1.1055449983197674,0.0275054731037422,,93.06666666666666,,,,,,
East Africa,2016,bloc,330410646.0,567446346554.0,,35.959999999999994,48.85,48.67,0.21,0.8400000000000001,29.110000000000003,0.0,,,,,,52.1494,1114.6477,-0.18,8.92,72.11399999999999,0.2106999999999999,332.388,136.603,422.517,20.81197164829821,82.74880774280643,59.17606409764647,64.04022222222223,17.43683792714573,,2322.396666666667,,,,54669357.34,91.95833333333331,1717.3972855402485,567.446346554,330.410646,280080772759076.72,0.2549104668895709,0.1725119225719357,20.81197164829821,,,0.8265122918561849,1.1057246576184676,0.0275054731037422,,91.95833333333331,,,,,,
East Africa,2017,bloc,340239472.0,606072424946.0,,38.09,52.2,52.370000000000005,0.26,0.6000000000000001,31.33,0.0,,,,,,50.3839,1068.5822,0.17,9.74,73.65500000000002,0.2091,333.138,135.45300000000003,469.906,20.915130588679787,82.77772453015186,73.50328227684784,64.50900000000001,20.87615540163561,70.892,2367.295,,,,53830154.92999999,97.925,1781.3113257652833,606.072424946,340.239472,293988228316907.6,0.2604303877694826,0.1722227546984814,20.915130588679787,0.1137020783144132,0.0486252705882352,0.8116524566751081,1.1059377044192178,0.0275054731037422,,97.925,,,,,,
East Africa,2018,bloc,350169418.0,647406120254.0,,40.75,55.52,56.05,0.32,0.92,33.720000000000006,0.0,,,,,,50.16850000000001,1073.395,0.53,10.02,77.49699999999999,0.2186,339.048,137.26399999999998,445.24500000000006,20.930395680699355,82.8068143605612,73.27801189772823,64.8988888888889,17.706594311929752,,2394.1199999999994,,,,60643521.77,95.74166666666667,1848.8368400406684,647.406120254,350.169418,305996876563088.3,0.2590870752063186,0.1719318563943879,20.930395680699355,,,0.8113150144352662,1.1061627894668022,0.0275054731037422,,95.74166666666667,,,,,,
East Africa,2019,bloc,360054231.0,691913980907.0,,43.68,57.54,57.28,0.38,2.42,35.0,0.0,,,,,,52.0223,1106.6529999999998,-0.2599999999999999,9.46,83.64800000000001,0.2323,355.94,142.83599999999998,427.91800000000006,20.882949059698408,82.84760009623373,76.85555895264687,65.26688888888889,19.51922657296434,42.01599999999999,2357.89,,,,57807066.32,94.925,1921.6937931414004,691.913980907,360.054231,309873418817395.3,0.2626842440174364,0.1715239990376627,20.882949059698408,0.0736266344828535,0.0584197986928104,0.8071303261045082,1.106405645977138,0.0275054731037422,,94.925,0.0157,0.9752,0.0248,55.708,4.529,
East Africa,2020,bloc,370084734.0,713812849179.0,,46.33,59.1,58.83000000000001,0.42,1.95,38.2,0.0,,,,,,55.6011,998.8994,-0.2700000000000001,8.91,82.42499999999998,0.2182,371.733,152.12400000000002,417.29,21.12533290264038,82.84760009623373,58.6081326662594,65.17466666666665,24.2189968128704,,2412.1766666666667,,,,61436362.42,98.05833333333334,1928.7822047234188,713.812849179,370.084734,325839062416184.06,0.2671057801384774,0.1715239990376627,21.12533290264038,,,0.8253186822943788,1.1064292740157449,0.0275054731037422,,98.05833333333334,0.0165,1.0248,-0.0248,60.283,4.481,
East Africa,2021,bloc,380229644.0,757949940835.0,,47.34,62.17,62.11,0.51,2.89,38.07,0.0,,,,,,57.255100000000006,1025.0844000000002,-0.0599999999999998,10.16,86.479,0.2305,367.5750000000001,147.162,334.672,21.50708318892893,82.84760009623373,64.69643274466945,64.813,21.1784198039186,27.52,2421.863333333333,,,,60336971.07,125.74166666666667,1993.4004431148453,757.949940835,380.229644,336115445063245.1,0.2632195207972332,0.1715239990376627,21.50708318892893,0.0535115011077871,0.063680294117647,0.8186918968960403,1.1066446681437163,0.0275054731037422,,125.74166666666667,0.0169,1.0497,-0.0497,61.714,4.552,
East Africa,2022,bloc,390365200.0,801594215410.0,,50.42,65.01,64.80999999999999,0.93,2.78,40.23,0.0,,,,,,57.964,1064.5569,-0.1999999999999999,9.91,86.237,0.2277999999999999,371.512,147.43900000000002,351.37699999999995,21.47083272680057,82.84760009623373,71.78698576316417,66.04822222222222,22.54632191132108,,2473.7916666666665,,,,62150275.77,144.51666666666665,2053.446914350972,801.59421541,390.3652,352473995231583.3,0.2693473405560138,0.1715239990376627,21.47083272680057,,,0.8111009566172445,1.1068448230478367,0.0275054731037422,,144.51666666666665,0.0166,1.0311,-0.0311,62.462,4.509,0.8108
East Africa,2023,bloc,399973607.0,,,50.53,64.13,64.35,1.1,2.6499999999999995,39.85,0.0,,,,,,58.363200000000006,1088.7163,0.2199999999999999,9.14,88.521,0.2283,378.1710000000001,150.059,356.30800000000005,21.23317394114489,,69.50652854084149,66.50955555555555,25.32427401097509,,2454.388333333333,,,,61429135.75,124.525,,,399.973607,358317052451648.8,,,21.23317394114489,,,,,0.0275054731037422,,124.525,0.0161,1.0,0.0,61.349,4.665,
Eastern Europe-other,2000,bloc,128758185.0,1318548624108.0,2479.1620000000003,59.16,435.37,439.15,0.0,0.0,58.8,67.49,766.034,720.728,992.399,83.72716666666668,7.160833333333334,41.8733125,23228.1878,3.78,271.55,747.9390000000001,5.0633125,179.77100000000002,84.316,-96.34,30.21691711920283,26.359295957594394,87.51132079252078,71.98764227642276,100.68944845519482,55.38133333333333,,,,,63179704.63,53.65,10240.503344373796,1318.548624108,128.758185,126891191317500.0,0.4230335023148651,0.7364070404240561,30.21691711920283,0.1131351250276011,0.050974562984218,0.7271511513376976,1.1341350111479127,0.000632991522149,1.0,53.65,,,,,,1.6111
Eastern Europe-other,2001,bloc,128305559.0,1371413618460.0,2499.954,58.53,447.48,446.67,0.0,0.01,57.78,72.85000000000001,769.1600000000001,734.01,996.784,83.80708333333332,6.570666666666667,40.995562500000005,24017.2696,-0.8100000000000023,277.28,762.5709999999999,5.264,174.91,84.245,-109.51,28.35034019085362,23.146676593846305,90.01525061303558,72.3222406504065,99.42920976563096,,,,,,84335452.75,55.34166666666667,10688.653158512016,1371.41361846,128.305559,126445128394500.0,0.4259418644904791,0.768533234061537,28.35034019085362,,,0.7209126397326976,1.1356288438617068,0.000632991522149,1.0,55.34166666666667,,,,,,
Eastern Europe-other,2002,bloc,127839435.0,1442015927564.0,2499.092,58.53,450.33,447.46,0.0,0.0699999999999999,57.71,77.3,781.868,736.043,981.18,83.62650000000001,6.09875,40.7358125,24328.88533333333,-2.869999999999999,274.18,755.2090000000001,5.2680625,173.18,82.156,-112.073,27.81239185279846,20.344077087767364,89.00507496637854,72.43599349593497,109.8079621254858,,,,,,78795415.88,53.425,11279.899098146045,1442.015927564,127.839435,125985763192500.0,0.4406637370791711,0.7965592291223264,27.81239185279846,,,0.7169957658824044,1.1375996636604868,0.000632991522149,1.0,53.425,,,,,,
Eastern Europe-other,2003,bloc,127328409.0,1522866100824.0,2582.008,53.79,462.07,460.63,0.0,0.18,52.71,71.75,774.203,775.007,1032.798,84.38966666666666,5.902416666666667,38.74525,24907.15913333333,-1.4400000000000013,293.87,789.5240000000001,5.553374999999999,170.303,83.405,-110.4,27.38474012726561,20.341427591686006,90.95266731654544,72.70181463414634,118.67431244061696,,,,,,64797122.17,58.11666666666667,11960.143952038228,1522.866100824,127.328409,125482147069500.0,0.4550032453394275,0.79658572408314,27.38474012726561,,,0.7093794664164694,1.1398671465067942,0.000632991522149,1.0,58.11666666666667,,,,,,
Eastern Europe-other,2004,bloc,126763038.0,1634860538309.0,2619.364,67.32,476.56,468.76,0.0,0.22,65.17,71.86999999999999,810.8389999999999,804.394,1004.1320000000002,83.20775,7.233499999999999,41.7716875,25634.540066666672,-7.800000000000001,293.16,800.9,5.6568125,168.3,86.878,-90.222,27.31692930258875,20.1733927150464,96.56220850633044,73.06254796747967,118.16489455816608,,,,,,99479690.15,65.89999999999999,12896.981360678654,1634.860538309,126.763038,124924973949000.0,0.4620125866518343,0.798266072849536,27.31692930258875,,,0.6959629468213474,1.142989937868929,0.000632991522149,1.0,65.89999999999999,,,,,,
Eastern Europe-other,2005,bloc,126161076.0,1732736261790.0,2664.4010000000003,74.16,481.02,471.18,0.0,0.27,70.47,71.97999999999999,837.0759999999999,829.3949999999998,997.929,83.75475,7.373916666666667,42.595,26093.698933333337,-9.839999999999998,290.53,799.8100000000001,5.709687499999999,166.35200000000003,87.02,-116.04,27.560242776418843,20.122863879860127,99.40690253642298,73.10552520325203,116.91056306230304,60.330666666666666,,,,,89027307.65,67.63333333333334,13734.317403808443,1732.73626179,126.161076,124331740398000.0,0.4664921798050527,0.7987713612013987,27.560242776418843,0.1287987268428544,0.0487819915829746,0.68614045243184,1.1457810580126948,0.000632991522149,1.0,67.63333333333334,0.0381,1.0,0.0,68.397,2.482,
Eastern Europe-other,2006,bloc,125572699.0,1870028759305.0,2733.5930000000003,70.08,489.61,487.3200000000001,0.0,0.49,65.72,70.79,869.339,825.414,1038.841,84.36633333333334,7.09275,40.94075,26111.6451875,-2.290000000000001,302.75,824.814,5.83225,167.39999999999998,85.948,-150.97199999999998,27.82928140575536,21.27415127714537,104.1460506348168,73.31228455284553,126.66720311516718,,,,,,84199390.69,72.85833333333333,14892.001001786224,1870.028759305,125.572699,123751894864500.0,0.4846964493920204,0.7872584872285462,27.82928140575536,,,0.6758999916517815,1.1496400033392875,0.000632991522149,1.0,72.85833333333333,0.0353,0.9265,0.0735,67.656,2.623,
Eastern Europe-other,2007,bloc,125007893.0,2016275396389.0,2720.159,60.41,483.47,495.12,0.0,0.97,54.56,67.89,873.7529999999999,806.6090000000002,1039.8,85.63508333333334,6.1219166666666665,38.27,26461.7989375,11.650000000000002,306.49999999999994,833.4799999999999,6.083562499999999,164.69,87.172,-105.89100000000002,27.53763496336613,21.14921349758029,107.24100875271438,73.51940975609757,136.83969048019495,,,,,,75031376.43,94.55833333333334,16129.18470987268,2016.275396389,125.007893,123195278551500.0,0.503847858273416,0.788507865024197,27.53763496336613,,,0.6655901274177277,1.153763949032909,0.000632991522149,1.0,94.55833333333334,0.0287,0.7533,0.2467,52.351,2.757,
Eastern Europe-other,2008,bloc,124473471.0,2132526311236.0,2704.304,67.32,493.56,502.78,0.0,1.5299999999999998,59.18,74.67999999999999,877.9699999999999,810.6170000000002,1015.716,84.56875000000001,6.777083333333335,39.865625,26683.609,9.22,304.73,824.99,6.0261875,162.46699999999998,86.889,-110.269,27.71104923802248,21.786028773899293,107.8875795870976,73.98303739837397,134.85235690774172,,,,,,102946858.97,117.74166666666667,17132.37603244791,2132.526311236,124.473471,122668605670500.0,0.5101847997065575,0.7821397122610071,27.71104923802248,,,0.6572301997296007,1.1571079201081598,0.000632991522149,1.0,117.74166666666667,0.0406,1.0656,-0.0656,78.977,2.598,
Eastern Europe-other,2009,bloc,123980298.0,2099246132978.0,2481.6759999999995,76.6,473.1,478.44000000000005,0.0,2.1300000000000003,65.61,73.10999999999999,850.4400000000002,709.779,921.454,82.16799999999999,8.522,42.805375,24932.972375,5.339999999999998,284.49,755.475,5.4205000000000005,156.65300000000002,83.851,-84.976,27.88650978791084,22.677037123725093,92.19991447892558,74.38236747967478,112.84636520785168,,,,,,97992481.31,91.8,16932.09458956132,2099.246132978,123.980298,122182583679000.0,0.4882529986743675,0.773229628762749,27.88650978791084,,,0.6666992972747301,1.156440315298538,0.000632991522149,1.0,91.8,0.0373,0.979,0.021,72.683,3.018,
Eastern Europe-other,2010,bloc,123519611.0,2170183511005.0,2597.8569999999995,96.02,493.78,496.31,0.04,3.88,81.38999999999999,62.86,832.906,788.6900000000002,976.26,83.33025,10.221666666666666,41.1395625,26084.409625,2.530000000000001,290.56,782.74,5.7911875,156.308,85.638,-84.60300000000001,27.866500307461635,20.96557703318201,102.18404517831696,74.69056422764227,124.75690114275892,64.704,3145.0353333333333,,,,92776018.56,106.88333333333333,17569.54619137361,2170.183511005,123.519611,141792842448424.88,0.5055009651828106,0.7903442296681799,27.866500307461635,0.144509465478434,0.0465986617886178,0.6535871150718866,1.1585651539712454,0.000632991522149,1.0,106.88333333333333,,,,,,
Eastern Europe-other,2011,bloc,123049653.0,2262928269620.0,2611.0330000000004,74.69,491.3200000000001,503.0,0.5700000000000001,7.19,54.93000000000001,65.38,833.412,772.006,1005.616,85.02383333333331,8.196333333333333,36.976375,25989.2740625,11.68,307.53,797.8299999999999,5.938375000000001,154.534,87.988,-90.924,27.912230541307544,21.03993914523214,115.04522747017867,75.05804715447155,133.53362129174675,,3170.5773333333336,,,,100832392.47,131.76666666666668,18390.36693276981,2262.92826962,123.049653,142400530846861.2,0.521046822173053,0.7896006085476786,27.912230541307544,,,0.6467469422269182,1.1613012231092328,0.000632991522149,1.0,131.76666666666668,,,,,,
Eastern Europe-other,2012,bloc,122580707.0,2287147781181.0,2525.764,81.21,475.75,499.72,1.38,10.81,54.05,64.06,835.5609999999999,759.456,930.747,84.0095,9.161833333333332,39.006375,25757.392,23.97,289.73,767.3810000000001,5.6731875,155.006,87.013,-76.851,27.88766389940581,19.934503354870547,116.4025604026274,75.26449593495936,127.56465917998662,,3163.734,,,,90098123.93,122.75,18658.301433854514,2287.147781181,122.580707,141551653925177.38,0.517592732823187,0.8006549664512945,27.88766389940581,,,0.6445141547178791,1.1621943381128486,0.000632991522149,1.0,122.75,,,,,,
Eastern Europe-other,2013,bloc,122155775.0,2309621948735.0,2426.5240000000003,100.56,482.72,499.31,2.71,14.4,69.64,62.18,768.3340000000001,734.4279999999999,923.762,82.10375,11.13925,43.0358125,25499.384875,16.59,282.23,744.159,5.612562499999999,152.61200000000002,87.17,-90.016,27.95457233114073,20.152086157557527,114.08983272214871,75.59286991869918,126.1165763938748,,3204.663333333333,,,,105427884.17000002,120.14166666666668,18907.185916793536,2309.621948735,122.155775,142885868580557.06,0.51896284692477,0.7984791384244248,27.95457233114073,,,0.6424401173600539,1.1630239530559785,0.000632991522149,1.0,120.14166666666668,,,,,,
Eastern Europe-other,2014,bloc,121763527.0,2380082039302.0,2352.087,109.6,479.25,499.36,3.96,18.07,70.91,65.07,781.2520000000001,696.2909999999999,874.546,81.06166666666668,11.781,45.0645625,24968.2878125,20.11,269.29,719.6220000000001,5.4006875,148.83599999999998,86.24000000000001,-85.09899999999999,27.843897434827173,18.000669576320238,113.89087766320289,75.75580325203252,122.24088439481642,,3208.4286666666662,,,,119416811.42,114.975,19546.75671723931,2380.082039302,121.763527,142594400562152.8,0.5199260190855461,0.8199933042367976,27.843897434827173,,,0.6371103606896725,1.165155855724131,0.000632991522149,1.0,114.975,,,,,,
Eastern Europe-other,2015,bloc,121365494.0,2454155201388.0,2356.045,108.98,487.27,506.19,4.52,22.7,64.4,63.650000000000006,804.3159999999999,690.4730000000002,861.2560000000001,81.60674999999999,11.567666666666666,44.07625,24760.054375,18.92,277.91,724.759,5.311999999999999,150.871,86.52000000000001,-84.251,27.781833796678946,18.92126088797012,112.82906953584389,75.7902585365854,124.26449257807236,100.0,3214.202,,,,106872717.38,93.06666666666666,20221.19401901829,2454.155201388,121.365494,142384022944212.6,0.5265674828339859,0.8107873911202989,27.781833796678946,0.2005529850475457,0.0337922464849354,0.6314900498415142,1.1674039800633944,0.000632991522149,1.0,93.06666666666666,,,,,,
Eastern Europe-other,2016,bloc,120943255.0,2514776511707.0,2417.4830000000006,114.28,493.63,514.3,4.6,24.39,69.47,63.61,852.9689999999999,710.3900000000001,854.125,81.32108333333333,11.953333333333331,45.3,25522.1350625,20.67,276.30999999999995,738.7239999999999,5.4993125,150.122,88.213,-88.136,27.83895608134807,19.161055528711653,113.73528888642242,76.05249756097562,124.01028955116912,,3251.4933333333333,,,,115798170.28000002,91.95833333333331,20793.028199108747,2514.776511707,120.943255,143534858380608.7,0.5310510571722002,0.8083894447128834,27.83895608134807,,,0.6267247650074271,1.1693100939970291,0.000632991522149,1.0,91.95833333333331,,,,,,
Eastern Europe-other,2017,bloc,120502881.0,2664058248693.0,2534.072000000001,106.0,492.98,524.5699999999999,4.87,28.3,57.870000000000005,64.53,919.126,745.7750000000001,869.1690000000001,81.82858333333333,11.526416666666668,45.1775,26784.05125,31.59,279.47,766.2429999999999,5.7334375,150.25,89.499,-80.737,27.766335722656425,21.26412668395444,118.59373931884268,76.18904065040651,128.78192245811928,99.93333333333334,3265.335333333333,,,,114994346.43,97.925,22107.83863908615,2664.058248693,120.502881,143621045010683.12,0.5450700097985597,0.7873587331604557,27.766335722656425,0.205176263264382,0.03365137541846,0.6157680113409488,1.1736927954636205,0.000632991522149,1.0,97.925,,,,,,
Eastern Europe-other,2018,bloc,120082490.0,2788720402169.0,2569.027,118.54,504.64,532.64,5.290000000000001,24.78,71.85,63.86,948.836,760.627,859.5659999999999,81.10799999999999,12.438,47.22,27024.1760625,28.0,276.22,761.8900000000001,5.6795,150.435,88.318,-27.852,27.658350874983377,21.956163596745373,120.11775917948891,76.40838373983742,123.03279992635012,,3299.9133333333334,,,,117108074.95,95.74166666666667,23223.37255139363,2788.720402169,120.08249,144635560595566.34,0.5475319320958515,0.7804383640325463,27.658350874983377,,,0.6064718954050531,1.1774112418379787,0.000632991522149,1.0,95.74166666666667,,,,,,
Eastern Europe-other,2019,bloc,119672104.0,2863099988786.0,2492.983,114.97,485.62,527.28,6.800000000000001,29.23,60.38,65.23,962.797,761.294,768.895,81.31883333333333,11.966666666666669,47.109125000000006,26024.019375,41.66,258.03,730.152,5.345125,148.897,88.44800000000001,-56.643,27.89341884583108,20.57909757305185,118.77770855636648,76.58816585365854,123.53255909002142,72.0,3336.223333333334,,,,124274929.96,94.925,23924.539580134733,2863.099988786,119.672104,145727295985571.1,0.5533406632254008,0.7942090242694815,27.89341884583108,0.1706113489503368,0.0432636964131994,0.6006288368322106,1.179748465267116,0.000632991522149,1.0,94.925,0.051,1.0408,-0.0408,103.16,4.325,
Eastern Europe-other,2020,bloc,119155767.0,2825104084490.0,2344.1650000000004,119.55,471.89,516.03,9.42,30.78,59.39,66.28999999999999,904.206,759.2699999999999,680.6889999999999,79.05258333333335,13.791666666666666,48.76231250000001,24852.8349375,44.13999999999999,238.67,692.6089999999999,4.9786875,145.06400000000002,88.437,-65.757,28.08790387500369,19.77793470156862,109.70327038660632,75.4056569105691,133.3358153467426,,3355.850666666667,,,,121184005.93,98.05833333333334,23709.335734375323,2825.10408449,119.155767,145952170445306.75,0.5575356662014495,0.8022206529843138,28.08790387500369,,,0.602422202213539,1.1790311191145846,0.000632991522149,1.0,98.05833333333334,0.047,0.9592,0.0408,93.068,3.864,
Eastern Europe-other,2021,bloc,118422472.0,3002019612121.0,2503.032,138.10000000000002,516.66,544.06,13.08,31.01,72.93,70.98,948.536,801.2170000000001,753.28,78.83583333333334,14.261666666666663,50.560500000000005,26583.9563125,27.4,259.94,739.433,5.2685625,145.14600000000002,88.321,-88.255,28.224880410614567,19.99136206706681,123.36120453209116,74.20001951219514,122.88223554760212,48.51199999999999,3353.4413333333337,,,,125493685.5,125.74166666666667,25350.08399521503,3002.019612121,118.422472,144949826526112.94,0.5537652173234499,0.8000863793293319,28.224880410614567,0.1412920099880376,0.0524678507890961,0.5887493000398748,1.1845002799840505,0.000632991522149,1.0,125.74166666666667,0.0519,1.0592,-0.0592,103.937,4.234,
Eastern Europe-other,2022,bloc,118483305.0,3086077799633.0,2387.517,132.55,498.02,522.18,20.24,35.18,57.580000000000005,69.57,969.464,694.5710000000001,723.4789999999999,78.93475000000001,13.936833333333333,50.963125,26072.81175,24.160000000000004,255.28,712.9970000000001,5.209312500000001,143.33300000000003,85.887,-89.79599999999999,27.316459168535484,21.37188651553313,139.2807590680041,75.98801626016261,119.38780536181852,,3393.244,,,,108553265.38,144.51666666666665,26046.520221840536,3086.077799633,118.483305,146745608783868.28,0.5612242720727019,0.7862811348446687,27.316459168535484,,,0.5829456648179956,1.1868217340728018,0.000632991522149,1.0,144.51666666666665,0.0431,0.8796,0.1204,86.574,4.358,0.4463
Eastern Europe-other,2023,bloc,118784258.0,,2222.844,165.41000000000005,498.53,511.51,28.72,42.02,76.15,78.92999999999999,970.687,665.439,586.717,75.02050000000001,16.971583333333335,57.90675,25593.315125,12.980000000000002,214.31,650.649,4.773125,140.463,85.09700000000001,-89.993,27.38683712664707,,123.2168105877255,76.87958536585367,115.65205253103734,,3398.5426666666667,,,,118954034.59,124.525,,,118.784258,147348079663589.6,,,27.38683712664707,,,,,0.000632991522149,1.0,124.525,0.0492,1.0041,-0.0041,99.023,4.439,
Egypt,2000,hub,73083287.0,444250275939.0,526.371,14.26,73.32,73.17,0.0,0.08,14.18,0.0,323.759,192.5,10.111,93.002,6.998,19.449,7779.254,-0.15,38.54,142.837,1.954,48.798,17.414,2.753,2.81380280275252,5703.0,39.0179359012055,67.332,449.743305962156,,,,,,20105573.0,53.65,6078.684938445639,444.250275939,73.083287,72023579338500.0,0.5781669191974808,0.1,2.81380280275252,,,0.8103263562784142,1.120262283128152,0.0196205674336162,0.8649372003999999,53.65,,,,,,4.1234
Egypt,2001,hub,74652035.0,475679003242.0,550.442,14.59,80.71,80.5,0.0,0.18,14.41,0.0,305.734,235.812,8.895,93.176,6.824,18.077,7947.725,-0.21,43.08,126.372,1.693,48.443,17.61,3.797,2.87407705058014,5870.7,39.8104265402844,67.612,457.30443900734,,,,,,18561065.0,55.34166666666667,6371.9495823791,475.679003242,74.652035,73569580492500.0,0.5811102521178214,0.1,2.87407705058014,,,0.8070899936065564,1.1212398319412638,0.0196205674336162,0.907878507327226,55.34166666666667,,,,,,
Egypt,2002,hub,76239140.0,501912285229.0,568.773,14.2,86.23,85.45,0.0,0.21,13.99,0.0,304.168,255.062,9.542,93.595,6.405,16.468,8004.338,-0.78,46.82,128.362,1.684,50.058,18.161,2.311,2.94941986036466,6038.4,40.9870678279229,67.846,454.359673024523,,,,,,20194329.0,53.425,6583.393847687684,501.912285229,76.23914,75133672470000.0,0.5833457629061531,0.1,2.94941986036466,,,0.8041513167746797,1.121944646158959,0.0196205674336162,0.9465690824098072,53.425,,,,,,
Egypt,2003,hub,77853548.0,528750466385.0,607.635,13.23,92.19,91.27,0.0,0.29,12.94,0.0,311.878,285.862,9.894,94.401,5.599,14.351,8297.523,-0.92,51.26,149.954,1.926,50.997,18.732,2.966,2.91928273645085,6206.1,46.1796407185629,68.045,477.666896077082,,,,,,20681928.0,58.11666666666667,6791.603979114735,528.750466385,77.853548,76724671554000.0,0.5854361833901767,0.1,2.91928273645085,,,0.7972236594554809,1.1226386799303825,0.0196205674336162,1.0,58.11666666666667,,,,,,
Egypt,2004,hub,79477441.0,561597926809.0,643.622,13.33,98.25,97.55,0.0,0.5,12.83,0.0,328.398,305.112,10.113,94.683,5.317,13.567,8581.729,-0.7,55.01,151.917,1.911,51.405,20.173,3.078,2.97855241348134,6373.8,57.8199052132701,68.211,541.281618887015,,,,,,20823161.0,65.89999999999999,7066.129957669372,561.597926809,79.477441,78325018105500.0,0.587852238933482,0.1,2.97855241348134,,,0.7832956784728186,1.1235537665255646,0.0196205674336162,1.0,65.89999999999999,,,,,,
Egypt,2005,hub,81101012.0,600297394092.0,661.748,13.15,104.94,104.16,0.0,0.51,12.64,0.0,347.704,304.15,9.894,94.927,5.073,12.531,8624.019,-0.78,59.5,166.934,2.058,51.591,20.367,2.5,2.57471495303632,6541.5,62.9526462395543,68.355,600.078033554428,,,,,,22423470.0,67.63333333333334,7401.848377576349,600.297394092,81.101012,79925047326000.0,0.5905985970269796,0.1,2.57471495303632,,,0.7753652839473094,1.1246728279252547,0.0196205674336162,1.0,67.63333333333334,0.0756,1.0,0.0,22.406,1.06,
Egypt,2006,hub,82700404.0,650403845291.0,698.543,13.39,111.66,111.31,0.0,0.61,12.78,0.0,337.331,351.312,9.9,95.124,4.876,11.992,8907.385,-0.35,63.67,178.389,2.157,52.802,20.331,2.078,2.61690692651565,6709.2,61.5185365063947,68.493,586.564299424184,,,,,,22518430.0,72.85833333333333,7864.578815007965,650.403845291,82.700404,81501248142000.0,0.5941705254333864,0.1,2.61690692651565,,,0.7729433067018723,1.1262152627166933,0.0196205674336162,1.0,72.85833333333333,0.0754,0.9974,0.0026,22.481,1.123,
Egypt,2007,hub,84276224.0,713462332878.0,742.501,14.88,119.86,119.3,0.0,0.66,14.22,0.0,364.287,369.215,8.999,94.939,5.061,12.414,9309.617,-0.56,68.03,189.201,2.245,52.371,20.538,1.33,2.57571952383344,6876.9,65.077873254565,68.627,523.166926677067,,,,,,21599234.0,94.55833333333334,8465.760555171528,713.462332878,84.276224,83054218752000.0,0.5986513448776141,0.1,2.57571952383344,,,0.7643741221190056,1.128219201850572,0.0196205674336162,1.0,94.55833333333334,0.0747,0.9881,0.0119,21.55,1.245,
Egypt,2008,hub,85864791.0,775303694329.0,786.8,16.03,128.8,127.9,0.0,0.93,15.1,0.0,385.617,393.085,8.098,94.899,5.101,12.446,9687.769,-0.9,73.08,195.86,2.281,53.566,21.386,4.314,2.65407604600934,7044.6,71.6806253489671,68.761,520.249810749432,,,,,,23743022.0,117.74166666666667,9029.35516757969,775.303694329,85.864791,84619751530500.0,0.6028815834701391,0.1,2.65407604600934,,,0.7530747482545355,1.130097850558599,0.0196205674336162,1.0,117.74166666666667,0.0752,0.9947,0.0053,23.669,1.207,
Egypt,2009,hub,87501635.0,831415021492.0,820.306,14.81,134.27,133.33,0.0,1.04,13.77,0.0,403.661,409.447,7.198,95.475,4.525,11.03,9847.488,-0.94,77.4,205.243,2.346,53.06,21.538,2.927,2.89718217891406,7212.3,56.5534446363462,68.915,483.079056865465,,,,,,22756929.0,91.8,9501.708413699927,831.415021492,87.501635,86232861292500.0,0.6065741345227054,0.1,2.89718217891406,,,0.7642656519161545,1.1316723613789998,0.0196205674336162,1.0,91.8,0.0721,0.9537,0.0463,22.7,1.262,
Egypt,2010,hub,89196073.0,898751418203.0,855.174,14.39,144.43,142.99,0.03,1.41,12.95,0.0,415.594,434.184,5.396,95.802,4.198,9.963,10035.327,-1.44,84.16,202.704,2.273,50.266,22.332,1.154,2.88613190014566,7380.0,47.9363500745898,69.078,473.372781065089,,3294.79,,,,19464743.0,106.88333333333333,10076.132143205452,898.751418203,89.196073,107267050216279.56,0.6109789201703892,0.1,2.88613190014566,,,0.7680958820653647,1.1335871071440182,0.0196205674336162,1.0,106.88333333333333,,,,,,
Egypt,2011,hub,91093066.0,923052843843.0,900.94,14.72,149.56,147.98,0.24,1.49,12.99,0.0,418.222,477.593,5.126,95.937,4.063,9.842,10336.393,-1.58,87.22,221.675,2.434,51.806,22.951,2.044,2.82083479833241,7165.0,45.2556341623514,69.232,503.561253561254,,3247.69,,,,22014225.25,131.76666666666668,10133.074715511277,923.052843843,91.093066,107982344423902.1,0.6119020667308595,0.1,2.82083479833241,,,0.7703020765417212,1.133776915718371,0.0196205674336162,1.0,131.76666666666668,,,,,,
Egypt,2012,hub,93161000.0,950287307199.0,939.138,14.87,162.84,162.44,0.5,1.34,13.03,0.0,428.225,506.371,4.542,96.08,3.92,9.132,10518.4,-0.4,95.73,212.524,2.281,52.923,22.694,2.256,2.84193078507208,7230.0,40.7117692721084,69.464,462.990455991516,,3237.3,,,,23755745.0,122.75,10200.484185431673,950.287307199,93.161,110080388434500.0,0.6131702867264073,0.1,2.84193078507208,,,0.7742841958492943,1.134001613951439,0.0196205674336162,1.0,122.75,,,,,,
Egypt,2013,hub,95333551.0,984556585202.0,932.828,14.85,165.08,164.68,0.03,1.58,13.24,0.0,433.327,495.014,4.487,96.091,3.909,8.996,10209.089,-0.4,97.26,219.087,2.298,51.534,22.392,1.131,2.72034758149581,7300.0,40.373038056332,69.632,536.748930010303,,3158.7,,,,24123416.0,120.14166666666668,10327.493048087552,984.556585202,95.333551,109912481953450.5,0.614609953653917,0.1,2.72034758149581,,,0.7735645198762718,1.1344249768269583,0.0196205674336162,1.0,120.14166666666668,,,,,,
Egypt,2014,hub,97528655.0,1035721838706.0,922.0,14.76,171.24,170.56,0.14,1.03,13.59,0.0,455.288,462.188,4.524,96.087,3.913,8.619,9863.477,-0.68,101.35,227.254,2.33,51.438,22.632,2.13,2.65225777286654,6070.0,36.9201877934272,69.911,546.968210621205,,3151.58,,,,23323608.72,114.975,10619.666996391985,1035.721838706,97.528655,112189815861588.48,0.6175424858582994,0.1,2.65225777286654,,,0.7745825872366396,1.1353988899879734,0.0196205674336162,1.0,114.975,,,,,,
Egypt,2015,hub,99597334.0,1079611566322.0,934.044,15.61,181.83,181.14,0.04,1.89,13.68,0.0,464.537,460.188,9.319,95.938,4.062,8.585,9800.544,-0.69,107.69,226.654,2.276,50.312,23.25,0.706,2.87897644281481,6090.0,34.8459429600229,70.135,569.459171853531,,3143.81,,,,23141275.32,93.06666666666666,10839.763706144986,1079.611566322,99.597334,114287009529927.1,0.6198003854919469,0.1,2.87897644281481,,,0.7748226928221023,1.13613254568715,0.0196205674336162,1.0,93.06666666666666,,,,,,
Egypt,2016,hub,101644583.0,1121578599865.0,987.889,15.83,188.19,187.92,0.23,2.4,13.2,0.0,480.178,493.541,14.17,96.13,3.87,8.412,10135.914,-0.27,111.59,245.164,2.412,50.653,23.831,2.281,2.79950313928374,6065.0,30.2465490514505,70.437,568.042074872898,,3138.96,,,,23385497.4,91.95833333333331,11034.31748905891,1121.578599865,101.644583,116456272292593.2,0.6221632930643143,0.1,2.79950313928374,,,0.7778008052063919,1.1367810582968632,0.0196205674336162,1.0,91.95833333333331,,,,,,
Egypt,2017,hub,103696055.0,1158060486104.0,1029.495,15.5,193.21,192.87,0.6,2.11,12.79,0.0,456.216,559.328,13.952,96.373,3.627,8.022,10325.806,-0.34,114.9,253.364,2.443,51.054,23.679,1.785,2.92527881862474,7750.0,42.8321343581608,70.709,574.181976125568,,3149.92,,,,22923640.0,97.925,11167.835517985714,1158.060486104,103.696055,119221511311444.02,0.6240134132571596,0.1,2.92527881862474,,,0.764102569658625,1.137226118393286,0.0196205674336162,1.0,97.925,,,,,,
Egypt,2018,hub,105682092.0,1220661740193.0,1027.787,16.46,199.39,198.82,0.55,2.99,12.92,0.0,406.445,595.953,25.389,96.168,3.832,8.255,10137.438,-0.57,118.12,241.903,2.289,50.307,23.476,2.468,3.06293636044,7750.0,45.9110196733959,70.974,535.290259101345,,3166.2,,,,17565644.01,95.74166666666667,11550.317722637436,1220.661740193,105.682092,122132883486995.98,0.6274985887391515,0.1,3.06293636044,,,0.7578363326379588,1.1385010590754585,0.0196205674336162,1.0,95.74166666666667,,,,,,
Egypt,2019,hub,107553159.0,1289253465646.0,996.942,19.59,200.57,199.78,1.49,4.98,13.12,0.0,383.614,590.387,22.941,95.362,4.638,9.767,9749.406,-0.79,116.83,234.06,2.176,46.912,21.257,2.671,3.23371339595158,7750.0,41.1240171551108,71.213,504.721963342653,,3162.49,,,,21916624.05,94.925,11987.127831791531,1289.253465646,107.553159,124149563279157.14,0.6312541855452769,0.1,3.23371339595158,,,0.7589832509132931,1.1399570927726386,0.0196205674336162,1.0,94.925,0.0609,0.9144,0.0856,21.843,2.021,
Egypt,2020,hub,109315118.0,1307778142529.0,924.493,23.76,198.6,197.18,4.45,5.23,14.08,0.0,332.68,583.079,8.733,94.032,5.968,11.964,9028.072,-1.42,113.02,246.323,2.253,46.511,21.796,3.07,3.38038073233211,7750.0,32.1262555667523,69.79,506.627043090639,,3111.73,,,,22461306.25,98.05833333333334,11963.378592602352,1307.778142529,109.315118,124158083228961.12,0.6260735043428391,0.1,3.38038073233211,,,0.7681789228282281,1.139877928642008,0.0196205674336162,1.0,98.05833333333334,0.0723,1.0856,-0.0856,22.388,2.506,
Egypt,2021,hub,110957005.0,1400985648780.0,994.929,25.36,209.66,208.19,4.97,5.49,14.9,0.0,359.567,621.248,14.114,94.092,5.908,12.096,9564.884,-1.47,119.1,266.839,2.405,47.178,22.279,2.647,3.09106434275956,7750.0,29.8569734808122,68.976,541.891452713682,,3081.45,,,,23097093.93,125.74166666666667,12626.383064142728,1400.98564878,110.957005,124796589015896.23,0.6276205929766379,0.1,3.09106434275956,,,0.7649231676513318,1.1420879435471425,0.0196205674336162,1.0,125.74166666666667,0.074,1.1111,-0.1111,23.023,2.896,
Egypt,2022,hub,112618252.0,1460427350416.0,1043.381,25.61,216.72,215.15,5.0,5.9,14.71,0.0,425.229,605.909,12.244,94.313,5.687,11.817,9857.579,-1.57,123.54,249.899,2.219,49.239,22.485,2.709,3.11718318348486,7750.0,36.9831048772713,71.01,532.774734128263,,3107.94,,,,22005502.48,144.51666666666665,12967.94546603334,1460.427350416,112.618252,127753931094121.2,0.6370764991853203,0.1,3.11718318348486,,,0.7549506829057843,1.143226484886778,0.0196205674336162,1.0,144.51666666666665,0.0712,1.0691,-0.0691,21.97,2.575,1.6754
Egypt,2023,hub,114535772.0,,1028.197,25.97,221.92,220.53,4.93,5.99,15.05,0.0,414.18,600.39,13.627,94.196,5.804,11.702,9566.154,-1.39,126.78,250.23,2.185,48.999,22.237,2.761,3.11718318348486,,40.4504007720031,71.633,532.774734128263,,3094.01,,,,23796062.12,124.525,,,114.535772,129346810732887.8,,,3.11718318348486,,,,,0.0196205674336162,1.0,124.525,0.074,1.1111,-0.1111,23.807,2.591,
Egypt,2024,hub_country,116538256.0,,1057.071,,,,,,,,440.123,597.828,19.119,94.222,5.778,,9660.864,,,,,,,,,,,,,,,,,,,,,,,,,,,,,,,,,,,,,,,
France,2000,hub,59483716.0,2031676031476.0,1730.306,67.83,532.56,463.08,0.01,0.05,64.78,415.16,1143.182,415.964,171.161,56.16,6.409,90.692,52416.18,-69.48,42.48,407.445,6.85,86.397,45.75,-12.154,34.0558493366732,16.3495,57.7860470318197,79.0560975609756,225.820511702916,76.48,,,,,65732234.8,53.65,34155.16326310212,2031.676031476,59.483716,69476980288000.0,0.7325431209270401,0.836505,34.0558493366732,0.2024599081577553,0.0406794892395982,0.5575875924423294,1.2138505442103404,0.0036827154032723,0.525607056,53.65,,,,,,2.1762
France,2001,hub,59905131.0,2077786711965.0,1723.066,76.09,542.6,474.21,0.01,0.13,72.62,421.08,1142.346,436.684,144.036,55.477,7.072,91.627,52467.066,-68.39,37.24,411.592,6.871,86.257,45.098,-15.5,34.040077929307,16.26325,56.8932328560722,79.1585365853659,227.734807232134,,,,,,60300838.1,55.34166666666667,34684.6201198525,2077.786711965,59.905131,69969193008000.0,0.7383486783324421,0.8373675,34.040077929307,,,0.554068266145157,1.2156154003995083,0.0036827154032723,0.513379541103556,55.34166666666667,,,,,,
France,2002,hub,60327247.0,2107316572579.0,1703.344,62.69,551.24,474.21,0.01,0.27,58.88,436.76,1112.813,435.943,154.588,55.284,5.879,90.605,51700.012,-77.03,41.46,407.027,6.747,84.895,43.655,-16.923,34.0875776973745,16.177,55.1325248503102,79.2609756097561,211.28378194486,,,,,,69700574.9,53.425,34931.42282091871,2107.316572579,60.327247,70462224496000.0,0.7239045538834573,0.83823,34.0875776973745,,,0.5537722849753672,1.216438076069729,0.0036827154032723,0.5122305094854446,53.425,,,,,,
France,2003,hub,60741119.0,2130940712046.0,1738.047,61.47,559.13,492.72,0.01,0.39,57.35,441.07,1116.965,457.268,163.814,55.765,5.675,89.879,51909.512,-66.41,45.21,412.989,6.799,83.604,43.394,-15.697,34.0565915205492,16.359333335,52.5988822870657,79.1146341463415,223.363915705973,,,,,,55099556.8,58.11666666666667,35082.34203005052,2130.940712046,60.741119,70945626992000.0,0.7364743164228092,0.8364066666500001,34.0565915205492,,,0.5550482674625133,1.2169411401001684,0.0036827154032723,0.5283565832766212,58.11666666666667,,,,,,
France,2004,hub,61175244.0,2196883540402.0,1751.327,62.42,566.3,504.39,0.01,0.59,58.04,448.24,1126.701,466.925,157.701,55.689,5.684,90.175,51983.934,-61.91,43.71,414.073,6.769,82.771,43.024,-18.043,34.081083588459,16.541666665,53.7497648292028,80.1634146341463,212.108013937282,,,,,,70642015.5,65.89999999999999,35911.31635538716,2196.883540402,61.175244,71452684992000.0,0.7344464883486147,0.83458333335,34.081083588459,,,0.5469892655425709,1.2197043878512903,0.0036827154032723,0.5316173210785692,65.89999999999999,,,,,,
France,2005,hub,61625031.0,2238790479440.0,1744.267,54.98,569.14,508.81,0.01,0.96,50.14,451.53,1104.419,477.126,162.722,55.947,5.122,88.996,51181.785,-60.33,48.68,416.343,6.756,81.853,41.533,-17.748,34.0988960014844,16.724,55.8228361241299,80.1634146341463,192.46256312032,78.08,,,,,64210067.4,67.63333333333334,36329.23899770533,2238.79047944,61.625031,71978036208000.0,0.7175871884804406,0.83276,34.0988960014844,0.2101350974942633,0.0396635351506456,0.5414335055616591,1.2210974633256846,0.0036827154032723,0.5350968269162462,67.63333333333334,0.0678,1.0,0.0,62.789,2.752,
France,2006,hub,62049831.0,2297018080700.0,1713.03,60.91,567.3,503.96,0.01,2.18,54.88,450.19,1101.849,460.805,150.376,55.382,5.702,90.093,50426.094,-63.34,43.44,406.669,6.554,80.954,40.267,-16.482,34.027275257445,16.11,57.8692775292673,80.8121951219512,190.38257265936,,,,,,61820444.7,72.85833333333333,37018.92565509163,2297.0180807,62.049831,72474202608000.0,0.7223949225550927,0.8389,34.027275257445,,,0.5336396753449691,1.2233964188503057,0.0036827154032723,0.517026939016745,72.85833333333333,0.0662,0.9764,0.0236,60.546,2.566,
France,2007,hub,62432438.0,2354672057875.0,1678.673,64.3,561.84,505.03,0.02,4.07,55.99,439.73,1075.509,447.609,155.555,55.193,6.356,89.711,49265.891,-56.81,45.01,396.461,6.35,80.865,40.849,-19.322,33.9293069858057,15.496,58.1525611309659,81.1121951219512,209.338189454343,,,,,,59578777.56,94.55833333333334,37715.52310475205,2354.672057875,62.432438,72921087584000.0,0.7470533458772236,0.84504,33.9293069858057,,,0.5275514129961003,1.2257184103491736,0.0036827154032723,0.5014263453956419,94.55833333333334,0.0645,0.9513,0.0487,58.484,2.677,
France,2008,hub,62780187.0,2362451821701.0,1664.647,72.33,566.98,518.99,0.04,5.69,62.16,439.45,1053.347,463.865,147.436,54.63,7.319,90.264,49137.234,-47.99,43.11,389.794,6.209,81.134,39.528,-21.535,33.8968364412283,14.33,59.1797928411748,81.2146341463415,152.446534236153,,,,,,70418032.1,117.74166666666667,37630.531774316,2362.451821701,62.780187,73327258416000.0,0.689956631287308,0.8567,33.8968364412283,,,0.5272324423728585,1.2254351059143866,0.0036827154032723,0.4871033879787974,117.74166666666667,0.071,1.0472,-0.0472,69.192,2.693,
France,2009,hub,63106460.0,2295352990111.0,1586.613,68.15,528.87,502.94,0.17,7.91,55.49,409.74,1010.699,447.311,128.603,55.186,7.409,90.361,46095.289,-25.93,39.98,371.404,5.885,79.836,37.994,-21.401,33.8736431951016,14.23515,52.1991123027613,81.4146341463415,120.56342502821,,,,,,70373159.2,91.8,36372.71033917922,2295.352990111,63.10646,73708345280000.0,0.6503939281980612,0.8576485,33.8736431951016,,,0.5446949682040786,1.221242367797264,0.0036827154032723,0.4685390426457308,91.8,0.0719,1.0605,-0.0605,68.936,2.689,
France,2010,hub,63417366.0,2342490492199.0,1613.471,76.68,562.36,531.65,0.62,9.94,61.2,428.52,979.68,495.645,138.146,54.455,7.882,89.836,47325.062,-30.71,44.18,377.079,5.946,79.801,38.561,-21.907,33.9562111513127,14.289,56.587555247796,81.6634146341463,150.537957564465,79.04,3503.69,,,,65839202.3,106.88333333333333,36937.68189929238,2342.490492199,63.417366,81101098744397.11,0.6850129865822248,0.85711,33.9562111513127,0.2130002047482309,0.0387098880918221,0.5355984289247675,1.2231256063309748,0.0036827154032723,0.4677572341845886,106.88333333333333,,,,,,
France,2011,hub,63733776.0,2393401943613.0,1517.902,66.02,567.65,511.24,2.33,12.37,45.74,442.39,963.961,430.19,123.75,53.03,6.93,89.564,45465.84,-56.41,42.36,355.127,5.572,77.433,37.287,-20.544,33.9074125614621,15.073,60.6056354816406,82.1146341463415,141.299303944316,,3490.55,,,,63954886.0,131.76666666666668,37553.11694717413,2393.401943613,63.733776,81200065113132.0,0.6814697727360939,0.84927,33.9074125614621,,,0.5264517232919084,1.2251770564905806,0.0036827154032723,0.4329643721165042,131.76666666666668,,,,,,
France,2012,hub,64058465.0,2400896391731.0,1513.171,85.25,567.58,523.06,4.43,15.18,59.83,425.41,931.179,444.443,137.549,52.932,8.714,89.971,45190.879,-44.52,44.04,358.1,5.59,76.667,38.006,-16.803,33.9209574172001,14.0315,61.6589570771102,81.9682926829268,160.786305431114,,3453.96,,,,68341730.6,122.75,37479.76776732006,2400.896391731,64.058465,80758212156561.0,0.6999512804078913,0.859685,33.9209574172001,,,0.5260096448618893,1.2249325592244005,0.0036827154032723,0.4225592148857133,122.75,,,,,,
France,2013,hub,64387736.0,2414733629218.0,1516.781,99.43,576.75,528.29,5.19,16.14,71.92,423.68,919.245,451.432,146.105,52.58,9.857,90.7,45428.73,-48.46,44.0,360.013,5.591,76.53,38.844,-13.912,33.9654884497634,13.5785,61.8192338733962,82.219512195122,169.417394582015,,3459.44,,,,67537680.9,120.14166666666668,37503.005684467615,2414.733629218,64.387736,81302110941161.6,0.709623946108308,0.864215,33.9654884497634,,,0.5256557187560403,1.2250100189482254,0.0036827154032723,0.4154823270295623,120.14166666666668,,,,,,
France,2014,hub,64692495.0,2437822780219.0,1375.717,94.03,566.31,499.12,6.39,17.32,63.77,436.48,889.426,379.084,107.208,49.861,9.885,93.678,43247.398,-67.19,29.57,327.809,5.067,75.539,38.853,-13.467,34.0163280452732,13.6485,62.1992669379507,82.719512195122,168.426725431051,,3420.76,,,,72801345.0,114.975,37683.23945797731,2437.822780219,64.692495,80773587206613.0,0.7115995413297616,0.863515,34.0163280452732,,,0.5237737375789051,1.2256107981932578,0.0036827154032723,0.3572434391514423,114.975,,,,,,
France,2015,hub,64916337.0,2464953810985.0,1412.453,91.84,574.14,510.08,7.75,21.42,55.56,437.43,902.656,407.518,102.28,50.689,9.568,92.185,43493.316,-64.06,33.97,332.131,5.116,74.128,39.571,-6.254,34.2864829761573,14.058,63.5046871956484,82.3219512195122,170.400948118645,100.0,3407.97,,,,73072833.8,93.06666666666666,37971.23998208648,2464.953810985,64.916337,80750019087149.84,0.7140906111269116,0.85942,34.2864829761573,0.2449280999552162,0.0311027259684361,0.520068312953631,1.2265707999402884,0.0036827154032723,0.3741854971976369,93.06666666666666,,,,,,
France,2016,hub,65086853.0,2491956183265.0,1432.812,99.0,558.84,517.34,8.66,21.38,60.84,403.2,887.998,445.299,99.514,52.511,10.362,89.865,42506.238,-41.5,38.35,335.496,5.155,74.133,38.051,-11.161,34.0586622135634,13.218,63.3427564383351,82.5731707317073,163.139120924284,,3450.05,,,,54616263.89,91.95833333333331,38286.62884138829,2491.956183265,65.086853,81961807475317.27,0.7098180334297611,0.86782,34.0586622135634,,,0.5176020032167625,1.2276220961379611,0.0036827154032723,0.3897702999563439,91.95833333333331,,,,,,
France,2017,hub,65284775.0,2549057506683.0,1458.23,91.91,555.74,515.61,8.87,24.61,50.0,398.36,901.527,447.657,109.046,53.594,9.803,88.219,42218.559,-40.13,43.52,338.368,5.183,73.88,39.445,18.755,34.2598886724186,13.473,65.3958481559711,82.5756097560976,177.62482732281,100.0,3452.03,,,,68730244.14,97.925,39045.206277926205,2549.057506683,65.284775,82258225672786.25,0.7293695310599174,0.86527,34.2598886724186,0.2476130156948155,0.0309982783357245,0.5092274328613106,1.2301506875930874,0.0036827154032723,0.4073909524897988,97.925,,,,,,
France,2018,hub,65519537.0,2596599107835.0,1408.24,113.85,576.24,513.27,11.15,28.6,65.11,412.94,879.651,428.384,100.205,51.165,11.513,91.419,42589.262,-62.97,34.53,323.102,4.931,73.924,37.938,-13.571,33.6328045273216,13.461462155,66.8022607812266,82.6756097560976,170.970793980051,,3437.36,,,,61839480.0,95.74166666666667,39630.91356758214,2596.599107835,65.519537,82203196031346.8,0.7269731541580019,0.86538537845,33.6328045273216,,,0.5029401261555889,1.232103045225274,0.0036827154032723,0.3684734596542576,95.74166666666667,,,,,,
France,2019,hub,65729460.0,2644453795826.0,1388.441,112.9,565.52,507.85,12.02,34.72,56.91,399.01,872.398,436.62,79.423,51.566,11.754,90.52,41554.387,-57.67,33.81,316.321,4.812,71.514,37.29,11.322,33.2921152240468,13.106043065,66.4289771741449,82.8268292682927,157.722612244347,80.64,3459.25,,,,70378890.0,94.925,40232.398011880825,2644.453795826,65.72946,82991741594325.0,0.7182685846430169,0.8689395693499999,33.2921152240468,0.223476995029702,0.0376708350071735,0.4983010393935149,1.2341079933729362,0.0036827154032723,0.3651430081780376,94.925,0.0732,1.0844,-0.0844,68.819,2.637,
France,2020,hub,65905273.0,2438594133224.0,1197.515,125.03,527.25,482.21,13.09,40.05,62.52,353.83,735.704,405.828,55.982,49.74,13.972,90.822,37087.555,-45.04,31.15,281.515,4.272,68.697,36.383,-2.052,31.5143631134614,12.33577599,58.8388907240647,82.1756097560976,179.540121660326,,3485.45,,,,57085160.0,98.05833333333334,37001.50264492493,2438.594133224,65.905273,83843979828915.23,0.716248369804876,0.8766422401,31.5143631134614,,,0.5328152539015609,1.22333834214975,0.0036827154032723,0.2961444893383482,98.05833333333334,0.0618,0.9156,0.0844,56.3,2.651,
France,2021,hub,66083547.0,2604822841790.0,1296.505,122.1,550.31,505.42,15.28,37.12,59.54,379.36,790.984,430.414,75.108,50.611,12.914,91.123,39307.219,-44.89,32.91,307.272,4.65,67.554,36.343,-8.508,31.5621764542165,12.2138298,63.788482630872,82.3243902439024,171.652047698957,54.4,3489.97,,,,66877140.0,125.74166666666667,39417.1160605226,2604.82284179,66.083547,84179802731110.34,0.7249894928848416,0.877861702,31.5621764542165,0.1847027901513065,0.0470617216642754,0.5077355501981063,1.2313903868684086,0.0036827154032723,0.3302513060659057,125.74166666666667,0.0703,1.0415,-0.0415,65.597,2.655,
France,2022,hub,66277412.0,2671568767031.0,1240.297,113.37,468.45,483.39,19.34,38.2,45.56,294.73,789.455,386.44,64.401,54.471,13.726,87.117,34796.047,14.94,36.79,295.304,4.456,65.721,34.064,-10.112,31.5249188236386,12.2138298,75.9630077981996,82.1292682926829,130.618577422308,,3532.28,,,,59927490.0,144.51666666666665,40308.88784599797,2671.568767031,66.277412,85450287553666.4,0.6892125021345085,0.877861702,31.5249188236386,,,0.4881295934851506,1.23436295948666,0.0036827154032723,0.336858927726254,144.51666666666665,0.064,0.9481,0.0519,58.869,2.561,0.6486
France,2023,hub,66438828.0,,1166.846,139.49,518.75,468.28,22.59,50.48,55.9,338.2,777.077,340.557,49.213,49.289,15.867,92.085,36221.496,-50.47,27.63,270.263,4.068,64.891,33.543,-11.319,31.3558697467298,,70.6261450610225,82.8317073170732,131.322782093355,,3489.55,,,,64240810.0,124.525,,,66.438828,84622188470301.02,,,31.3558697467298,,,,,0.0036827154032723,0.279644968863178,124.525,0.0703,1.0415,-0.0415,63.407,2.508,
France,2024,hub_country,66548532.0,,1144.724,,,,,,,,775.669,319.686,49.369,46.136,16.465,,37865.609,,,,,,,,,,,,,,,,,,,,,,,,,,,,,,,,,,,,,,,
Germany,2000,hub,81797255.0,2718560455818.0,3391.776,35.41,568.95,572.01,0.0,9.35,21.73,169.61,1570.435,829.246,992.096,85.4,2.738,36.035,48756.883,3.06,326.1,898.976,10.99,100.75,49.641,-15.734,33.8271958733343,41.9507275514019,59.1955992975405,77.9268292682927,232.359878007455,74.88,,,,,45271234.0,53.65,33235.35069505694,2718.560455818,81.797255,95539193840000.0,0.7289647506469069,0.580492724485981,33.8271958733343,0.1979203767376423,0.0417044820659971,0.5638431449103184,1.2107845023168566,0.0032956912324091,0.8306174800000001,53.65,,,,,,1.216
Germany,2001,hub,81933882.0,2793373055251.0,3460.381,37.88,578.94,582.6,0.1,10.46,22.73,171.3,1590.963,874.482,994.936,85.509,2.798,36.132,49586.312,3.66,327.38,915.255,11.171,96.953,47.462,-17.017,33.8578389223273,41.7998551401869,59.5592863682118,78.3292682926829,221.231947854059,,,,,,49709326.0,55.34166666666667,34093.01484398115,2793.373055251,81.933882,95698774176000.0,0.7249749545135984,0.5820014485981311,33.8578389223273,,,0.5563322565986119,1.2136433828132709,0.0032956912324091,0.8479764367498519,55.34166666666667,,,,,,
Germany,2002,hub,82068328.0,2822441773260.0,3408.057,44.49,583.76,593.76,0.2,15.86,23.12,164.84,1537.78,873.128,997.149,85.327,3.365,35.859,48882.719,10.0,332.52,898.834,10.952,93.47,46.377,-11.939,33.7986584876455,41.5492327102804,58.3325687248129,78.2292682926829,220.074039521669,,,,,,43391325.0,53.425,34391.3643916323,2822.44177326,82.068328,95855807104000.0,0.725453101989079,0.5845076728971961,33.7986584876455,,,0.5550727280115846,1.214637881305441,0.0032956912324091,0.8285154558530624,53.425,,,,,,
Germany,2003,hub,82111619.0,2831676106520.0,3405.057,46.67,602.03,598.76,0.31,19.09,18.32,165.06,1507.717,883.72,1013.62,85.262,3.477,35.169,48841.699,-3.27,343.16,894.501,10.894,90.241,45.183,-9.425,33.9067113901551,40.1363401869159,58.9145442942507,78.3804878048781,219.698063752431,,,,,,39426039.0,58.11666666666667,34485.693267355986,2831.67610652,82.111619,95906370992000.0,0.726239701316727,0.598636598130841,33.9067113901551,,,0.5537046784777828,1.2149523108911868,0.0032956912324091,0.8261968804525854,58.11666666666667,,,,,,
Germany,2004,hub,82092706.0,2894624877966.0,3366.811,57.97,609.6,606.98,0.56,26.02,20.75,167.07,1490.49,888.211,988.11,84.342,4.316,36.916,48845.914,-2.62,338.15,876.57,10.678,87.161,44.703,-9.533,34.1141726639333,38.8288934579439,62.9064909465164,78.6804878048781,215.125819465456,,,,,,51097000.0,65.89999999999999,35260.43931315895,2894.624877966,82.092706,95884280608000.0,0.7278912541978502,0.6117110654205611,34.1141726639333,,,0.5432565147771591,1.21753479771053,0.0032956912324091,0.80107797665794,65.89999999999999,,,,,,
Germany,2005,hub,82046733.0,2945460930734.0,3308.255,63.43,613.34,608.77,1.31,27.77,19.64,163.05,1460.058,902.81,945.387,83.893,4.992,36.926,48297.293,-4.57,335.07,867.88,10.578,84.118,43.785,-12.236,34.1323546278243,37.6986401869159,66.9531024934321,78.9317073170732,208.757056451613,78.72,,,,,45980200.0,67.63333333333334,35899.79543407292,2945.460930734,82.046733,95830584144000.0,0.7266715224252986,0.6230135981308409,34.1323546278243,0.2099574885851823,0.0399467087517933,0.5338819355559602,1.2196659847802431,0.0032956912324091,0.7774235917530734,67.63333333333334,0.0706,1.0,0.0,39.456,1.822,
Germany,2006,hub,81701971.0,3086359147617.0,3360.617,72.56,630.2,613.22,2.27,31.32,20.03,167.27,1457.237,920.069,983.311,83.134,5.797,38.056,49722.023,-16.98,337.92,886.434,10.85,81.356,42.561,-10.269,34.0272998394127,37.1329663551402,72.7591934646234,79.1317073170732,194.419012304062,,,,,,43474800.0,72.85833333333333,37775.8224170259,3086.359147617,81.701971,95427902128000.0,0.7255462071837087,0.628670336448598,34.0272998394127,,,0.5124422863934941,1.225919408056753,0.0032956912324091,0.7759527344101921,72.85833333333333,0.0676,0.9575,0.0425,37.677,1.845,
Germany,2007,hub,81298546.0,3220275669650.0,3214.107,89.44,631.1,614.54,3.14,40.51,21.17,140.53,1319.459,886.362,1008.287,82.981,7.37,36.44,47890.441,-16.56,348.25,846.153,10.408,81.571,42.884,-9.255,34.0637278802306,30.1448598130841,74.8838416816798,79.5341463414634,221.871768965227,,,,,,40632149.0,94.55833333333334,39610.49524366648,3220.27566965,81.298546,94956701728000.0,0.766650489049737,0.698551401869159,34.0637278802306,,,0.4950286979544328,1.232034984145555,0.0032956912324091,0.728389197138408,94.55833333333334,0.0658,0.932,0.068,35.072,1.918,
Germany,2008,hub,81110780.0,3289020399474.0,3225.884,94.37,632.29,612.19,4.51,41.38,20.44,148.49,1399.069,895.006,931.808,82.445,7.523,38.41,48509.781,-20.1,332.21,856.643,10.561,79.662,41.268,-9.732,34.2253965522187,36.3263981308411,76.1131665945746,79.7365853658537,159.582718739524,,,,,,50104858.0,117.74166666666667,40549.73210064063,3289.020399474,81.11078,94737391040000.0,0.7113375085448471,0.636736018691589,34.2253965522187,,,0.4859723992334203,1.2351657736688022,0.0032956912324091,0.7251362871841553,117.74166666666667,0.0754,1.068,-0.068,43.11,1.985,
Germany,2009,hub,80935276.0,3136502162046.0,3018.432,96.08,587.96,575.69,6.72,39.42,19.03,134.93,1339.838,844.301,834.292,82.208,8.147,39.29,45618.898,-12.27,306.65,789.984,9.761,77.142,40.643,-13.216,34.2646510427125,37.0915514018692,66.1391275757126,79.8365853658537,181.414399330264,,,,,,49750199.0,91.8,38753.21512520696,3136.502162046,80.935276,94532402368000.0,0.7215453504758331,0.6290844859813081,34.2646510427125,,,0.5109174130475628,1.22917738375069,0.0032956912324091,0.6719882224488636,91.8,0.0752,1.0652,-0.0652,42.065,2.014,
Germany,2010,hub,80830916.0,3301123203586.0,3134.529,105.41,624.21,609.26,11.96,38.55,20.95,140.56,1357.644,880.712,896.172,81.963,8.465,39.405,47595.047,-14.95,322.5,826.705,10.228,76.001,40.97,-8.829,33.9845655105144,30.8327102803738,73.8852351200263,79.9878048780488,211.596825932804,80.64,3618.31,,,,44038739.0,106.88333333333333,40839.8588924317,3301.123203586,80.830916,106752028760265.4,0.7661724514519328,0.691672897196262,33.9845655105144,0.2249956472310792,0.0388398450502152,0.4857826074430429,1.2361328629747723,0.0032956912324091,0.6933462344826263,106.88333333333333,,,,,,
Germany,2011,hub,80857877.0,3467712967640.0,3032.669,124.43,605.0,601.23,19.99,49.86,17.67,107.97,1313.271,808.607,910.791,82.246,10.168,38.413,45890.207,-3.77,320.45,804.542,9.95,74.456,39.874,-10.772,34.0687399586872,34.0400018691589,78.433002901442,80.4365853658537,191.486989473684,,3651.89,,,,41920400.0,131.76666666666668,42886.52010539431,3467.71296764,80.857877,107778686439698.44,0.7612909542126591,0.659599981308411,34.0687399586872,,,0.4641793295536053,1.2429550670179812,0.0032956912324091,0.6606078092825578,131.76666666666668,,,,,,
Germany,2012,hub,80916391.0,3482225441398.0,3052.564,143.4,619.81,599.27,26.74,51.68,21.75,99.46,1305.389,811.101,936.074,81.681,11.46,39.183,46491.398,-20.54,331.08,814.093,10.061,73.017,40.136,-5.536,33.9530613415964,31.4459261682243,79.3316495670315,80.5390243902439,198.921581882711,,3605.58,,,,45396500.0,122.75,43034.8585541587,3482.225441398,80.916391,106488940187549.69,0.7700760191112965,0.685540738317757,33.9530613415964,,,0.4620445291483126,1.2434495285138625,0.0032956912324091,0.6508758817397539,122.75,,,,,,
Germany,2013,hub,81041581.0,3497463140441.0,3147.404,151.95,629.69,597.5,30.62,52.74,23.0,97.29,1334.262,849.743,963.399,81.92,11.603,39.581,47734.965,-32.19,338.8,831.746,10.263,71.534,40.875,-3.997,34.0403577161202,23.6691588785047,77.5860288576931,80.490243902439,203.47061300101,,3594.04,,,,47757100.0,120.14166666666668,43156.40313632332,3497.463140441,81.041581,106312339578692.6,0.7752631810164796,0.763308411214953,34.0403577161202,,,0.4627772783396126,1.243854677121078,0.0032956912324091,0.6719745103481175,120.14166666666668,,,,,,
Germany,2014,hub,81376078.0,3574741315261.0,2963.163,161.93,618.75,584.87,35.45,58.5,19.59,97.13,1298.318,738.95,925.895,80.45,12.84,41.868,45596.504,-33.88,322.79,792.584,9.74,70.317,41.641,-1.657,34.018343364861,29.2598990654206,76.8483516336234,81.090243902439,217.69567781616,,3577.47,,,,52010400.0,114.975,43928.6508162878,3574.741315261,81.376078,106258974383370.88,0.796754210756883,0.707401009345794,34.018343364861,,,0.457079558230645,1.2464288360542928,0.0032956912324091,0.612592463228291,114.975,,,,,,
Germany,2015,hub,82077546.0,3628073946157.0,2981.134,188.14,639.17,590.89,38.08,80.62,18.98,91.79,1296.542,769.536,915.056,79.486,14.318,43.796,46064.484,-48.28,321.88,800.823,9.757,69.267,40.717,-2.995,33.9563148540962,27.8816869158878,77.7565815686922,80.6414634146341,202.273932128989,100.0,3590.45,,,,48866800.0,93.06666666666666,44203.00219693459,3628.073946157,82.077546,107563793638030.5,0.7815775431405949,0.7211831308411221,33.9563148540962,0.2605075054923365,0.0317946915351506,0.4538850667901862,1.2473433406564487,0.0032956912324091,0.5985970505133172,93.06666666666666,,,,,,
Germany,2016,hub,82760102.0,3708979940863.0,3060.661,189.13,641.52,591.0,37.56,79.92,20.55,84.63,1321.879,848.847,889.935,80.318,14.101,42.674,46416.703,-50.52,319.67,797.988,9.642,67.725,39.922,-0.393,33.6701396839936,22.8439252336449,76.0059902166055,80.990243902439,197.228258097424,,3564.59,,,,45364400.0,91.95833333333331,44816.03878234708,3708.979940863,82.760102,107677128675685.7,0.781849769635405,0.771560747663551,33.6701396839936,,,0.4505270199305022,1.249386795941157,0.0032956912324091,0.622571248627209,91.95833333333331,,,,,,
Germany,2017,hub,83104010.0,3808389445530.0,3122.243,215.68,644.46,592.0,38.76,105.69,20.15,76.32,1408.928,877.385,835.93,79.739,15.388,45.309,47525.457,-52.46,302.71,784.595,9.441,67.433,38.646,-1.546,33.694936600166,25.9330878504673,77.4548394742448,80.9926829268293,178.118926265715,100.0,3554.88,,,,45556800.0,97.925,45826.783154386896,3808.38944553,83.10401,107830045820112.0,0.7694873419386723,0.7406691214953269,33.694936600166,0.2645669578859672,0.0316500717360114,0.4406553009058643,1.2527559438479563,0.0032956912324091,0.6210724764733616,97.925,,,,,,
Germany,2018,hub,83368507.0,3845758522294.0,3002.167,222.93,632.28,583.54,44.32,109.95,17.69,76.0,1336.97,858.507,806.69,78.776,16.263,47.278,46125.492,-48.74,287.4,758.771,9.101,65.036,37.497,-5.444,33.5766214437003,25.159938317757,79.1252260463654,80.8926829268293,166.481118404228,,3586.32,,,,37948100.0,95.74166666666667,46129.631688066576,3845.758522294,83.368507,109129942568847.6,0.7595155831252458,0.74840061682243,33.5766214437003,,,0.4364611765530798,1.253765438960222,0.0032956912324091,0.5838738253242934,95.74166666666667,,,,,,
Germany,2019,hub,83559184.0,3886392581475.0,2868.076,241.17,600.09,567.42,45.22,125.89,19.73,75.07,1351.028,892.83,624.218,77.188,17.811,52.699,44922.695,-32.67,235.54,708.649,8.481,63.043,37.338,-6.055,33.5270042073328,24.1052046728972,79.0732427175683,81.2926829268293,174.098685333789,83.84,3616.84,,,,44302400.0,94.925,46510.65742186999,3886.392581475,83.559184,110310372656374.4,0.7710850863193787,0.7589479532710279,33.5270042073328,0.2436526435546749,0.0371825423242467,0.4333379454335151,1.2550355247395668,0.0032956912324091,0.5364471929195923,94.925,0.0729,0.9871,0.0129,38.365,2.178,
Germany,2020,hub,83628711.0,3742721113842.0,2609.179,251.49,566.75,547.72,49.5,132.11,18.72,64.38,1223.238,871.075,514.867,75.39,20.017,55.734,41838.684,-19.03,201.54,647.177,7.739,61.045,36.143,-4.834,33.3838976501903,24.1052046728972,72.9335327120137,81.0414634146342,163.242026748971,,3629.4,,,,43265100.0,98.05833333333334,44754.021305458125,3742.721113842,83.628711,110785545951741.02,0.7476308631899498,0.7589479532710279,33.3838976501903,,,0.454116289742502,1.249180071018194,0.0032956912324091,0.46386130401059,98.05833333333334,0.0748,1.0129,-0.0129,37.019,2.198,
Germany,2021,hub,83697080.0,3841041747482.0,2749.067,232.5,578.83,560.25,49.34,114.16,19.66,69.13,1209.752,917.38,621.935,77.14,18.082,52.11,42994.242,-18.58,228.43,677.998,8.101,60.245,35.44,-3.71,33.3667248633332,24.1052046728972,79.9195348609851,80.790243902439,130.141019042717,56.32,3607.75,,,,42359400.0,125.74166666666667,45892.18342482199,3841.041747482,83.69708,110214721235050.0,0.7212309458442561,0.7589479532710279,33.3667248633332,0.2035784585620549,0.0470214289813486,0.4376456032654983,1.2529739447494066,0.0032956912324091,0.5121735385483251,125.74166666666667,0.0736,0.9966,0.0034,36.432,2.194,
Germany,2022,hub,84086227.0,3909612753939.0,2639.55,251.54,566.88,539.62,60.3,124.81,17.62,34.71,1241.977,755.813,641.76,77.177,20.329,50.496,41094.125,-27.26,237.94,667.843,7.942,58.913,34.338,-4.692,33.3667277307076,24.1052046728972,88.7857542130501,80.6080487804878,116.870120957365,,3600.29,,,,43479000.0,144.51666666666665,46495.281015986126,3909.612753939,84.086227,110498202805127.95,0.7113376567597784,0.7589479532710279,33.3667277307076,,,0.4237535706537322,1.2549842700532872,0.0032956912324091,0.4785098602895608,144.51666666666665,0.074,1.002,-0.002,37.793,2.103,0.7315
Germany,2023,hub,84548233.0,,2380.906,277.1,506.72,515.94,63.87,140.54,21.24,7.22,1165.512,727.971,487.423,75.836,23.603,56.11,37598.492,9.22,183.9,593.766,7.023,57.44,33.064,-4.869,33.428726783619,,81.9625483787634,81.0414634146342,128.575550038524,,3534.54,,,,42462800.0,124.525,,,84.548233,109076275685754.3,,,33.428726783619,,,,,0.0032956912324091,0.4066931048341681,124.525,0.0737,0.998,0.002,37.205,2.121,
Germany,2024,hub_country,84552234.0,,2400.492,,,,,,,,1176.547,785.71,438.235,76.032,23.968,,37792.512,,,,,,,,,,,,,,,,,,,,,,,,,,,,,,,,,,,,,,,
India,2000,hub,1057922731.0,2804478499774.0,3442.303,80.27,571.39,572.69,0.01,1.58,76.99,15.77,1277.51,253.627,1911.166,92.778,6.042,16.808,3521.43,1.3,422.85,987.065,0.933,685.316,183.787,203.957,54.127048725443,42.2129668049793,26.9009229104474,62.749,103.786118188032,29.12,,,,,235956546.0,53.65,2650.9294276369983,2804.478499774,1057.922731,849511952993000.0,0.3429260398624747,0.577870331950207,54.127048725443,0.0573953235690925,0.0639701764705882,0.8510079985259109,1.1088364314254568,0.0114444590341902,0.8717235324,53.65,,,,,,0.5937
India,2001,hub,1077898579.0,2940745466088.0,3462.326,76.19,586.09,587.38,0.01,2.09,72.02,18.89,1281.096,254.277,1926.953,92.907,5.693,16.223,3470.525,1.29,438.04,1001.198,0.929,689.962,186.588,159.942,53.9235635798587,43.2544598893499,25.9932547534365,63.158,108.182198658974,,,,,,241697796.0,55.34166666666667,2728.2209322663925,2940.745466088,1077.898579,865552558937000.0,0.3492809264427107,0.567455401106501,53.9235635798587,,,0.8512715708110102,1.109094069774221,0.0114444590341902,0.8812745494764515,55.34166666666667,,,,,,
India,2002,hub,1097600380.0,3024984520809.0,3602.576,72.78,609.64,610.99,0.01,2.09,68.54,19.35,1324.242,265.544,2012.79,93.408,5.218,15.112,3526.61,1.35,460.74,1032.75,0.941,683.408,180.288,103.038,53.959551861805,44.2959529737206,29.5086629350614,63.649,100.329055300688,,,,,,213289454.0,53.425,2755.9980626182,3024.984520809,1097.60038,881373105140000.0,0.3433459051299073,0.557040470262794,53.959551861805,,,0.8475246865431203,1.1091866602087277,0.0114444590341902,0.926560960857201,53.425,,,,,,
India,2003,hub,1116803000.0,3251114494190.0,3739.946,74.63,638.13,639.82,0.02,2.6,69.3,18.14,1347.694,284.269,2107.984,93.619,5.144,14.538,3589.451,1.69,483.71,1068.398,0.957,695.315,186.553,129.56,53.7466492218795,45.3374460580913,30.592436132908,64.086,105.177203862352,,,,,,234990800.0,58.11666666666667,2911.090401968834,3251.11449419,1116.803,896792809000000.0,0.350770355561752,0.546625539419087,53.7466492218795,,,0.8451484771840184,1.1097036346732296,0.0114444590341902,0.9648172085336864,58.11666666666667,,,,,,
India,2004,hub,1135991509.0,3495022816540.0,3977.076,109.2,698.32,700.02,0.02,5.23,100.64,21.26,1426.856,306.691,2243.529,91.784,6.887,18.682,3831.588,1.7,505.44,1134.611,0.999,705.392,193.083,92.131,53.7069612100135,43.2392600276625,37.503814059447,64.484,115.271510073208,,,,,,227157170.0,65.89999999999999,3076.62758819089,3495.02281654,1135.991509,912201181727000.0,0.3633729488964413,0.567607399723375,53.7069612100135,,,0.8368576227056289,1.1102554252939698,0.0114444590341902,0.9873976626385592,65.89999999999999,,,,,,
India,2005,hub,1154676321.0,3752627653422.0,4249.498,107.47,704.52,706.07,0.02,5.99,97.42,17.73,1450.128,343.256,2456.113,92.603,6.359,17.771,3991.09,1.55,517.14,1195.393,1.035,721.894,201.701,65.017,53.6272488471978,43.4958333333333,42.0016696148691,64.939,127.614591957051,32.32,,,,,236175796.0,67.63333333333334,3249.939039342264,3752.627653422,1154.676321,927205085763000.0,0.378477322807568,0.565041666666667,53.6272488471978,0.0633728475983556,0.0619484117647058,0.8309155050572787,1.110833130131141,0.0114444590341902,1.0,67.63333333333334,0.0236,1.0,0.0,237.387,2.184,
India,2006,hub,1172878888.0,4069856052453.0,4440.676,127.56,744.43,747.17,0.01,9.34,112.62,17.63,1532.039,358.772,2549.865,91.891,7.134,19.504,4139.273,2.74,538.25,1293.321,1.103,733.283,211.708,60.091,53.3642316838144,43.7524066390041,45.7244804992652,65.373,136.403921543911,,,,,,242864046.0,72.85833333333333,3469.9712767385067,4069.856052453,1172.878888,941821747064000.0,0.390265298682952,0.562475933609959,53.3642316838144,,,0.8253590921945806,1.1115665709224618,0.0114444590341902,1.0,72.85833333333333,0.0241,1.0212,-0.0212,244.213,2.328,
India,2007,hub,1190676028.0,4403215224414.0,4815.856,141.75,796.26,801.2,0.06,11.68,122.61,17.83,1637.482,388.103,2790.272,91.819,7.276,20.041,4425.184,4.94,571.61,1393.485,1.17,749.827,222.493,117.051,53.1489746703036,44.008979944675,45.686268679348,65.803,142.835225474934,,,,,,259682404.0,94.55833333333334,3698.0800157790695,4403.215224414,1190.676028,956112850484000.0,0.3997349745997356,0.55991020055325,53.1489746703036,,,0.8234963978558264,1.1123269333859302,0.0114444590341902,1.0,94.55833333333334,0.0254,1.0763,-0.0763,261.007,2.594,
India,2008,hub,1207930960.0,4649548164533.0,5139.897,138.91,828.41,834.25,0.06,14.38,115.17,15.23,1719.259,399.877,3020.762,92.564,6.712,18.607,4616.596,5.84,607.29,1490.366,1.234,764.115,227.304,179.327,53.1398935150461,44.2655532503458,53.3682204392226,66.247,153.349390803506,,,,,,264426400.0,117.74166666666667,3849.183702132281,4649.548164533,1207.93096,969968560880000.0,0.4128235566608584,0.557344467496542,53.1398935150461,,,0.8145552487096751,1.112830612340441,0.0114444590341902,1.0,117.74166666666667,0.0261,1.1059,-0.1059,265.784,2.808,
India,2009,hub,1225524764.0,4993478894185.0,5566.137,133.25,878.63,883.93,0.08,16.27,106.34,16.82,1806.79,491.081,3268.266,93.296,5.965,17.08,4886.388,5.3,654.18,1613.328,1.316,762.322,233.941,112.206,53.1160134401098,44.5221265560166,46.2728696428837,66.7,167.457295914491,,,,,,251252335.0,91.8,4074.563844704977,4993.478894185,1225.524764,984096385492000.0,0.4300328195850732,0.554778734439834,53.1160134401098,,,0.8197724316512415,1.11358187948235,0.0114444590341902,1.0,91.8,0.0253,1.072,-0.072,252.268,3.047,
India,2010,hub,1243481565.0,5361371354007.0,5786.579,141.53,936.39,941.94,0.11,19.46,108.74,23.08,1848.416,589.616,3348.546,92.977,6.057,17.579,5024.514,5.55,692.39,1678.53,1.35,769.342,242.128,151.371,52.8082631786061,44.7786998616874,49.2552064974161,67.162,179.035876924253,46.72,2357.53,,,,263964188.06,106.88333333333333,4311.580891033957,5361.371354007,1243.481565,1070013959286074.4,0.4448221024723224,0.552213001383126,52.8082631786061,0.0861869522275849,0.0559930588235294,0.8148149527439676,1.1143719363034466,0.0114444590341902,1.0,106.88333333333333,,,,,,
India,2011,hub,1261224956.0,5720692888000.0,6017.487,171.94,1032.32,1037.44,0.83,23.95,131.7,32.22,1935.765,602.859,3478.864,91.76,6.967,19.777,5222.708,5.12,745.45,1765.695,1.4,781.037,251.811,130.099,52.7981730060978,44.7786998616874,55.6238800135298,67.623,180.748291172705,,2391.21,,,,291776685.45,131.76666666666668,4535.822781483243,5720.692888,1261.224956,1100786610368417.6,0.4496565214806325,0.552213001383126,52.7981730060978,,,0.8065775968074432,1.1151194092716108,0.0114444590341902,1.0,131.76666666666668,,,,,,
India,2012,hub,1278674501.0,6052427493607.0,6396.479,161.83,1088.42,1093.06,2.1,27.43,115.78,33.14,2051.67,556.991,3787.818,92.556,6.208,17.913,5425.75,4.64,808.54,1926.986,1.507,783.911,254.287,190.976,52.6525381828945,44.7786998616874,55.7937217287511,68.076,163.122021642201,,2385.44,,,,292416126.14,122.75,4733.360592452293,6052.427493607,1278.674501,1113323475107885.6,0.4349459942193339,0.552213001383126,52.6525381828945,,,0.8047616066674799,1.1157778686415076,0.0114444590341902,1.0,122.75,,,,,,
India,2013,hub,1295829507.0,6424470752490.0,6565.578,182.99,1141.23,1145.18,3.43,30.01,131.98,33.31,2065.656,490.193,4009.729,92.056,6.75,18.953,5527.781,3.95,843.36,1995.337,1.54,758.221,255.623,261.564,52.617558918199,44.7786998616874,53.8441319466777,68.499,156.495698086192,,2420.02,,,,291510218.44,120.14166666666668,4957.805573792973,6424.47075249,1295.829507,1144615663088501.2,0.4313089117154001,0.552213001383126,52.617558918199,,,0.8048408216050476,1.11652601857931,0.0114444590341902,1.0,120.14166666666668,,,,,,
India,2014,hub,1312277184.0,6875186158349.0,7011.583,198.5,1258.68,1259.25,4.91,33.45,139.0,34.69,2125.494,485.016,4401.073,92.013,6.829,18.527,5831.643,0.57,935.48,2148.052,1.637,765.858,259.789,128.696,52.6246220389548,44.7786998616874,48.9221857470669,68.932,163.498079418137,,2449.48,,,,298698863.38,114.975,5239.12649109123,6875.186158349,1312.277184,1173254801582476.8,0.4417150011234511,0.552213001383126,52.6246220389548,,,0.8074184268271729,1.117463754970304,0.0114444590341902,1.0,114.975,,,,,,
India,2015,hub,1328024494.0,7391521519812.0,7264.577,191.67,1310.56,1310.65,7.09,32.74,133.48,38.31,2296.039,478.068,4490.47,92.41,6.357,17.548,5943.03,0.09,983.74,2231.817,1.681,773.451,263.334,176.774,52.6078050847743,44.7786998616874,41.9229138658647,69.326,171.038212936265,100.0,2422.59,,,,284850922.0,93.06666666666666,5565.802101698284,7391.521519812,1328.024494,1174299483505603.0,0.4528235602809202,0.552213001383126,52.6078050847743,0.1639145052542457,0.036454,0.8116954019533164,1.1185526736723277,0.0114444590341902,1.0,93.06666666666666,,,,,,
India,2016,hub,1343944296.0,8057465593010.0,7609.864,201.4,1394.93,1393.84,12.2,43.45,128.55,37.9,2514.262,507.91,4587.692,92.473,6.37,17.155,6148.213,-1.09,1048.81,2352.54,1.75,781.626,262.254,169.747,52.5755165327477,44.7786998616874,40.082485713276,69.709,166.003057888777,,2472.94,,,,299053838.96,91.95833333333331,5995.386577398741,8057.46559301,1343.944296,1213075166682837.8,0.4520040664439843,0.552213001383126,52.5755165327477,,,0.8099559594750678,1.1199846219246623,0.0114444590341902,1.0,91.95833333333331,,,,,,
India,2017,hub,1359657398.0,8550029645172.0,7861.352,225.96,1462.39,1460.8,22.36,52.63,135.98,37.41,2588.196,535.999,4737.157,92.111,6.793,18.01,6304.287,-1.59,1086.68,2425.722,1.784,786.601,267.236,111.862,52.433581439464,44.7786998616874,40.7424969545225,70.068,170.569293434684,94.04,2513.81,,,,309663380.51,97.925,6288.370627592467,8550.029645172,1359.657398,1247540932738228.8,0.4597905878147121,0.552213001383126,52.433581439464,0.1573769265689812,0.0382344705882352,0.806854414482207,1.1209612354253082,0.0114444590341902,1.0,97.925,,,,,,
India,2018,hub,1374659067.0,9173201683791.0,8266.076,256.08,1571.65,1567.81,37.45,60.31,139.92,39.05,2704.512,579.963,4981.602,91.616,7.307,18.778,6593.169,-3.84,1159.44,2595.227,1.888,800.125,275.219,149.742,52.2933280415984,44.7786998616874,43.6169693323889,70.415,176.071212647449,,2525.82,,,,320692531.88,95.74166666666667,6673.074003585647,9173.201683791,1374.659067,1267331598082628.2,0.4690819020831179,0.552213001383126,52.2933280415984,,,0.8007740806377307,1.1222435800119523,0.0114444590341902,1.0,95.74166666666667,,,,,,
India,2019,hub,1389030307.0,9595463242427.0,8373.468,282.04,1600.98,1597.84,37.45,63.31,162.29,45.16,2791.946,592.498,4989.023,90.681,8.108,20.437,6682.068,-3.14,1156.96,2611.175,1.88,800.179,282.638,95.363,52.2566670814849,44.7786998616874,39.9054035306442,70.746,186.456757783084,60.48,2527.73,,,,323957437.96,94.925,6908.030151733039,9595.463242427,1389.030307,1281549155938285.0,0.4822020568338532,0.552213001383126,52.2566670814849,0.1119420753793326,0.049701294117647,0.8025276785382471,1.1230267671724437,0.0114444590341902,1.0,94.925,0.0339,1.0,0.0,324.175,6.292,
India,2020,hub,1402617694.0,8945313249462.0,7856.125,297.16,1563.43,1563.32,52.91,60.43,163.94,44.61,2537.853,603.601,4714.672,89.847,8.893,21.86,6268.437,-0.11,1108.56,2422.732,1.727,807.835,289.398,79.672,51.9383557727559,44.7786998616874,37.7581053292768,70.156,210.69195830144,,2540.72,,,,341446939.74,98.05833333333334,6377.584774331244,8945.313249462,1402.617694,1300735472037383.0,0.5008186018950208,0.552213001383126,51.9383557727559,,,0.8090953548846295,1.1212586159144375,0.0114444590341902,1.0,98.05833333333334,0.0339,1.0,0.0,341.645,6.568,
India,2021,hub,1414203896.0,9801621018003.0,8565.351,315.45,1678.72,1678.69,65.59,68.09,160.57,43.92,2588.831,623.727,5352.792,90.204,8.657,21.407,6749.358,-0.03,1200.85,2675.778,1.892,821.053,290.389,62.441,51.8513672856427,44.7786998616874,45.4230887840446,67.282,193.601012213706,40.32,2550.03,,,,355529808.53,125.74166666666667,6930.840061837165,9801.621018003,1414.203896,1316285761734661.2,0.4772724949788949,0.552213001383126,51.8513672856427,0.0837751001545929,0.0581836470588235,0.7968199107006457,1.123102800206124,0.0114444590341902,1.0,125.74166666666667,0.0352,1.0383,-0.0383,355.791,6.844,
India,2022,hub,1425423209.0,10476248645535.0,8948.373,364.35,1804.61,1802.88,95.92,70.05,175.09,46.19,2804.53,582.508,5561.334,89.444,9.421,22.75,7057.187,-1.73,1273.61,2831.132,1.986,835.674,298.332,39.923,51.8054794009128,44.7786998616874,50.0752701498882,71.698,193.754969391567,,2594.89,,,,353766052.45,144.51666666666665,7349.570695488093,10476.248645535,1425.423209,1350067997242733.5,0.4958038720673698,0.552213001383126,51.8054794009128,,,0.788678307387711,1.1244985689849605,0.0114444590341902,1.0,144.51666666666665,0.0355,1.0472,-0.0472,354.109,7.22,0.5977
India,2023,hub,1438069597.0,,9696.803,369.97,1918.26,1916.2,115.42,82.11,149.43,48.2,2939.235,620.344,6137.224,90.047,8.861,21.799,7529.44,-2.06,1368.41,3062.756,2.13,847.637,305.944,21.876,51.752057554344,,44.9928422877561,72.003,199.141215854816,,2668.5,,,,373583926.89,124.525,,,1438.069597,1400683382651992.5,,,51.752057554344,,,,,0.0114444590341902,1.0,124.525,0.036,1.0619,-0.0619,373.803,7.726,
India,2024,hub_country,1450935785.0,,10111.388,,,,,,,,3028.744,702.818,6379.826,89.67,9.146,,7812.928,,,,,,,,,,,,,,,,,,,,,,,,,,,,,,,,,,,,,,,
Indonesia,2000,hub,216077789.0,1138300071768.0,1120.755,19.6,98.04,98.04,0.0,0.0,10.02,0.0,637.634,330.052,153.069,96.301,3.699,19.992,5387.869,0.0,61.83,281.054,1.301,199.062,45.446,652.362,9.55569557485171,5.61103680586516,71.4368759173731,66.292,138.983334262304,25.6,,,,,61575000.0,53.65,5268.01054858998,1138.300071768,216.077789,212944661059500.0,0.4080751692921195,0.9438896319413485,9.55569557485171,0.0590100263714749,0.063743294117647,0.7846630361777104,1.1175600351619668,0.0103896206784968,0.9273882601,53.65,,,,,,0.9448
Indonesia,2001,hub,219097905.0,1185220908414.0,1195.432,22.19,106.16,106.16,0.0,0.0,11.65,0.0,659.754,341.346,194.332,95.904,4.096,20.902,5690.083,0.0,66.46,316.759,1.446,201.118,45.318,513.699,9.55569557485171,5.94963652350523,69.7932075256238,66.583,147.054679226353,,,,,,59808000.0,55.34166666666667,5409.54925339884,1185.220908414,219.097905,215920985377500.0,0.4181171644450903,0.9405036347649476,9.55569557485171,,,0.7851272153627192,1.1180318308446628,0.0103896206784968,0.9810420766784276,55.34166666666667,,,,,,
Indonesia,2002,hub,222088499.0,1244249942443.0,1234.537,21.0,113.04,113.04,0.0,0.0,9.93,0.0,663.047,371.034,200.456,96.353,3.647,18.577,5768.058,0.0,72.74,308.201,1.388,199.735,48.422,854.348,9.55569557485171,6.28823624114529,59.0794617663723,66.954,138.744886015272,,,,,,61074973.0,53.425,5602.49606821378,1244.249942443,222.088499,218868215764500.0,0.4124030950974815,0.937117637588547,9.55569557485171,,,0.7942330709985128,1.118674986894046,0.0103896206784968,1.0,53.425,,,,,,
Indonesia,2003,hub,225048005.0,1309811268640.0,1347.749,19.82,117.39,117.39,0.0,0.0,9.1,0.0,683.08,395.582,269.087,96.805,3.195,16.884,6183.915,0.0,77.07,339.024,1.506,201.292,47.917,481.321,9.55569557485171,6.62683595878536,53.6164937473016,67.134,163.767181316538,,,,,,63024042.0,58.11666666666667,5820.141656621217,1309.81126864,225.048005,221784808927500.0,0.4395116551057775,0.9337316404121464,9.55569557485171,,,0.7978823257808549,1.1194004721887374,0.0103896206784968,1.0,58.11666666666667,,,,,,
Indonesia,2004,hub,227926649.0,1387446383159.0,1330.411,20.97,124.78,124.78,0.0,0.0,9.67,0.0,721.008,362.022,247.381,96.585,3.415,16.806,6040.208,0.0,81.57,342.709,1.504,205.566,50.651,631.112,9.5512378836113,6.96543567642542,59.761294836691,65.521,180.476086983022,,,,,,65313711.0,65.89999999999999,6087.249513149294,1387.446383159,227.926649,224621712589500.0,0.4523083386393114,0.9303456432357458,9.5512378836113,,,0.7895116258870649,1.1202908317104978,0.0103896206784968,1.0,65.89999999999999,,,,,,
Indonesia,2005,hub,230871648.0,1474875329634.0,1367.98,22.66,132.89,132.89,0.0,0.0,10.73,0.0,720.295,363.936,283.749,96.506,3.494,17.052,6137.142,0.0,86.45,347.361,1.505,209.288,50.341,548.14,9.54678019237089,7.30403539406549,63.9879358688635,67.531,184.326258311835,32.32,,,,,66674990.0,67.63333333333334,6388.2912536493,1474.875329634,230.871648,227524009104000.0,0.4652595725518499,0.9269596460593452,9.54678019237089,0.0712187281341232,0.0608811176470588,0.782776303684059,1.121294304178831,0.0103896206784968,1.0,67.63333333333334,0.0431,1.0,0.0,66.675,1.582,
Indonesia,2006,hub,233951650.0,1565012923832.0,1395.47,21.18,138.0,138.0,0.0,0.0,9.62,0.0,693.567,371.114,330.789,96.766,3.234,15.348,6159.938,0.0,92.2,346.366,1.481,221.061,52.787,1208.368,9.54232250113048,7.64263511170555,56.6571268148867,67.664,189.627512709136,,,,,,66064399.0,72.85833333333333,6689.471623012703,1565.012923832,233.95165,230559351075000.0,0.4730381078429462,0.9235736488829444,9.54232250113048,,,0.7875972763266742,1.1222982387433758,0.0103896206784968,1.0,72.85833333333333,0.0437,1.0139,-0.0139,66.064,1.796,
Indonesia,2007,hub,237062338.0,1674227359084.0,1495.455,24.29,148.4,148.4,0.0,0.0,11.29,0.0,731.705,346.42,417.329,96.626,3.374,16.368,6524.362,0.0,98.41,387.577,1.635,224.719,52.13,705.973,9.53786480989007,7.98123482934562,54.8292499782075,67.914,222.926371992141,,,,,,67878527.0,94.55833333333334,7062.39284235862,1674.227359084,237.062338,233624934099000.0,0.5097054615294337,0.9201876517065438,9.53786480989007,,,0.7863174763354707,1.1235413094745288,0.0103896206784968,1.0,94.55833333333334,0.0441,1.0232,-0.0232,67.879,1.756,
Indonesia,2008,hub,240157902.0,1809491142510.0,1509.474,26.34,155.9,155.9,0.0,0.0,11.53,0.0,746.456,396.947,366.071,96.38,3.62,16.895,6514.816,0.0,101.8,365.384,1.521,229.503,53.78,872.676,9.53340711864966,8.31983454698568,58.5613996312961,68.085,234.022023276744,,,,,,73984922.0,117.74166666666667,7534.589232504205,1809.49114251,240.157902,236675612421000.0,0.5245526181601052,0.9168016545301432,9.53340711864966,,,0.7786503567645022,1.1251152974416807,0.0103896206784968,1.0,117.74166666666667,0.047,1.0905,-0.0905,73.985,1.855,
Indonesia,2009,hub,243220024.0,1905717479305.0,1549.363,26.79,162.87,162.87,0.0,0.0,11.38,0.0,750.034,421.008,378.321,96.264,3.736,16.449,6608.3,0.0,107.6,398.624,1.639,242.077,57.644,1192.321,9.52894942740926,8.65843426462575,45.5121213687054,68.267,239.603591203238,,,,,,76643740.0,91.8,7835.364243303421,1905.717479305,243.220024,239693333652000.0,0.5327817057664372,0.9134156573537424,9.52894942740926,,,0.7891931766037661,1.1261178808110115,0.0103896206784968,1.0,91.8,0.0481,1.116,-0.116,76.644,1.942,
Indonesia,2010,hub,246305327.0,2039334560589.0,1663.915,34.63,177.56,177.56,0.0,0.0,17.46,0.0,793.82,440.476,429.619,95.583,4.417,19.503,7062.331,0.0,113.09,445.37,1.808,247.332,56.352,963.189,9.52449173616885,8.99703398226581,46.7012738758737,68.364,239.553393187817,41.28,2608.19,,,,77610636.0,106.88333333333333,8279.701399186548,2039.334560589,246.305327,234480048152267.44,0.5360361083980802,0.910029660177342,9.52449173616885,0.0884912534979663,0.0574021176470588,0.7843012144642384,1.1275990046639552,0.0103896206784968,1.0,106.88333333333333,,,,,,
Indonesia,2011,hub,249470029.0,2178184530109.0,1774.586,30.46,191.88,191.88,0.0,0.0,12.42,0.0,850.977,427.343,496.266,96.446,3.554,15.875,7365.991,0.0,128.03,500.458,2.006,288.165,59.783,1045.683,9.52003404492844,9.33563369990588,50.1800131841104,68.629,260.871954399488,,2672.15,,,,75902250.0,131.76666666666668,8731.247351997543,2178.184530109,249.470029,243316788367207.7,0.5613002700794716,0.9066436630009412,9.52003404492844,,,0.7770595922159101,1.129104157839992,0.0103896206784968,1.0,131.76666666666668,,,,,,
Indonesia,2012,hub,252698525.0,2309530044109.0,1870.294,31.11,208.96,208.96,0.0,0.0,12.8,0.0,894.812,469.776,505.706,96.423,3.577,14.888,7665.836,0.0,143.58,515.77,2.041,300.722,61.634,1131.804,9.51557635368803,9.67423341754595,49.5828982992627,68.862,324.105127310216,,2709.96,,,,79092022.0,122.75,9139.467846553516,2309.530044109,252.698525,249953056605285.0,0.6039721385848665,0.9032576658245404,9.51557635368803,,,0.7742548696461248,1.130464892821845,0.0103896206784968,1.0,122.75,,,,,,
Indonesia,2013,hub,255852464.0,2437876929100.0,1743.649,35.5,225.18,225.18,0.01,0.0,16.92,0.0,865.009,437.884,440.756,95.466,4.534,15.765,7131.105,0.0,153.61,493.435,1.929,299.584,59.1,1239.12,9.51111866244762,10.012833135186,48.6373726752893,69.064,303.533746915688,,2743.55,,,,78606853.0,120.14166666666668,9528.448118052913,2437.8769291,255.852464,256209570076628.03,0.6072782815713331,0.89987166864814,9.51111866244762,,,0.7719588930076031,1.1317614937268432,0.0103896206784968,1.0,120.14166666666668,,,,,,
Indonesia,2014,hub,258877395.0,2559933272409.0,1771.863,34.41,237.54,237.55,0.01,0.0,15.16,0.0,861.46,441.333,469.07,95.292,4.708,14.486,7171.866,0.01,164.28,498.029,1.924,308.06,62.668,1338.808,9.50666097120722,10.3514328528261,48.0801755855227,69.292,334.115871082202,,2818.11,,,,78067426.0,114.975,9888.5932949418,2559.933272409,258.877395,266283916102559.28,0.610483955299612,0.896485671471739,9.50666097120722,,,0.7695148802899623,1.132961977649806,0.0103896206784968,1.0,114.975,,,,,,
Indonesia,2015,hub,261799249.0,2684763880628.0,1823.601,33.56,243.28,243.29,0.01,0.0,13.74,0.0,822.097,469.23,532.274,95.997,4.003,13.795,7243.952,0.01,169.4,551.16,2.105,298.367,62.537,1792.642,9.50220327996681,10.6900325704661,41.9376402415294,69.52,341.496990073275,100.0,2812.49,,,,80643435.0,93.06666666666666,10255.04806023336,2684.763880628,261.799249,268752335984303.6,0.6137316929505753,0.893099674295339,9.50220327996681,0.1756376201505834,0.0363741176470588,0.7726036259231925,1.1341834935341113,0.0103896206784968,1.0,93.06666666666666,,,,,,
Indonesia,2016,hub,264627429.0,2819889903036.0,1777.406,39.58,257.55,258.24,0.02,0.01,18.68,0.0,792.951,440.139,544.316,94.19,5.81,15.368,7120.307,0.69,177.46,547.969,2.071,300.969,61.645,874.285,9.4977455887264,11.0286322881062,37.4213418023318,69.733,332.689389526624,,2887.21,,,,77609413.0,91.95833333333331,10656.075652067042,2819.889903036,264.627429,278872760138327.84,0.6171569749353489,0.889713677118938,9.4977455887264,,,0.7737780277637762,1.1355202521735568,0.0103896206784968,1.0,91.95833333333331,,,,,,
Indonesia,2017,hub,267346654.0,2962852274581.0,1916.056,43.19,265.83,266.95,0.03,0.0,18.63,0.0,850.332,499.615,566.109,94.482,5.518,16.247,7569.616,1.12,183.02,570.928,2.136,320.719,67.129,781.559,9.49328789748599,11.0286322881062,39.3554970704606,69.953,374.481780805296,90.92,2950.85,,,,80416000.0,97.925,11082.436343418758,2962.852274581,267.346654,287948453993903.5,0.6207758501325956,0.889713677118938,9.49328789748599,0.1649940908585469,0.0393738235294117,0.7682908667343831,1.1369414544780627,0.0103896206784968,1.0,97.925,,,,,,
Indonesia,2018,hub,269951847.0,3116158974437.0,1964.019,48.38,283.79,285.29,0.09,0.19,21.64,0.0,877.219,431.071,655.729,91.971,8.029,17.048,7896.082,1.5,194.13,607.378,2.25,352.425,71.682,788.012,9.48883020624558,11.0286322881062,43.0743089552002,70.08,388.94563423822,,2907.28,,,,78040534.0,95.74166666666667,11543.388234113472,3116.158974437,269.951847,286461346097348.44,0.6242970980313447,0.889713677118938,9.48883020624558,,,0.7607307890938542,1.1384779607803783,0.0103896206784968,1.0,95.74166666666667,,,,,,
Indonesia,2019,hub,272489381.0,3272568062078.0,2063.538,48.04,295.44,297.12,0.12,0.48,21.16,0.0,855.103,407.204,801.231,91.387,8.613,16.26,8271.658,1.68,204.98,665.049,2.441,365.884,71.124,1018.96,9.48437251500517,11.0286322881062,37.6277775357108,70.349,304.316040505575,54.72,2898.94,,,,74254033.0,94.925,12009.892092191292,3272.568062078,272.489381,288324583646991.1,0.6283565355165694,0.889713677118938,9.48437251500517,0.1166327302304782,0.0518807647058823,0.7622897883626951,1.1400329736406378,0.0103896206784968,1.0,94.925,0.0535,1.0142,-0.0142,74.254,4.572,
Indonesia,2020,hub,274814861.0,3204972631957.0,1895.222,52.89,291.82,293.37,0.17,0.47,24.33,0.0,753.212,376.63,765.38,89.356,10.644,18.124,7700.858,1.55,199.94,623.304,2.268,351.989,71.733,669.864,9.47991482376477,11.0286322881062,32.9721754002427,68.817,336.107986011264,,2880.21,,,,67578143.24,98.05833333333334,11662.297374656897,3204.972631957,274.814861,288906446442295.7,0.620632178576144,0.889713677118938,9.47991482376477,,,0.7698420131442832,1.1388743245821895,0.0103896206784968,1.0,98.05833333333334,0.052,0.9858,0.0142,67.578,4.207,
Indonesia,2021,hub,276758056.0,3323654666991.0,1957.702,56.2,309.36,310.33,0.19,0.44,24.7,0.0,786.714,407.759,763.23,88.924,11.076,18.167,7937.188,0.97,211.73,632.946,2.287,351.41,71.619,692.834,9.40017404086973,11.0286322881062,40.2047582749671,67.452,381.229919311091,35.2,2868.96,,,,67830216.22,125.74166666666667,12009.242711948376,3323.654666991,276.758056,289812844204742.4,0.618127500432597,0.889713677118938,9.40017404086973,0.0893031067798709,0.0599056470588235,0.7597182191254632,1.140030809039828,0.0103896206784968,1.0,125.74166666666667,0.0532,1.0085,-0.0085,67.83,4.213,
Indonesia,2022,hub,278830527.0,3500093638879.0,2472.905,65.41,333.54,334.34,0.44,0.36,27.3,0.0,858.073,398.322,1216.511,89.792,10.208,19.611,9859.904,0.8,225.41,758.021,2.719,386.071,69.941,551.54,9.39575176626131,11.0286322881062,45.4646701959453,70.925,311.088110799621,,2906.76,,,,71276250.08,144.51666666666665,12552.763417037906,3500.093638879,278.830527,295830099271819.8,0.634008618858684,0.889713677118938,9.39575176626131,,,0.7499289679954055,1.1418425447234597,0.0103896206784968,1.0,144.51666666666665,0.0539,1.0218,-0.0218,71.276,4.726,0.3564
Indonesia,2023,hub,281190068.0,,2491.822,65.2,350.6,351.49,0.71,0.48,24.59,0.0,857.437,434.479,1199.906,89.305,10.695,18.597,9904.812,0.89,238.69,762.358,2.711,412.805,71.639,663.898,9.3962387268892,,41.3362868707652,71.146,311.071988639875,,2900.3,,,,68755426.0,124.525,,,281.190068,297670477290446.0,,,9.3962387268892,,,,,0.0103896206784968,1.0,124.525,0.0542,1.0275,-0.0275,68.755,4.762,
Indonesia,2024,hub_country,283487933.0,,2663.047,,,,,,,,878.984,472.717,1311.346,89.046,10.954,,10528.601,,,,,,,,,,,,,,,,,,,,,,,,,,,,,,,,,,,,,,,
Japan,2000,hub,127027794.0,4209651870326.0,5046.459,101.03,1099.67,1099.67,0.34,0.11,84.47,319.12,3179.205,756.65,1110.603,81.144,4.603,38.207,49227.996,0.0,466.73,1260.203,9.921,42.953,28.387,4.858,12.2743484224966,21.0232558139535,19.5623715839054,81.0760975609756,324.60885113992,67.2,,,,,12796066.71,53.65,33139.612503433695,4209.651870326,127.027794,148368463392000.0,0.8070816825910405,0.789767441860465,12.2743484224966,0.1869290312585842,0.0430957245337159,0.6042741908874806,1.2104653750114458,-0.0020963201101311,0.7740894168,53.65,,,,,,0.2939
Japan,2001,hub,127260144.0,4224163277272.0,4990.448,98.32,1083.14,1083.14,0.5,0.25,81.54,320.54,3076.01,777.284,1137.155,81.102,4.508,38.671,48606.762,0.0,459.27,1245.935,9.79,41.539,27.876,-7.051,12.1920438957476,20.3313953488372,19.5596044720071,81.4163414634146,304.680468046805,,,,,,12254842.67,55.34166666666667,33193.13607936826,4224.163277272,127.260144,148639848192000.0,0.8086393672627419,0.796686046511628,12.1920438957476,,,0.603830928199924,1.2106437869312277,-0.0020963201101311,0.765863441582671,55.34166666666667,,,,,,
Japan,2002,hub,127484599.0,4226576076119.0,4994.481,98.64,1103.07,1103.07,0.69,0.41,80.6,314.26,3026.113,760.46,1207.908,81.446,4.514,37.432,48365.816,0.0,478.43,1275.42,10.005,40.553,27.141,-10.335,12.1234567901235,19.6395348837209,20.4471220661583,81.6907317073171,292.873274496492,,,,,,12184519.33,53.425,33153.62098067234,4226.576076119,127.484599,148902011632000.0,0.8022176439228776,0.803604651162791,12.1234567901235,,,0.6032727030949055,1.2105120699355745,-0.0020963201101311,0.7696850955836485,53.425,,,,,,
Japan,2003,hub,127671254.0,4288493482445.0,5193.62,112.13,1092.59,1092.59,0.95,0.83,92.47,230.08,3117.379,834.982,1241.259,84.68,5.098,31.321,48271.73,0.0,520.42,1283.845,10.056,39.714,26.888,-11.589,12.0631001371742,19.5604651162791,21.3261252678119,81.76,301.858994769161,,,,,,10824201.51,58.11666666666667,33590.12579640676,4288.493482445,127.671254,149120024672000.0,0.8124988778583981,0.804395348837209,12.0631001371742,,,0.5987561597621318,1.2119670859880227,-0.0020963201101311,0.8270649869408075,58.11666666666667,,,,,,
Japan,2004,hub,127815769.0,4380398118363.0,5128.467,112.43,1121.19,1121.19,1.27,1.44,91.67,285.87,3048.324,806.041,1274.103,82.513,5.023,35.525,48875.867,0.0,504.83,1279.122,10.008,39.444,26.437,-12.572,12.0137174211248,19.4813953488372,23.6643534228975,82.030243902439,295.087462891071,,,,,,11993783.7,65.89999999999999,34271.18697977712,4380.398118363,127.815769,149288818192000.0,0.8130805506472131,0.8051860465116281,12.0137174211248,,,0.5907424217456265,1.2142372899325906,-0.0020963201101311,0.7964190528388494,65.89999999999999,,,,,,
Japan,2005,hub,127913331.0,4450600710060.0,5248.729,102.79,1153.07,1153.07,1.63,1.91,77.56,293.04,3086.636,827.28,1334.814,83.02,4.52,34.328,49673.758,0.0,532.49,1286.412,10.057,38.946,25.514,-10.137,11.9615912208505,19.4023255813953,26.2299545778565,81.9551219512195,296.781651376147,73.28,,,,,12433769.16,67.63333333333334,34793.87703585016,4450.60071006,127.913331,149402770608000.0,0.8179942032076875,0.805976744186047,11.9615912208505,0.1995766925896254,0.0406057733142037,0.5838210701233922,1.2159795901195003,-0.0020963201101311,0.8244466169497939,67.63333333333334,0.0628,1.0,0.0,12.401,1.773,
Japan,2006,hub,127997247.0,4514225078439.0,5173.467,114.47,1164.35,1164.35,2.0,2.13,88.81,304.29,2975.822,885.503,1312.142,82.081,5.011,35.965,49501.863,0.0,520.75,1263.44,9.871,38.588,24.617,-12.324,11.9149519890261,19.3232558139535,30.0163760986692,82.3219512195122,294.390052958784,,,,,,11741858.54,72.85833333333333,35268.141965889314,4514.225078439,127.997247,149500784496000.0,0.8200590625257362,0.806767441860465,11.9149519890261,,,0.5760824408522531,1.2175604732196312,-0.0020963201101311,0.7993019795022986,72.85833333333333,0.0597,0.9506,0.0494,11.707,1.864,
Japan,2007,hub,128087683.0,4590814009043.0,5223.913,101.76,1180.11,1180.11,2.31,2.74,74.51,279.01,2892.609,953.901,1377.404,83.623,4.499,32.266,48993.164,0.0,554.88,1298.974,10.141,38.629,24.378,-9.547,11.8683127572016,19.2441860465116,32.816578051879,82.5070731707317,327.142394822006,,,,,,12024848.13,94.55833333333334,35841.18239567969,4590.814009043,128.087683,149606413744000.0,0.8301426506914276,0.807558139534884,11.8683127572016,,,0.5685069019841236,1.219470607985599,-0.0020963201101311,0.8266903144082077,94.55833333333334,0.0619,0.9857,0.0143,11.998,1.87,
Japan,2008,hub,128155992.0,4542408020234.0,5185.779,101.98,1183.7,1183.7,2.59,2.94,75.16,251.74,2780.003,990.995,1414.781,84.603,4.561,29.883,48051.477,0.0,574.36,1228.687,9.587,36.215,22.507,-8.03,11.8189300411523,19.066511627907,34.1294765412245,82.5875609756098,235.863277623027,,,,,,12151091.21,117.74166666666667,35444.36705100765,4542.408020234,128.155992,149686198656000.0,0.7636445672887596,0.80933488372093,11.8189300411523,,,0.5705007980337119,1.2181478901700256,-0.0020963201101311,0.8297340238031964,117.74166666666667,0.0641,1.0207,-0.0207,12.128,1.889,
Japan,2009,hub,128192471.0,4298103109270.0,4607.451,97.28,1114.02,1114.02,3.05,3.43,70.47,274.65,2495.723,924.78,1186.947,82.359,4.756,33.386,43858.52,0.0,512.68,1160.253,9.051,35.8,20.883,-13.366,11.7805212620027,18.8888372093023,24.3901665338555,82.9314634146342,208.493246390312,,,,,,11461384.89,91.8,33528.51439512388,4298.10310927,128.192471,149728806128000.0,0.7247159583310232,0.811111627906977,11.7805212620027,,,0.5962055468401122,1.211761714650413,-0.0020963201101311,0.7161807889500499,91.8,0.0605,0.9634,0.0366,11.446,1.931,
Japan,2010,hub,128185273.0,4480295644398.0,4866.423,118.24,1156.04,1156.04,3.98,3.93,88.5,292.36,2514.321,999.367,1352.735,81.799,5.404,35.518,46675.945,0.0,516.36,1211.09,9.448,35.999,21.472,-12.442,11.7475994513032,18.8382724255814,28.4984726938389,82.8426829268293,255.090378327884,76.8,,,,,11454614.23,106.88333333333333,34951.71902000006,4480.295644398,128.185273,149720398864000.0,0.7804877782029682,0.811617275744186,11.7475994513032,0.2048992975500001,0.0390083070301291,0.5802372021394939,1.2165057300666668,-0.0020963201101311,0.7461804630669604,106.88333333333333,,,,,,
Japan,2011,hub,128096430.0,4468738319171.0,4915.311,113.5,1104.2,1104.2,5.44,4.46,82.49,162.93,2512.408,1120.252,1282.65,87.076,5.447,25.034,44260.359,0.0,558.0,1261.181,9.846,34.923,20.542,-4.137,11.6707818930041,18.7877076418605,30.1949607286296,82.5912195121951,249.839915373766,,,,,,11657491.61,131.76666666666668,34885.73662178563,4468.738319171,128.09643,149616630240000.0,0.7739099146600842,0.812122923581395,11.6707818930041,,,0.5790905674231568,1.2162857887392855,-0.0020963201101311,0.8019329087583136,131.76666666666668,,,,,,
Japan,2012,hub,127928283.0,4530172048567.0,5252.055,111.33,1106.88,1106.88,7.37,4.73,77.1,17.99,2665.705,1232.151,1354.199,93.793,5.379,11.683,43894.004,0.0,658.07,1302.113,10.178,34.064,20.55,-2.478,11.6488340192044,18.7371428581395,30.4709109171752,83.0960975609756,252.825247291569,,,,,,12166480.7,122.75,35411.80997924439,4530.172048567,127.928283,149420234544000.0,0.7821843248193867,0.812628571418605,11.6488340192044,,,0.5744306725891215,1.2180393665974814,-0.0020963201101311,0.9236352027523838,122.75,,,,,,
Japan,2013,hub,127723642.0,4621006950566.0,5197.576,120.55,1087.76,1087.76,12.91,5.13,79.33,14.6,2552.77,1235.369,1409.438,93.499,5.829,12.425,43658.484,0.0,648.2,1311.876,10.271,33.943,20.689,-6.956,11.6268861454047,18.686578072093,33.9787686509511,83.3319512195122,244.643699858424,,,,,,12264625.46,120.14166666666668,36179.73053544777,4621.006950566,127.723642,149181213856000.0,0.779954672438119,0.81313421927907,11.6268861454047,,,0.5645234768869841,1.220599101784826,-0.0020963201101311,0.9068558259751344,120.14166666666668,,,,,,
Japan,2014,hub,127486601.0,4634693421103.0,5056.037,133.9,1062.72,1062.72,23.55,5.01,81.71,0.0,2422.78,1247.521,1385.736,93.396,6.604,12.6,42606.789,0.0,628.63,1260.272,9.886,32.739,20.287,-5.367,11.5829903978052,18.6360132883721,37.4314345686579,83.5878048780488,253.197536712459,,,,,,12285001.04,114.975,36354.35712262029,4634.693421103,127.486601,148904349968000.0,0.7905756994524527,0.813639867116279,11.5829903978052,,,0.5596155894095064,1.2211811904087344,-0.0020963201101311,0.8739368405008384,114.975,,,,,,
Japan,2015,hub,127275868.0,4707025000790.0,4920.431,154.02,1030.12,1030.12,34.54,5.22,85.77,4.52,2335.274,1187.176,1397.981,92.1,7.685,15.39,42138.867,0.0,595.46,1219.982,9.585,31.983,19.924,-4.502,11.5363511659808,18.5854485046512,35.4274083544798,83.7939024390244,225.326991676576,100.0,,,,,12141378.23,93.06666666666666,36982.85523214817,4707.02500079,127.275868,148658213824000.0,0.7676225449698068,0.814145514953488,11.5363511659808,0.2424571380803704,0.0304966284074605,0.5563821313776188,1.2232761841071609,-0.0020963201101311,0.8289881089523664,93.06666666666666,,,,,,
Japan,2016,hub,127159950.0,4742508721138.0,4828.764,151.77,1063.7,1063.7,43.33,5.34,79.43,17.68,2269.204,1164.174,1395.385,91.565,7.593,15.93,41646.914,0.0,603.16,1199.933,9.436,31.677,19.71,-4.567,11.4787379972565,18.5348837209302,31.3102468455884,83.9848780487805,236.018164435946,,,,,,11924734.91,91.95833333333331,37295.616435347765,4742.508721138,127.15995,148522821600000.0,0.7810728239810192,0.814651162790698,11.4787379972565,,,0.5578929495265137,1.2243187214511593,-0.0020963201101311,0.8096244255905699,91.95833333333331,,,,,,
Japan,2017,hub,127064686.0,4821960242931.0,4829.473,163.3,1076.86,1076.86,54.04,6.22,79.24,29.07,2243.645,1169.865,1415.963,90.608,8.029,17.864,42137.562,0.0,600.92,1184.392,9.321,31.599,19.825,-1.185,11.4156378600823,18.4418604651163,34.4232135721686,84.099756097561,243.234799327085,100.0,,,,,11903650.57,97.925,37948.86206959973,4821.960242931,127.064686,148411553248000.0,0.7930498817040436,0.815581395348837,11.4156378600823,0.2448721551739993,0.0303706886657101,0.5493362691811671,1.2264962068986658,-0.0020963201101311,0.7974995489694866,97.925,,,,,,
Japan,2018,hub,126913432.0,4852985093686.0,4711.592,175.34,1082.93,1082.93,61.22,7.37,81.0,49.11,2167.913,1157.082,1386.597,89.042,8.65,20.726,41899.98,0.0,586.37,1138.55,8.971,30.936,19.324,1.057,11.363511659808,18.3953488372093,36.609931802107,84.2109756097561,235.997102848865,,,,,,11575323.38,95.74166666666667,38238.54589076119,4852.985093686,126.913432,148234888576000.0,0.7881359501550396,0.816046511627907,11.363511659808,,,0.5447355191082164,1.2274618196358706,-0.0020963201101311,0.759424116272943,95.74166666666667,,,,,,
Japan,2019,hub,126699421.0,4833467877373.0,4556.284,176.41,1047.4,1047.4,67.43,7.46,73.92,65.64,2112.457,1081.233,1362.594,87.991,8.871,23.11,41086.219,0.0,553.54,1102.063,8.698,30.323,19.139,-2.549,11.3141289437586,18.2325581395349,35.2164181084145,84.3563414634146,226.503394762367,80.32,,,,,11843136.29,94.925,38149.09207338051,4833.467877373,126.699421,147984923728000.0,0.7785589392400926,0.817674418604651,11.3141289437586,0.2178207301834512,0.0371530358680057,0.5468744812800813,1.2271636402446018,-0.0020963201101311,0.723967207927901,94.925,0.065,1.0054,-0.0054,11.8,2.769,
Japan,2020,hub,126304533.0,4626661481209.0,4189.544,193.03,1011.03,1011.03,75.92,8.41,78.33,43.0,1877.518,1041.275,1270.752,87.329,10.457,23.345,38203.219,0.0,533.57,1037.285,8.213,29.722,18.744,1.379,11.2592592592593,18.5348837209302,31.335208636773,84.56,216.008771929825,,,,,,11692640.87,98.05833333333334,36631.00105210792,4626.661481209,126.304533,147523694544000.0,0.7586625044340739,0.814651162790698,11.2592592592593,,,0.5634064492623277,1.2221033368403598,-0.0020963201101311,0.649187478337483,98.05833333333334,0.0643,0.9946,0.0054,11.648,2.809,
Japan,2021,hub,125679342.0,4725883595048.0,4308.351,208.14,1034.67,1034.67,84.18,9.54,79.63,61.22,1911.585,1027.298,1369.467,86.17,10.814,26.033,40020.164,0.0,532.33,1058.502,8.422,29.54,19.058,4.572,11.2098765432099,18.5348837209302,36.7384462280698,84.4456097560976,209.813999021047,53.12,,,,,11989633.51,125.74166666666667,37602.70796968367,4725.883595048,125.679342,146793471456000.0,0.7585420473698709,0.814651162790698,11.2098765432099,0.1783747699242092,0.0466362783357245,0.5499056540245664,1.2253423598989457,-0.0020963201101311,0.6561106811188722,125.74166666666667,0.0663,1.0255,-0.0255,11.948,2.845,
Japan,2022,hub,124997585.0,4774494846664.0,4286.361,213.19,1040.57,1040.57,91.07,9.42,74.87,51.77,1925.478,995.358,1365.525,86.285,11.154,25.463,39974.945,0.0,540.68,1029.645,8.237,29.664,18.568,6.298,11.1550068587106,18.5348837209302,46.8129868368938,83.9963414634146,201.746187899656,,,,,,11718522.75,144.51666666666665,38196.69673349289,4774.494846664,124.997585,145997179280000.0,0.7528485085428366,0.814651162790698,11.1550068587106,,,0.5348812070506654,1.2273223224449763,-0.0020963201101311,0.6511412050964194,144.51666666666665,0.0653,1.0101,-0.0101,11.678,2.863,0.7131
Japan,2023,hub,124370947.0,,4058.882,222.86,1006.73,1006.73,96.36,9.96,74.53,77.46,1882.66,916.112,1260.111,84.119,11.965,29.831,39064.832,0.0,495.76,986.91,7.935,28.977,17.997,4.748,11.0925421662665,,45.1508795641248,84.0412195121951,202.84371909001,,,,,,11498640.62,124.525,,,124.370947,113488489137500.0,,,11.0925421662665,,,,,-0.0020963201101311,0.5956198271823377,124.525,0.0646,0.9992,0.0008,11.463,2.886,
Japan,2024,hub_country,123753041.0,,3950.881,,,,,,,,1782.89,909.438,1258.552,82.955,12.697,,38745.039,,,,,,,,,,,,,,,,,,,,,,,,,,,,,,,,,,,,,,,
MENA-other,2000,bloc,220263344.0,1736025340247.0,3113.126,9.07,366.79,370.19000000000005,0.0,0.12,8.92,0.0,1657.94,1403.156,52.031000000000006,99.32275,0.67725,1.9707333333333328,55261.51246666666,3.4,245.15,993.433,13.1664,517.913,56.182,-2.3729999999999984,6.031532482606184,932.175334862401,83.95027744155409,72.27798983739838,147.27159777244597,50.377142857142864,,,,,22455736.99,53.65,7881.589867476996,1736.025340247,220.263344,217069525512000.0,0.4549143178836987,0.1,6.031532482606184,0.1002319746686925,0.0526064747728359,0.7503698069961375,1.1262719662249234,0.0116968678887898,1.0,53.65,,,,,,0.2913
MENA-other,2001,bloc,224667187.0,1866022503611.0,3278.04,9.79,389.2000000000001,391.92,0.0,0.26,9.5,0.0,1733.4720000000002,1483.2810000000002,61.286,99.249875,0.7501249999999999,1.975,53791.1444,2.72,260.58,1032.839,13.226,484.976,58.691,12.645,5.886063083618061,895.1558073691783,84.63386679356152,72.65827845528456,167.50279715563954,,,,,,31739118.93,55.34166666666667,8305.718910394333,1866.022503611,224.667187,221409512788500.0,0.4793152393416257,0.1,5.886063083618061,,,0.7461518089531524,1.1276857297013143,0.0116968678887898,1.0,55.34166666666667,,,,,,
MENA-other,2002,bloc,228647172.0,2022905196468.0,3498.598,12.94,415.47,417.7900000000001,0.0,0.25,12.66,0.0,1777.2,1658.192,63.205000000000005,99.09425,0.90575,2.0268,56966.01893333333,2.3200000000000003,276.41,1021.972,12.501066666666668,464.529,60.493,42.391,5.986420075457185,859.2920125916003,86.45825530716843,73.04221951219512,244.1013402069485,,,,,,38797544.57000001,53.425,8847.278445534415,2022.905196468,228.647172,225331788006000.0,0.5608792653770823,0.1,5.986420075457185,,,0.7398144243133781,1.1294909281517815,0.0116968678887898,1.0,53.425,,,,,,
MENA-other,2003,bloc,232845418.0,2202980195023.0,3589.3899999999994,16.33,439.25,441.9500000000001,0.0,0.26,16.03,0.0,1815.255,1712.478,61.656000000000006,98.810625,1.189375,2.7136,57318.334200000005,2.7,290.69,1101.117,13.013933333333334,514.116,59.557,24.909,6.13629046303931,820.0758999267144,91.591230995328,73.26721341463414,227.9509413830472,,,,,,46164737.61,58.11666666666667,9461.127532357112,2202.980195023,232.845418,229469159439000.0,0.5496152899249209,0.1,6.13629046303931,,,0.7295660395683627,1.1315370917745238,0.0116968678887898,1.0,58.11666666666667,,,,,,
MENA-other,2004,bloc,237867658.0,2463979872223.0,3923.318,20.08,467.38,471.0,0.0,0.29,19.75,0.0,1948.327,1907.038,67.952,98.745625,1.254375,2.9984666666666664,60669.30393333334,3.620000000000001,306.86,1151.439,12.7422,514.0780000000001,62.764,20.674,5.992632517223619,829.6229349857556,97.61949992622093,73.56189024390244,249.08706743777933,,,,,,46349315.21,65.89999999999999,10358.616606142396,2463.979872223,237.867658,234418576959000.0,0.5777747123395608,0.1,5.992632517223619,,,0.7160586950225926,1.1345287220204747,0.0116968678887898,1.0,65.89999999999999,,,,,,
MENA-other,2005,bloc,243241890.0,2660339907558.0,4141.397,28.34,508.69999999999993,510.73,0.0,0.32,27.99,0.0,2043.854,2026.687,70.85300000000001,98.918125,1.081875,4.0694,63236.23633333333,2.03,330.81000000000006,1218.095,12.851733333333332,524.131,64.802,28.668,5.995044478240004,838.4831143311826,100.5397030325018,73.8640650406504,249.4860571399305,55.36000000000001,,,,,42293170.06,67.63333333333334,10937.013799547438,2660.339907558,243.24189,239714882595000.0,0.5830961826137188,0.1,5.995044478240004,0.1148465344988686,0.0502093849832616,0.7088582183371047,1.136456712665158,0.0116968678887898,1.0,67.63333333333334,0.0155,1.0,0.0,42.603,5.376,
MENA-other,2006,bloc,248945306.0,2935603680471.0,4378.506,31.590000000000003,546.95,552.17,0.0,0.35,31.200000000000003,0.0,2147.866,2154.678,75.962,98.891625,1.108375,3.6978,60869.83246666667,5.219999999999999,355.26,1261.016,12.947599999999998,539.255,67.599,-7.258999999999999,5.97254606315155,827.4740288216453,98.81153259488364,73.99614024390245,290.27535018770044,,,,,,48773702.41,72.85833333333333,11792.163217052184,2935.603680471,248.945306,245335599063000.0,0.6300526195543706,0.1,5.97254606315155,,,0.7029204405963482,1.1393072107235074,0.0116968678887898,1.0,72.85833333333333,0.0186,1.2,-0.2,49.019,5.559,
MENA-other,2007,bloc,254758533.0,3239797004688.0,4640.891,29.92,584.17,590.5899999999999,0.0,0.46,29.42,0.0,2180.153,2394.533,66.205,98.969375,1.030625,3.380866666666667,57902.3294,6.419999999999999,381.43,1263.668,12.016333333333336,519.694,67.869,-26.408,5.92044940763209,815.9877348874095,101.7531037940637,74.34143089430894,261.9733659047566,,,,,,42467087.73,94.55833333333334,12717.128515919034,3239.797004688,254.758533,251064534271500.0,0.6091357434809934,0.1,5.92044940763209,,,0.6940239290340081,1.1423904283863968,0.0116968678887898,1.0,94.55833333333334,0.0162,1.0452,-0.0452,42.743,5.909,
MENA-other,2008,bloc,260479083.0,3543222095931.0,5012.306,16.48,617.9,623.38,0.0,0.54,15.9,0.0,2324.255,2618.275,69.77600000000001,99.367125,0.632875,2.199,57315.51226666666,5.48,412.22,1367.313,12.017,525.734,67.843,-37.299,5.721771368843914,804.248175170372,105.5264317188872,74.78367073170732,355.8027946751345,,,,,,26394976.88,117.74166666666667,13602.7125676383,3543.222095931,260.479083,256702136296500.0,0.6546271177393008,0.1,5.721771368843914,,,0.6866440619363475,1.145342375225461,0.0116968678887898,1.0,117.74166666666667,0.0129,0.8323,0.1677,26.643,5.979,
MENA-other,2009,bloc,266050267.0,3761586450720.0,5070.385,16.599999999999998,646.1700000000001,653.77,0.01,0.72,15.829999999999998,0.0,2292.681,2728.125,49.578,99.051125,0.948875,2.616466666666667,54426.8564,7.6,431.81,1421.313,11.707,524.4479999999999,69.748,-6.181999999999999,5.638320560136594,791.881868052757,95.04496407968784,75.17628048780487,202.6269865390943,,,,,,44764944.370000005,91.8,14138.630617198363,3761.58645072,266.050267,262192538128500.0,0.5622125727675711,0.1,5.638320560136594,,,0.6871331141103257,1.1471287687239946,0.0116968678887898,1.0,91.8,0.0184,1.1871,-0.1871,44.986,6.114,
MENA-other,2010,bloc,271522103.0,4060991763008.0,5383.5960000000005,23.4,709.06,717.5799999999999,0.03,0.97,22.35,0.0,2399.679,2926.49,57.42699999999999,98.855625,1.144375,3.0647999999999995,57182.55786666666,8.520000000000001,471.2900000000001,1493.241,12.075133333333332,545.189,70.617,-2.129000000000005,5.61471748449932,780.7818898664609,95.47093313886496,75.4875182926829,309.4523949779614,59.26857142857143,3060.3899999999994,,,,42516785.900000006,106.88333333333333,14956.394776479763,4060.991763008,271.522103,303301688012062.0,0.6661358336605105,0.1,5.61471748449932,0.1303669869411994,0.0481729042324246,0.6798924437238036,1.1498546492549326,0.0116968678887898,1.0,106.88333333333333,,,,,,
MENA-other,2011,bloc,277054398.0,4202424980476.0,5663.897,21.72,719.9,728.8,0.03,1.01,20.62,0.11,2488.294,3118.595,57.00599999999999,99.131,0.867625,2.4786,57132.27333333333,8.9,477.41,1536.149,12.013133333333334,537.267,69.522,-3.2780000000000022,5.782999407906434,768.1551763055614,100.52957949120632,75.58535365853659,277.22995117375234,,3043.7761538461536,,,,40812110.72,131.76666666666668,15168.230538163123,4202.424980476,277.054398,307801423031969.5,0.6451233245367336,0.1,5.782999407906434,,,0.6735980788486406,1.150560768460544,0.0116968678887898,1.0,131.76666666666668,,,,,,
MENA-other,2012,bloc,282736786.0,4364591315229.0,5901.32,24.77,755.1099999999999,763.7600000000001,0.03,1.21,23.46,1.45,2582.768,3252.088,66.463,99.106375,0.8753749999999999,2.903,59029.18126666666,8.649999999999999,497.66,1622.442,12.465866666666669,552.749,71.28099999999999,8.149999999999999,5.923366700014662,757.5202866103505,105.25489629506184,76.04508536585367,391.5172324335174,,3031.1761538461533,,,,39481811.1,122.75,15436.94181778313,4364.591315229,282.736786,312814126291480.56,0.6713073643901946,0.1,5.923366700014662,,,0.6713588181851406,1.1514564727259438,0.0116968678887898,1.0,122.75,,,,,,
MENA-other,2013,bloc,288522932.0,4400742326334.0,6216.362999999999,29.32,788.2700000000001,795.25,0.16,1.95,27.07,4.26,2808.7290000000003,3337.6670000000004,69.968,98.84799999999998,1.101,3.604133333333333,60391.52419999999,6.980000000000001,514.6,1623.204,11.668066666666668,549.0740000000001,72.18,0.3879999999999945,6.015019632145962,745.5032069743191,104.8211431335368,76.30015040650407,384.43309662721657,,3032.8246153846144,,,,45221495.41,120.14166666666668,15252.66049332259,4400.742326334,288.522932,319389399349477.6,0.6709790517823611,0.1,6.015019632145962,,,0.6728944958889784,1.1508422016444086,0.0116968678887898,1.0,120.14166666666668,,,,,,
MENA-other,2014,bloc,294238485.0,4516258707304.0,6402.53,25.65,835.74,844.8700000000001,0.4499999999999999,2.6499999999999995,22.35,4.07,2724.05,3592.518,85.96100000000001,99.0375,0.916,2.815066666666666,58124.8014,9.13,550.6899999999999,1679.5189999999998,11.187066666666665,546.292,71.321,-18.277,5.867425814171125,733.0538987282946,99.1357701853559,76.47836178861787,399.0295826542538,,3024.071538461539,,,,41780826.36,114.975,15348.97349442239,4516.258707304,294.238485,324776353223118.0,0.6722501198049966,0.1,5.867425814171125,,,0.6729561173611243,1.151163244981408,0.0116968678887898,1.0,114.975,,,,,,
MENA-other,2015,bloc,299833298.0,4577496124137.0,6631.312,23.380000000000003,866.6400000000001,878.52,0.7,3.27,19.22,3.5,2656.145,3886.333,88.836,98.969125,0.99075,2.5432,58519.59366666667,11.88,573.8399999999999,1704.4009999999998,11.116666666666667,556.366,69.878,18.825000000000003,5.830892937423414,683.7113437993771,91.8685787872114,76.73379674796747,334.6879887006116,98.58571428571427,2992.032307692308,,,,44065129.14,93.06666666666666,15266.80376952996,4577.496124137,299.833298,327445483806346.44,0.6726038567896928,0.1,5.830892937423414,0.1861870094238249,0.0338987307508369,0.6809080564667056,1.1508893458984333,0.0116968678887898,1.0,93.06666666666666,,,,,,
MENA-other,2016,bloc,305403850.0,4802823449014.0,6843.731000000001,27.99,887.9900000000001,899.72,1.65,4.089999999999999,22.07,6.47,2724.697,4033.155,85.881,98.854125,1.076125,3.1948,56183.469266666674,11.73,584.03,1714.69,10.7096,621.6309999999999,69.695,12.5,6.004202495732422,675.0489700078705,85.57555552274506,76.82421544715449,248.5138914878064,,2956.552307692308,,,,38583765.13,91.95833333333331,15726.139172816584,4802.823449014,305.40385,329573996985899.6,0.62449910912007,0.1,6.004202495732422,,,0.6833732847037834,1.152420463909389,0.0116968678887898,1.0,91.95833333333331,,,,,,
MENA-other,2017,bloc,310714173.0,4903864441926.0,6987.43,30.02,939.68,946.75,3.2299999999999995,4.31,22.26,6.96,2811.029,4082.594,93.809,98.9445,0.9835,3.2678,55400.8268,7.069999999999999,618.25,1788.0130000000004,10.744266666666666,632.432,71.184,-13.923000000000002,6.032040062871055,671.6830468716688,88.79281788482467,77.15875609756098,249.78996073527128,97.41428571428573,2944.264615384616,,,,42015099.870000005,97.925,15782.55795214723,4903.864441926,310.714173,333911031947773.75,0.6273320352703896,0.1,6.032040062871055,0.185836394880368,0.0341337474892396,0.6796858658472817,1.1526085265071575,0.0116968678887898,1.0,97.925,,,,,,
MENA-other,2018,bloc,315979369.0,4976661990606.0,7145.669,26.33,970.14,974.49,5.329999999999999,5.829999999999999,14.91,6.89,2860.3740000000003,4177.344,107.953,98.79525,1.136125,4.1782,54768.4416,4.3500000000000005,642.6700000000001,1788.283,10.572133333333332,633.5709999999999,72.041,43.582,5.933252718387034,673.6131610682454,91.81371638944556,77.45311382113822,260.6939704444758,,2940.830769230769,,,,43346359.78,95.74166666666667,15749.95863291948,4976.661990606,315.979369,339173275541022.9,0.6390576257973679,0.1,5.933252718387034,,,0.6769366283362255,1.1524998621097318,0.0116968678887898,1.0,95.74166666666667,,,,,,
MENA-other,2019,bloc,321201755.0,4971839905673.0,7386.509,59.0,1015.94,1015.13,9.449999999999998,6.889999999999999,42.42999999999999,6.41,2902.241,4358.779,125.485,98.33075,1.609,5.492,55402.71693333333,-0.8100000000000005,654.0,1889.356,10.900866666666666,618.3649999999999,74.743,40.182,5.762273249158453,676.5526036332966,90.74501112511768,77.7260630081301,277.3431359369389,65.69142857142859,3029.536,,,,50575726.72,94.925,15478.869054351837,4971.839905673,321.201755,355178682213023.25,0.6548628775044495,0.1,5.762273249158453,0.1406651726358796,0.045003150526064,0.6802644134219503,1.1515962301811729,0.0116968678887898,1.0,94.925,0.0217,1.0534,-0.0534,50.108,7.544,
MENA-other,2020,bloc,325895376.0,4688148837072.0,7254.123,50.44,1019.23,1020.33,11.999999999999998,7.619999999999999,30.57,7.96,2629.061,4495.819,129.24200000000002,98.346875,1.5535,5.895466666666665,51848.82826666667,1.1000000000000003,661.92,1821.72,10.279066666666669,569.817,74.827,10.948,5.934117853332695,670.3905360436519,83.26125103601542,76.07224796747968,342.0079560598485,,3031.14,,,,47745219.620000005,98.05833333333334,14385.44140949088,4688.148837072,325.895376,360559596153153.6,0.6643932296739852,0.1,5.934117853332695,,,0.6968600705515606,1.1479514713649697,0.0116968678887898,1.0,98.05833333333334,0.0195,0.9466,0.0534,47.461,7.991,
MENA-other,2021,bloc,330946582.0,4914256169292.0,7494.031999999999,43.57,1073.34,1073.04,15.04,8.46,19.81,14.09,2864.898,4487.567,141.564,98.21575,1.489875,6.617400000000002,54438.87266666667,-0.3000000000000007,700.7299999999999,1912.304,10.440933333333334,604.298,76.814,-0.1099999999999994,5.980417136942724,663.8656431018076,100.69849230266152,75.42171544715445,333.09748558666416,44.205714285714286,3006.508666666666,,,,41375336.86,125.74166666666667,14849.091776666242,4914.256169292,330.946582,363172724950149.3,0.6651882349912612,0.1,5.980417136942724,0.1090107294416656,0.0534719995217599,0.6762575685277814,1.1494969725888875,0.0116968678887898,1.0,125.74166666666667,0.0202,0.9806,0.0194,41.262,7.77,
MENA-other,2022,bloc,337417967.0,5106021130736.0,7819.161,48.79999999999998,1113.91,1112.7399999999998,19.32,10.4,18.82,26.67,3022.805,4656.303,140.05499999999998,97.999625,1.485375,9.772333333333334,55106.5794,-1.1700000000000008,717.85,1965.1220000000003,10.744466666666664,631.4100000000001,77.013,6.369999999999999,5.821293214165945,662.3041064147651,113.50153119950994,77.56373373983739,243.2757511550429,,2969.494,,,,36977451.36,144.51666666666665,15132.629646648307,5106.021130736,337.417967,365715629402024.8,0.6179143031752616,0.1,5.821293214165945,,,0.6738947529445974,1.150442098822161,0.0116968678887898,1.0,144.51666666666665,0.0186,0.9029,0.0971,36.846,7.758,0.3759
MENA-other,2023,bloc,344342628.0,,8111.49,67.11,1176.73,1178.54,28.67,11.760000000000002,26.22,41.08,3123.157,4856.489,131.842,97.329625,1.879375,9.727466666666665,56222.519133333335,1.8100000000000005,736.8000000000001,2037.58,10.904733333333333,643.27,78.21,8.841000000000003,5.876788554305963,,112.85957444733256,77.92965040650407,295.26444852990335,,2937.1360000000004,,,,44961544.36,124.525,,,344.342628,369154112097194.0,,,5.876788554305963,,,,,0.0116968678887898,1.0,124.525,0.021,1.0194,-0.0194,44.8,7.835,
Nigeria,2000,hub,126382490.0,268133056679.0,,5.64,14.74,14.72,0.0,0.0,5.63,0.0,,,,,,38.263,1704.075,-0.02,6.07,96.831,0.766,286.267,26.101,195.707,38.4290215971101,4.66199095022624,,47.143,5.35714285714286,19.2,,,,,21370000.0,53.65,2121.59973014458,268.133056679,126.38249,101485139470000.0,0.1858881998816361,0.9533800904977376,38.4290215971101,0.0421839993253614,0.0738681764705882,,1.107071999100482,0.0246313885267503,,53.65,,,,,,1.2158
Nigeria,2001,hub,129862594.0,293371700731.0,,5.92,15.47,15.44,0.0,0.0,5.91,0.0,,,,,,38.268,1880.878,-0.03,6.37,100.218,0.772,285.049,26.242,155.831,39.1438013988164,4.77674208144796,,47.549,6.19898460071246,,,,,,20090000.0,55.34166666666667,2259.0931822215102,293.371700731,129.862594,104279662982000.0,0.1890796058155225,0.9522325791855204,39.1438013988164,,,,1.107530310607405,0.0246313885267503,,55.34166666666667,,,,,,
Nigeria,2002,hub,133471995.0,344836483316.0,,8.24,21.55,21.52,0.0,0.0,8.23,0.0,,,,,,38.237,1880.187,-0.03,8.88,89.906,0.674,242.577,26.522,120.806,39.1844263645048,4.89149321266968,,48.02,4.31467159829635,,,,,,21373000.0,53.425,2583.586791491354,344.836483316,133.471995,107178011985000.0,0.1910209364827485,0.9510850678733032,39.1844263645048,,,,1.108611955971638,0.0246313885267503,,53.425,,,,,,
Nigeria,2003,hub,137202646.0,387284228400.0,,7.46,20.2,20.16,0.0,0.0,7.45,0.0,,,,,,36.931,1946.971,-0.04,8.49,100.03,0.729,267.581,27.735,113.243,39.2184634979193,5.0062443438914,,48.618,6.01738570508693,,,,,,22736000.0,58.11666666666667,2822.7169059115668,387.2842284,137.202646,110173724738000.0,0.1964284395876346,0.949937556561086,39.2184634979193,,,,1.1094090563530383,0.0246313885267503,,58.11666666666667,,,,,,
Nigeria,2004,hub,141057045.0,438814816180.0,,8.12,24.29,24.27,0.0,0.0,8.11,0.0,,,,,,33.429,1961.007,-0.02,10.74,94.962,0.673,261.971,27.957,100.084,39.2535986033796,5.12099547511312,,49.148,4.44963777237,,,,,,24321000.0,65.89999999999999,3110.9032248619696,438.81481618,141.057045,113268807135000.0,0.1986525220165478,0.9487900452488688,39.2535986033796,,,,1.1103696774162066,0.0246313885267503,,65.89999999999999,,,,,,
Nigeria,2005,hub,145017256.0,481797619872.0,,7.78,23.55,23.55,0.0,0.0,7.77,0.0,,,,,,33.036,2102.179,0.0,10.47,101.666,0.701,255.255,30.066,63.855,39.2876357367941,5.23574660633484,,49.538,7.24118271756749,24.32,,,,,26031000.0,67.63333333333334,3322.3468238290207,481.797619872,145.017256,116448856568000.0,0.2042301615430942,0.9476425339366517,39.2876357367941,0.0523538670595725,0.07109,,1.1110744894127635,0.0246313885267503,,67.63333333333334,0.0143,1.0,0.0,25.936,0.918,
Nigeria,2006,hub,149077335.0,527631752471.0,,6.27,23.12,23.12,0.0,0.0,6.26,0.0,,,,,,27.119,1838.13,0.0,11.14,90.097,0.604,238.028,29.954,52.854,39.3227708422544,5.3172850678733,,49.876,10.3152677723795,,,,,,28864000.0,72.85833333333333,3539.315701283498,527.631752471,149.077335,119709100005000.0,0.2099436469574067,0.946827149321267,39.3227708422544,,,,1.1117977190042785,0.0246313885267503,,72.85833333333333,0.0152,1.0629,-0.0629,28.784,0.897,
Nigeria,2007,hub,153267254.0,581001445796.0,,6.24,22.99,22.99,0.0,0.0,6.23,0.0,,,,,,27.142,1643.461,0.0,11.08,82.17,0.536,224.094,29.632,20.41,39.3568079756689,5.39882352941177,,50.381,4.34054958850607,,,,,,27171000.0,94.55833333333334,3790.7735059701663,581.001445796,153.267254,123073604962000.0,0.2074276670792876,0.9460117647058824,39.3568079756689,,,,1.1126359116865674,0.0246313885267503,,94.55833333333334,0.0141,0.986,0.014,27.102,0.987,
Nigeria,2008,hub,157595014.0,638908028616.0,,5.73,21.12,21.12,0.0,0.0,5.72,0.0,,,,,,27.131,1969.013,0.0,10.18,86.489,0.549,219.135,30.325,122.092,39.3919430811292,5.48036199095023,,50.748,5.89698135295593,,,,,,30209000.0,117.74166666666667,4054.113213353311,638.908028616,157.595014,126548796242000.0,0.2120349910106054,0.9451963800904976,39.3919430811292,,,,1.113513710711178,0.0246313885267503,,117.74166666666667,0.016,1.1189,-0.1189,30.139,1.011,
Nigeria,2009,hub,162049466.0,709931188516.0,,4.54,19.79,19.79,0.0,0.0,4.53,0.0,,,,,,22.941,1211.625,0.0,10.06,77.031,0.475,212.871,29.696,55.711,40.4844252665327,5.56190045248869,,51.08,4.56587654588848,,,,,,21267630.0,91.8,4380.953581889618,709.931188516,162.049466,130125721198000.0,0.2140545866996623,0.9443809954751132,40.4844252665327,,,,1.1146031786062989,0.0246313885267503,,91.8,0.0154,1.0769,-0.0769,21.194,1.036,
Nigeria,2010,hub,166642888.0,809999411809.0,,6.38,26.13,26.13,0.0,0.0,6.37,0.0,,,,,,24.416,1445.278,0.0,13.04,112.05,0.672,222.123,31.994,60.891,39.461115320004,5.64343891402715,,51.315,11.2145520311631,33.92,2566.17,,,,24650297.14,106.88333333333333,4860.68995521129,809.999411809,166.642888,156086402663120.4,0.224730916438454,0.9435656108597285,39.461115320004,0.0696397248880282,0.066998294117647,,1.1162022998507044,0.0246313885267503,,106.88333333333333,,,,,,
Nigeria,2011,hub,171379602.0,871103799000.0,,5.89,27.04,27.04,0.0,0.0,5.88,0.0,,,,,,21.783,2022.947,0.0,13.94,126.115,0.736,233.312,33.009,42.591,39.4951524534185,5.64343891402715,,51.49,6.20177365099664,,2528.97,,,,20699525.8,131.76666666666668,5082.890780665951,871.103799,171.379602,158196063305528.1,0.2218171239534755,0.9435656108597285,39.4951524534185,,,,1.1169429692688866,0.0246313885267503,,131.76666666666668,,,,,,
Nigeria,2012,hub,176200627.0,908380661120.0,,5.69,28.74,28.74,0.02,0.0,5.66,0.0,,,,,,19.798,1987.339,0.0,15.17,110.125,0.625,238.341,34.195,30.355,39.5302875588788,5.64343891402715,,51.688,8.42718662333694,,2511.17,,,,21427122.03,122.75,5155.377007370127,908.38066112,176.200627,161501450903810.38,0.2252246019665888,0.9435656108597285,39.5302875588788,,,,1.1171845900245672,0.0246313885267503,,122.75,,,,,,
Nigeria,2013,hub,181049440.0,957382666012.0,,5.37,28.93,28.93,0.02,0.0,5.33,0.0,,,,,,18.562,2503.916,0.0,15.5,117.401,0.648,228.363,35.267,27.973,39.5643246922933,5.64343891402715,,51.827,8.50913026586002,,2502.36,,,,20612563.18,120.14166666666668,5287.962591941737,957.382666012,181.04944,165363569987616.0,0.22668103774155,0.9435656108597285,39.5643246922933,,,,1.1176265419731393,0.0246313885267503,,120.14166666666668,,,,,,
Nigeria,2014,hub,185896917.0,1017790765613.0,,5.39,32.28,32.28,0.02,0.0,5.35,0.0,,,,,,16.698,2658.422,0.0,17.67,123.971,0.667,231.686,35.746,22.81,39.5994597977536,5.64343891402715,,51.94,8.95755004713581,,2562.22,,,,26383664.0,114.975,5475.027676833392,1017.790765613,185.896917,173852711516645.1,0.2287753816181819,0.9435656108597285,39.5994597977536,,,,1.1182500922561114,0.0246313885267503,,114.975,,,,,,
Nigeria,2015,hub,190671883.0,1044789628210.0,,6.47,33.17,33.17,0.03,0.0,6.42,0.0,,,,,,19.506,2458.865,0.0,17.57,110.525,0.58,230.338,35.73,22.51,39.6334969311681,5.64343891402715,,51.939,7.96584203673435,88.16,2560.7,,,,26069496.24,93.06666666666666,5479.515971476508,1044.78962821,190.671883,178212524141306.5,0.2278100661603032,0.9435656108597285,39.6334969311681,0.1471227899286912,0.0477573529411764,,1.1182650532382552,0.0246313885267503,,93.06666666666666,,,,,,
Nigeria,2016,hub,195443698.0,1027896680223.0,,8.21,36.54,34.6,0.03,0.0,8.15,0.0,,,,,,22.469,2431.617,-1.94,18.68,116.396,0.596,221.453,38.149,18.836,39.6686320366283,5.64343891402715,,52.189,10.734949763348,,2561.62,,,,27531583.48,91.95833333333331,5259.298154617398,1027.896680223,195.443698,182738157269827.38,0.2299934080490325,0.9435656108597285,39.6686320366283,,,,1.1175309938487248,0.0246313885267503,,91.95833333333331,,,,,,
Nigeria,2017,hub,200254580.0,1036180414988.0,,7.8,32.24,29.78,0.03,0.0,7.75,0.0,,,,,,24.194,2297.201,-2.46,16.12,112.54,0.562,225.834,39.234,36.938,39.7026691700429,5.64343891402715,,52.397,20.295907079646,66.64,2558.58,,,,27102164.73,97.925,5174.315688500108,1036.180414988,200.25458,187014087603186.0,0.2397219332382741,0.9435656108597285,39.7026691700429,0.1162317892212502,0.0551007647058823,,1.1172477189616672,0.0246313885267503,,97.925,,,,,,
Nigeria,2018,hub,204938752.0,1056103594567.0,,7.77,36.71,33.71,0.04,0.0,7.7,0.0,,,,,,21.166,2398.611,-3.0,19.07,106.786,0.521,229.374,39.531,47.441,39.9881419019072,5.64343891402715,,52.669,18.8412959912136,,2519.65,,,,28190605.17,95.74166666666667,5153.2644961505375,1056.103594567,204.938752,188476483164032.03,0.2390869808675113,0.9435656108597285,39.9881419019072,,,,1.117177548320502,0.0246313885267503,,95.74166666666667,,,,,,
Nigeria,2019,hub,209485637.0,1079426893318.0,,8.51,36.46,34.13,0.05,0.0,8.43,0.0,,,,,,23.341,2457.388,-2.33,18.44,127.859,0.61,237.142,40.18,36.147,40.4844252665327,5.64343891402715,,53.009,18.6103276198742,41.6,2533.71,,,,29797188.79,94.925,5152.748936758848,1079.426893318,209.485637,193733186462993.6,0.2400525754335606,0.9435656108597285,40.4844252665327,0.0811218723418971,0.0636127647058823,,1.1171758297891965,0.0246313885267503,,94.925,0.0164,1.0031,-0.0031,29.711,1.058,
Nigeria,2020,hub,213996185.0,1060059201469.0,,7.81,38.0,34.99,0.08,0.0,7.69,0.0,,,,,,20.553,2221.549,-3.01,19.89,124.899,0.584,216.406,42.039,52.141,40.4844252665327,5.64343891402715,,53.072,22.5588522456064,,2497.85,,,,29211452.39,98.05833333333334,4953.6359793937445,1060.059201469,213.996185,195103585306321.25,0.2428960332847019,0.9435656108597285,40.4844252665327,,,,1.1165121199313126,0.0246313885267503,,98.05833333333334,0.0163,0.9969,0.0031,29.126,1.081,
Nigeria,2021,hub,218529286.0,1098721596994.0,,8.1,39.2,36.14,0.1,0.0,7.94,0.0,,,,,,20.663,2345.254,-3.06,20.49,147.777,0.676,210.478,41.858,33.601,40.4844252665327,5.64343891402715,,53.455,17.9649598611412,24.32,2546.54,,,,29860718.74,125.74166666666667,5027.800241812898,1098.721596994,218.529286,203120152309210.6,0.2401483340222467,0.9435656108597285,40.4844252665327,0.0566175006045322,0.0694771176470588,,1.1167593341393764,0.0246313885267503,,125.74166666666667,0.0163,0.9969,0.0031,29.776,1.113,
Nigeria,2022,hub,223150906.0,1134448580250.0,,9.39,38.0,35.57,0.1,0.0,9.23,0.0,,,,,,24.711,2319.896,-2.43,18.9,131.441,0.589,202.906,40.807,38.489,40.4844252665327,5.64343891402715,,54.079,7.28113473638533,,2520.64,,,,30314053.56,144.51666666666665,5083.773131756857,1134.44858025,223.150906,205306331390441.6,0.2320400144382938,0.9435656108597285,40.4844252665327,,,,1.1169459104391897,0.0246313885267503,,144.51666666666665,0.0167,1.0214,-0.0214,30.23,1.129,1.3094
Nigeria,2023,hub,227882949.0,,,9.28,40.92,38.6,0.11,0.0,9.11,0.0,,,,,,22.678,2342.639,-2.32,20.88,129.376,0.568,208.27,41.822,41.191,40.4844252665327,,,54.462,4.23860924278585,,2470.11,,,,28048997.48,124.525,,,227.882949,205457022171352.4,,,40.4844252665327,,,,,0.0246313885267503,,124.525,0.0156,0.9541,0.0459,27.965,1.106,
Nordics,2000,bloc,4772157.0,252058679888.0,173.597,149.72000000000003,150.13000000000002,131.08,0.0,0.03,148.11,0.0,118.584,42.368,12.645,31.0765,68.9235,99.856,123995.16,-19.05,3.87,45.064,9.9035,9.122,5.159000000000001,2.492,1.846696708961895,0.3629168683554047,72.28014645876834,79.1439024390244,191.954387914385,72.16,,,,,1305420.0,53.65,52818.60590253003,252.058679888,4.772157,5573879376000.0,0.8234098476376125,0.996370831316446,1.846696708961895,0.243070514756325,0.0421553342898134,0.3875648043534814,1.2760620196751002,0.0091954620852665,0.1029172085181881,53.65,,,,,,0.8082
Nordics,2001,bloc,4798708.0,265087425960.0,174.557,128.7,129.28,132.85,0.0,0.03,126.97,0.0,123.813,39.263,11.481,32.008,67.992,99.761,116445.039,3.57,3.46,46.384,9.8465,9.869,5.147,2.437,1.8494346047247296,0.384508667285186,73.54891824205129,79.73780487804875,170.5076815458125,,,,,,1221040.0,55.34166666666667,55241.416222866654,265.08742596,4.798708,5604890944000.0,0.8202113363266641,0.996154913327148,1.8494346047247296,,,0.3661059465673933,1.2841380540762222,0.0091954620852665,0.1097832106738825,55.34166666666667,,,,,,
Nordics,2002,bloc,4825625.0,276704787928.0,175.349,138.04,138.59,128.88,0.0,0.08,136.28,0.0,123.334,41.903,10.11,31.308,68.69200000000001,99.7325,120568.508,-9.71,3.67,45.563,9.892,10.232,5.149,2.323,1.84532776108048,0.3828282150369573,68.11392277824675,79.74512195121955,175.6658323179885,,,,,,1143021.0,53.425,57340.71502199197,276.704787928,4.825625,5636330000000.0,0.8393906373904745,0.9961717178496304,1.84532776108048,,,0.3540467853718202,1.2911357167399733,0.0091954620852665,0.1055104621953087,53.425,,,,,,
Nordics,2003,bloc,4854282.0,287666829034.0,182.96,114.46,115.11,122.98,0.0,0.22,112.5,0.0,127.933,45.148,9.879,34.170500000000004,65.8295,99.641,113144.141,7.87,3.19,46.904,9.965,10.976,5.253,2.6100000000000003,1.8357451259105648,0.3860499802202033,66.86087484365295,80.17682926829269,168.1955918084,,,,,,1287340.0,58.11666666666667,59260.42801674893,287.666829034,4.854282,5669801376000.0,0.8462421563963867,0.996139500197798,1.8357451259105648,,,0.3393022250167727,1.2975347600558298,0.0091954620852665,0.1311415766413176,58.11666666666667,,,,,,
Nordics,2004,bloc,4883911.0,308335047002.0,182.269,117.93,118.64,130.09,0.0,0.25,115.84,0.0,123.47,47.741,11.058,34.152,65.848,99.6775,114207.9025,11.45,3.3,47.364,10.1365,11.063,5.267,2.698,1.833007230147735,0.4162350961887894,69.2022871101208,80.419512195122,176.57631510869652,,,,,,1444570.0,65.89999999999999,63132.81445996866,308.335047002,4.883911,5704408048000.0,0.8604098875620683,0.995837649038112,1.833007230147735,,,0.3307977128898792,1.3,0.0091954620852665,0.1305048573207791,65.89999999999999,,,,,,
Nordics,2005,bloc,4919972.0,326147636871.0,178.652,145.13,145.86,133.82,0.0,0.5,142.64,0.0,125.145,43.941,9.566,31.6015,68.3985,99.734,120870.965,-12.04,3.93,46.255,9.6935,10.334,5.252,3.317,1.82342459497782,0.411872847694795,70.8400649385189,80.7719512195122,176.2117843846115,78.24000000000001,,,,,1298530.0,67.63333333333334,66290.54735900936,326.147636871,4.919972,5746527296000.0,0.8612892592770075,0.995881271523052,1.82342459497782,0.269536,0.0393569612625537,0.3291599350614811,1.3,0.0091954620852665,0.1095228808842086,67.63333333333334,0.0518,1.0,0.0,16.413,0.912,
Nordics,2006,bloc,4964370.0,344233040043.0,179.907,130.25,131.07,131.92,0.0,0.64,126.59,0.0,128.083,43.426,8.399000000000001,31.789,68.21100000000001,99.662,119642.082,0.85,3.65,47.013000000000005,9.8955,10.918,4.98,3.263,1.817948803452155,0.4428378247566985,74.14539185758555,80.75121951219515,192.120060172386,,,,,,1169160.0,72.85833333333333,69340.73005094302,344.233040043,4.96437,5798384160000.0,0.8771243643330748,0.995571621752433,1.817948803452155,,,0.3258546081424144,1.3,0.0091954620852665,0.1116049291349529,72.85833333333333,0.0486,0.9382,0.0618,14.701,0.897,
Nordics,2007,bloc,5020679.0,365491636691.0,182.268,146.82999999999998,148.0,137.97,0.0,0.89,141.97,0.0,131.433,41.635,9.201,28.9325,71.0675,99.57,130913.855,-10.03,4.22,49.099,10.4485,11.732,4.739000000000001,3.52,1.79060636020423,0.459036533723437,72.78349659568195,80.92439024390245,207.292773164438,,,,,,1202380.0,94.55833333333334,72797.25246146985,365.491636691,5.020679,5864153072000.0,0.8929082681429172,0.9954096346627656,1.79060636020423,,,0.327216503404318,1.3,0.0091954620852665,0.0936621091833436,94.55833333333334,0.0505,0.9749,0.0251,14.986,0.923,
Nordics,2008,bloc,5085616.0,377974769554.0,175.06,156.69,157.53,143.67,0.0,0.91,151.34,0.0,123.774,42.009,9.276,24.8335,75.1665,99.7025,147607.40649999998,-13.86,4.32,48.503,10.6885,11.531,4.455,3.768,1.78033925109361,0.451838645831537,78.34401405974735,81.10121951219514,206.7184877529285,,,,,,1386930.0,117.74166666666667,74322.31799530283,377.974769554,5.085616,5939999488000.0,0.8929580860312643,0.9954816135416846,1.78033925109361,,,0.3216559859402527,1.3,0.0091954620852665,0.0662741812761803,117.74166666666667,0.0516,0.9961,0.0039,16.216,0.936,
Nordics,2009,bloc,5147244.0,382144330145.0,169.363,143.19,147.68,138.7,0.0,0.97,137.44,0.0,122.113,39.723,7.528,24.9405,75.0595,98.286,141654.7575,-8.98,5.58,46.828,10.317,11.014,4.062,3.625,1.761361072573465,0.444640758233754,78.23287975876775,81.2731707317073,151.4859589633895,,,,,,1054900.0,91.8,74242.51310895695,382.144330145,5.147244,6011980992000.0,0.838332443898827,0.9955535924176624,1.761361072573465,,,0.3217671202412323,1.3,0.0091954620852665,0.064671127301187,91.8,0.0558,1.0772,-0.0772,17.102,0.926,
Nordics,2010,bloc,5207323.0,395292384520.0,178.524,134.7,139.88,147.43,0.0,0.87,129.25,0.0,128.237,40.343,9.944,26.162,73.838,97.8965,139533.92200000002,7.55,5.74,49.286,10.369,10.729,4.385,4.899,1.7436697050618548,0.444622189713582,80.36483608472341,81.44756097560975,159.35141035639998,80.47999999999999,3440.665,,,,1205800.0,106.88333333333333,75910.86332075042,395.29238452,5.207323,6539578706275.175,0.8468133902703168,0.9955537781028642,1.7436697050618548,0.272672,0.038294769010043,0.3196351639152766,1.3,0.0091954620852665,0.0750101568210093,106.88333333333333,,,,,,
Nordics,2011,bloc,5272108.0,411136795145.0,175.669,138.76,142.78,139.7,0.0,1.29,132.66,0.0,124.509,40.243,10.916,25.528,74.472,98.404,139209.8435,-3.08,5.29,48.278,10.009,10.25,4.442,4.02,1.729275676225435,0.444345434246997,84.86599314089815,81.8268292682927,175.6621134938515,,3431.855,,,,1026770.0,131.76666666666668,77983.37878226319,411.136795145,5.272108,6603985223124.1,0.8644626873819434,0.99555654565753,1.729275676225435,,,0.3151340068591018,1.3,0.0091954620852665,0.0702765273614301,131.76666666666668,,,,,,
Nordics,2012,bloc,5339304.0,422117496511.0,174.849,160.88,163.47,145.65,0.0,1.54,153.93,0.0,124.345,39.869,10.636,23.5495,76.4505,99.114,144555.43349999998,-17.82,5.18,47.757000000000005,9.8625,8.923,4.474,4.401,1.715937562976725,0.4440229442562364,85.4658449694873,82.18414634146339,181.9031235861605,,3466.535,,,,1084690.0,122.75,79058.52457754794,422.117496511,5.339304,6755742729948.6,0.8719648165560314,0.9955597705574376,1.715937562976725,,,0.3145341550305127,1.3,0.0091954620852665,0.0595261940664228,122.75,,,,,,
Nordics,2013,bloc,5404017.0,426825766951.0,175.993,148.41,151.13,146.12,0.0,1.88,140.89,0.0,126.193,39.498,10.303,24.923,75.077,98.9785,142141.0115,-5.01,5.02,48.028,9.7695,8.989,4.422,4.855,1.7106787311599798,0.446062673236834,82.8354073899052,81.90609756097561,179.81019262384302,,3462.4,,,,965230.0,120.14166666666668,78983.05407829028,426.825766951,5.404017,6829466988192.0,0.868890536956698,0.9955393732676316,1.7106787311599798,,,0.3171645926100948,1.3,0.0091954620852665,0.0671085122760097,120.14166666666668,,,,,,
Nordics,2014,bloc,5464914.0,435523063467.0,176.67700000000002,155.74,158.68,143.1,0.0,2.23,148.02,0.0,123.294,42.449,10.933,24.537,75.463,98.9565,142250.9415,-15.58,5.28,48.42,9.6365,8.901,4.468,5.191,1.71125718630667,0.4447133507853405,82.21264832053521,82.48048780487804,198.13303464648249,,3458.8900000000003,,,,1238100.0,114.975,79694.40387662093,435.523063467,5.464914,6899425780692.901,0.8892406386636991,0.9955528664921466,1.71125718630667,,,0.3177873516794648,1.3,0.0091954620852665,0.0652986982865536,114.975,,,,,,
Nordics,2015,bloc,5520739.0,443936868960.0,181.251,158.62,161.55,146.9,0.0,2.53,150.84,0.0,126.138,45.094,10.019,25.078,74.922,98.9755,145387.2385,-14.65,5.319999999999999,49.064,9.7355,9.036,4.549,5.56,1.7085865001491,0.4373537881121035,82.66032964302005,82.38658536585365,176.022374279521,100.0,3465.425,,,,1362537.0,93.06666666666666,80412.58044620475,443.93686896,5.520739,6983073036412.375,0.8667985579237103,0.995626462118879,1.7085865001491,0.3,0.0310761119081779,0.3173396703569799,1.3,0.0091954620852665,0.0699757866107735,93.06666666666666,,,,,,
Nordics,2016,bloc,5571545.0,449783235548.0,177.411,163.32,166.2,149.79000000000002,0.0,2.12,155.9,0.0,123.502,43.466,10.444,25.2985,74.70150000000001,99.027,144798.20299999998,-16.41,5.4,48.202,9.475,8.973,4.522,5.916,1.70595794998755,0.4230530489682785,78.43842949790455,82.3060975609756,192.9700912736785,,3498.545,,,,1333389.0,91.95833333333331,80728.63730760498,449.783235548,5.571545,7114689829239.126,0.883462200312416,0.9957694695103172,1.70595794998755,,,0.3215615705020954,1.3,0.0091954620852665,0.0697030318751341,91.95833333333331,,,,,,
Nordics,2017,bloc,5620344.0,461106700714.0,180.386,164.54999999999998,167.34,152.18,0.0,2.86,156.26,0.0,124.101,45.439,10.846,25.9015,74.0985,99.059,146583.4495,-15.16,5.41,47.808,9.4435,8.916,4.525,6.456,1.7010529154309602,0.4374708192177395,77.73365772830641,82.63536585365856,173.7963941435935,100.0,3525.835,,,,1314700.0,97.925,82042.43382860551,461.106700714,5.620344,7232988039342.601,0.8654506265682708,0.9956252918078226,1.7010529154309602,0.3,0.0309736728837876,0.3222663422716936,1.3,0.0091954620852665,0.0742906641895091,97.925,,,,,,
Nordics,2018,bloc,5664611.0,465520224341.0,183.029,162.74,165.63,155.48,0.0,3.87,152.66,0.0,128.55,43.854,10.624,26.584,73.416,99.01,146096.6525,-10.15,5.390000000000001,48.137,9.38,9.035,4.512,6.489,1.69998203833106,0.43718569513397,79.4690963813187,82.809756097561,170.050332647689,,3567.565,,,,747000.0,95.74166666666667,82180.43998802389,465.520224341,5.664611,7376236798908.475,0.8623200600508455,0.9956281430486604,1.69998203833106,,,0.3205309036186813,1.3,0.0091954620852665,0.0794039569368897,95.74166666666667,,,,,,
Nordics,2019,bloc,5708442.0,470855577421.0,176.996,150.43,153.19,153.23000000000002,0.01,5.529999999999999,138.62,0.0,121.341,45.274,10.381,26.208,73.792,98.969,136022.438,0.04,5.03,46.419,8.932500000000001,8.573,4.521000000000001,6.896,1.698369849335465,0.436925440160148,77.34409323957149,83.0609756097561,163.9786232473895,83.68,3608.56,,,,1304300.0,94.925,82484.078391442,470.855577421,5.708442,7518728244184.8,0.8571350077524109,0.9956307455983984,1.698369849335465,0.277152,0.0365104218077474,0.3226559067604285,1.3,0.0091954620852665,0.0746298886370965,94.925,0.0621,1.0222,-0.0222,16.982,1.039,
Nordics,2020,bloc,5745901.0,463909841472.0,162.93400000000003,170.92000000000002,173.20999999999998,152.74,0.08,9.92,154.72,0.0,109.427,43.57,9.938,21.4555,78.5445,99.258,130926.129,-20.47,5.220000000000001,44.614,8.39,8.648,4.514,6.882000000000001,1.70423356911888,0.4366455516784725,67.00450119369356,83.13658536585365,169.2550716947645,,3597.02,,,,1318587.0,98.05833333333334,80737.52775622135,463.909841472,5.745901,7543864097482.3,0.8626783141624832,0.9956335444832152,1.70423356911888,,,0.3329954988063064,1.3,0.0091954620852665,0.0460437387221858,98.05833333333334,0.0594,0.9778,0.0222,16.059,1.06,
Nordics,2021,bloc,5780729.0,482057631124.0,166.083,175.45,176.51999999999998,158.94,0.11,11.77,157.55,0.0,113.224,41.706,11.151,22.1005,77.8995,99.6595,133994.9805,-17.58,4.7700000000000005,44.549,8.4795,8.807,4.656,7.51,1.7035968524142548,0.431169772097321,73.72721938052715,83.16463414634146,175.2952027054805,56.32,3575.465,,,,1192190.0,125.74166666666667,83390.45665762917,482.057631124,5.780729,7544109888104.525,0.8688174408690386,0.9956883022790268,1.7035968524142548,0.238848,0.0460437388809182,0.3262727806194728,1.3,0.0091954620852665,0.0497978922558276,125.74166666666667,0.0524,0.8626,0.1374,14.274,1.078,
Nordics,2022,bloc,5837164.0,498347992033.0,167.116,163.32,165.29,152.77,0.17,14.81,142.18,0.0,117.594,38.809,10.713,24.1385,75.8615,99.3225,132655.99599999998,-12.52,4.859999999999999,44.431,8.4705,8.829,4.515,7.995,1.7035968524142548,0.437109562673237,87.8290998988201,82.31463414634149,168.4729965873115,,3594.04,,,,1333900.0,144.51666666666665,85375.01979265959,498.347992033,5.837164,7657335329434.4,0.8589952347508698,0.9956289043732676,1.7035968524142548,,,0.3121709001011799,1.3,0.0091954620852665,0.0597750807732957,144.51666666666665,0.0616,1.014,-0.014,16.354,1.051,0.4029
Nordics,2023,bloc,5906726.0,,166.169,171.09,173.44,155.7,0.36,13.97,150.81,0.0,118.988,37.749,9.432,23.6995,76.3005,99.235,132618.234,-17.74,5.23,42.377,8.0475,8.841,4.494,8.143,1.702224244184095,,83.88439377616581,82.7341463414634,151.21685723989606,,3578.325,,,,792679.0,124.525,,,5.906726,7714707639591.75,,,1.702224244184095,,,,,0.0091954620852665,0.0572941070517573,124.525,0.0468,0.7704,0.2296,12.191,1.055,
Pacific/Oceania-other,2000,bloc,11044023.0,104942102861.0,146.035,29.42,42.02,42.02,0.0,0.12,25.56,0.0,74.423,58.753,12.86,64.636,35.364,39.3585,13241.932666666668,0.0,8.309999999999997,36.428,1.9345,41.075,15.742,52.274,2.5687760295267883,0.4525102958634755,82.41172117601832,68.82209756097562,711.3833765493986,40.373333333333335,,,,,886242.54,53.65,9502.162650421862,104.942102861,11.044023,10883884666500.0,0.6062492718062558,0.9954748970413652,2.5687760295267883,0.0902780732927213,0.0575308225729316,0.7384035900704662,1.1316738755014062,0.0139109423625027,0.4177812495999999,53.65,,,,,,0.4686
Pacific/Oceania-other,2001,bloc,11293171.0,107226686179.0,153.164,26.56,42.96,42.96,0.0,0.14,22.890000000000004,0.0,75.244,61.993,15.927,68.233,31.767,37.10966666666667,13211.985333333332,0.0,10.519999999999998,39.169,2.064,40.98400000000001,15.906,59.51900000000001,2.5222813413814973,0.4800084234975563,79.42410127927144,68.92194715447154,796.7429226652524,,,,,,970705.83,55.34166666666667,9494.82533993331,107.226686179,11.293171,11129420020500.0,0.6065527667329844,0.9951999157650244,2.5222813413814973,,,0.7414523542212843,1.1316494177997778,0.0139109423625027,0.4883021960162947,55.34166666666667,,,,,,
Pacific/Oceania-other,2002,bloc,11571212.0,112775904669.0,152.584,29.56,44.13,44.13,0.0,0.15,26.05,0.0,77.483,59.182,15.919,65.861,34.139,37.685833333333335,13145.265666666668,0.0,9.569999999999997,39.50299999999999,2.0221666666666667,42.085,16.254,48.452,2.413968896419709,0.5075065512335742,81.2644619399097,68.90005691056909,340.90738909639634,,,,,,968706.36,53.425,9746.248246856076,112.775904669,11.571212,11403429426000.0,0.6081516597614411,0.9949249344876644,2.413968896419709,,,0.737516802669623,1.132487494156187,0.0139109423625027,0.453219598619142,53.425,,,,,,
Pacific/Oceania-other,2003,bloc,11865258.0,118221542739.0,149.795,28.17,44.67,44.67,0.0,0.15,24.700000000000003,0.0,82.197,44.624,22.974,66.634,33.366,33.37266666666667,12963.419166666668,0.0,11.259999999999998,41.76,2.1023333333333336,42.014,16.584,60.666,2.377461865408595,0.5350046788676553,81.03251716907229,69.0655569105691,355.9766715036096,,,,,,974012.36,58.11666666666667,9963.672322927998,118.221542739,11.865258,11693211759000.0,0.6101852712489795,0.9946499532113234,2.377461865408595,,,0.735936880139861,1.1332122410764267,0.0139109423625027,0.4554410072647105,58.11666666666667,,,,,,
Pacific/Oceania-other,2004,bloc,12152926.0,123732222489.0,145.488,32.09,46.88,46.88,0.0,0.36,28.28,0.0,81.031,40.718,23.739,63.01,36.99,33.57433333333333,13518.6455,0.0,10.759999999999998,42.31099999999999,2.139333333333333,42.416,16.845000000000002,54.229000000000006,2.2766184990089937,0.5625028066036732,84.78594175514297,69.21763008130081,383.9816306686703,,,,,,791204.49,65.89999999999999,10181.2701310779,123.732222489,12.152926,11976708573000.0,0.6121726521411888,0.9943749719339632,2.2766184990089937,,,0.7303701404858746,1.1339375671035932,0.0139109423625027,0.3955388786447085,65.89999999999999,,,,,,
Pacific/Oceania-other,2005,bloc,12434146.0,127087212440.0,149.443,29.06,47.21999999999999,47.21999999999999,0.0,0.61,24.36,0.0,85.439,37.576,26.427,66.213,33.787,32.544666666666664,12842.500333333335,0.0,12.9,43.934,2.1366666666666667,43.41,16.692,52.044,2.177615289243524,0.590000934237754,75.2470961526527,69.35753658536585,405.98126610598666,42.34666666666666,,,,,902824.69,67.63333333333334,10220.823564400804,127.08721244,12.434146,12253850883000.0,0.6129301293580809,0.9940999906576224,2.177615289243524,0.0948373922443353,0.0566196810138689,0.7395793741440073,1.134069411881336,0.0139109423625027,0.4486473978617913,67.63333333333334,0.0725,1.0,0.0,0.859,1.378,
Pacific/Oceania-other,2006,bloc,12715302.0,130823651084.0,149.966,29.55,47.57999999999999,47.57999999999999,0.0,0.62,24.58,0.0,85.79,38.154,26.022,65.953,34.047,32.08166666666667,12940.143666666669,0.0,12.7,44.04,2.1323333333333334,44.48,16.571,85.292,2.073582449176784,0.6157472572754707,75.35082995851673,69.48446341463415,368.4074753498842,,,,,,818596.1699999999,72.85833333333333,10288.678246415224,130.823651084,12.715302,12530930121000.0,0.6138304709493201,0.9938425274272452,2.073582449176784,,,0.7389101846546898,1.1342955941547177,0.0139109423625027,0.4466886966897621,72.85833333333333,0.0684,0.9434,0.0566,0.78,1.361,
Pacific/Oceania-other,2007,bloc,12994691.0,136252900902.0,148.048,30.32,47.87,47.87,0.0,0.93,24.81,0.0,86.175,42.152,19.721,65.299,34.701,35.50166666666667,12938.470166666664,0.0,11.63,44.606,2.111333333333333,43.35,16.344,70.92399999999999,2.025164893732656,0.6232141278157374,78.88665743274858,69.51953658536586,351.8441417492657,,,,,,958975.84,94.55833333333334,10485.274401830717,136.252900902,12.994691,12806267980500.0,0.6152648996468293,0.9937678587218426,2.025164893732656,,,0.7337360558853288,1.1349509146727692,0.0139109423625027,0.4322735381239073,94.55833333333334,0.0773,1.0662,-0.0662,0.914,1.383,
Pacific/Oceania-other,2008,bloc,13274051.0,135932629621.0,150.742,29.74,47.89,47.89,0.0,1.07,23.520000000000003,0.0,87.225,39.045,24.472,66.164,33.836,35.7,12425.827333333333,0.0,12.53,44.381,2.048666666666666,43.096,15.942,79.674,1.9450188202855985,0.6306809983560008,82.8187600735966,69.72520325203253,323.22852374420046,,,,,,1029438.0,117.74166666666667,10240.478179645384,135.932629621,13.274051,13081577260500.0,0.6143588071852017,0.99369319001644,1.9450188202855985,,,0.731843921762692,1.1341349272654848,0.0139109423625027,0.4518776109650645,117.74166666666667,0.0718,0.9903,0.0097,0.984,1.402,
Pacific/Oceania-other,2009,bloc,13560414.0,136500728040.0,142.38,32.61,47.42,47.42,0.0,1.48,25.340000000000003,0.0,83.422,40.139,18.819,62.638,37.362,34.98216666666667,12292.2825,0.0,10.26,41.17400000000001,1.924166666666667,42.038,15.703,60.72400000000001,1.824139880783871,0.6381478688962674,77.84196860740616,69.5210731707317,259.31555089240084,,,,,,1154941.9900000002,91.8,10066.118043298678,136.50072804,13.560414,13363787997000.0,0.5717914980581509,0.9936185213110372,1.824139880783871,,,0.7382737143651048,1.1335537268109956,0.0139109423625027,0.3825320241618241,91.8,0.0686,0.9462,0.0538,1.104,1.312,
Pacific/Oceania-other,2010,bloc,13855984.0,139478805582.0,143.897,34.16,48.96,48.96,0.0,1.63,25.790000000000003,0.0,84.065,43.76,16.072,61.689,38.311,33.779,12761.539666666666,0.0,9.94,41.17699999999999,1.977833333333333,41.946,15.896000000000004,53.357,2.102049411629398,0.6456147394365307,84.16160225621668,70.07147967479675,270.8909363734496,48.16,2696.263333333334,,,,1029272.15,106.88333333333333,10066.322650343707,139.478805582,13.855984,13636174286355.469,0.5853108587769844,0.9935438526056348,2.102049411629398,0.1025898066258592,0.054291037780966,0.7319523756575858,1.133554408834479,0.0139109423625027,0.374981848155399,106.88333333333333,,,,,,
Pacific/Oceania-other,2011,bloc,14146206.0,142521900112.0,142.577,35.23,48.61000000000001,48.61000000000001,0.0,1.94,26.32,0.0,86.091,40.216,16.27,60.813,39.187,34.92783333333333,12436.180000000002,0.0,9.24,41.141,1.9425,42.07,15.936,55.377,2.332668974629709,0.7647278892836274,86.25491189095331,70.22734959349593,314.94835611767286,,2710.923333333333,,,,1029344.59,131.76666666666668,10074.920449483065,142.521900112,14.146206,13997487172092.1,0.6150273701892846,0.9923527211071638,2.332668974629709,,,0.7297874176966878,1.1335830681649437,0.0139109423625027,0.36106498517281,131.76666666666668,,,,,,
Pacific/Oceania-other,2012,bloc,14427033.0,146280651356.0,149.934,33.36,48.59,48.59,0.0,2.07,24.2,0.0,85.015,44.647,20.272,63.304,36.696,35.183,12285.294833333332,0.0,10.63,41.851,1.9528333333333328,42.34,16.114,54.58200000000001,2.6169734063111147,0.8838410391307207,87.22945274217085,70.14605284552846,304.7422956480327,,2696.9933333333333,,,,1192175.47,122.75,10139.344060279062,146.280651356,14.427033,14202008314584.7,0.6151699312292157,0.9911615896086928,2.6169734063111147,,,0.7282760134221703,1.1337978135342637,0.0139109423625027,0.4114390209446667,122.75,,,,,,
Pacific/Oceania-other,2013,bloc,14720647.0,149512485774.0,150.979,33.69,47.86,47.86,0.01,2.01,24.34,0.0,86.037,47.065,17.878,63.231,36.769,35.37933333333333,12254.151500000002,0.0,9.72,41.46600000000001,1.9355,41.87199999999999,16.112000000000002,67.63499999999999,2.889368822868072,1.002954188977814,84.9705233826344,70.34981300813008,278.77417628908927,,2719.4166666666665,,,,1132004.11,120.14166666666668,10156.65179485657,149.512485774,14.720647,14611524070509.582,0.5947786459305529,0.989970458110222,2.889368822868072,,,0.7303907116602275,1.1338555059828552,0.0139109423625027,0.4133516637548664,120.14166666666668,,,,,,
Pacific/Oceania-other,2014,bloc,15041218.0,154422989929.0,156.514,35.86,48.400000000000006,48.400000000000006,0.02,2.2,25.51,0.0,87.715,52.29,16.51,62.548,37.452,33.03783333333333,12650.332833333334,0.0,8.81,43.394,1.9965,42.65999999999999,16.279,60.687000000000005,3.176404054280306,1.1220673388249107,83.5630386117768,70.40080487804879,286.22098591183993,,2746.1733333333336,,,,1127177.21,114.975,10266.65459732051,154.422989929,15.041218,15076613996945.469,0.6031387788753253,0.9887793266117508,3.176404054280306,,,0.7308815064105523,1.1342221819910685,0.0139109423625027,0.4192982895252892,114.975,,,,,,
Pacific/Oceania-other,2015,bloc,15383199.0,160782215776.0,156.022,36.81,49.31000000000001,49.31000000000001,0.05,2.3599999999999994,25.71,0.0,91.329,48.019,16.673,61.857,38.143,34.541333333333334,12709.616,0.0,8.82,44.239,2.026666666666667,42.233,16.286,59.212,3.3827852006869734,1.1220673388249107,81.60820946941412,70.51857317073171,346.6060887515377,84.44,2718.563333333333,,,,1143847.74,93.06666666666666,10451.806270984338,160.782215776,15.383199,15264373274031.05,0.6185677902522819,0.9887793266117508,3.3827852006869734,0.1543455156774608,0.0414089404591104,0.7312934049390497,1.1348393542366146,0.0139109423625027,0.4087959574005396,93.06666666666666,,,,,,
Pacific/Oceania-other,2016,bloc,15733645.0,167418113760.0,156.323,38.39,49.190000000000005,49.190000000000005,0.09,2.33,27.18,0.0,94.553,47.974,13.796,61.183,38.817,36.0765,12639.505833333336,0.0,7.690000000000001,43.185,1.942,42.377,15.965,91.107,3.04305987083896,1.1220673388249107,79.87996150696858,70.65275609756098,317.79593583224465,,2712.6733333333336,,,,1127601.3199999998,91.95833333333331,10640.771020319831,167.41811376,15.733645,15578287318086.168,0.6203011420484259,0.9887793266117508,3.04305987083896,,,0.7314469466570328,1.1354692367343997,0.0139109423625027,0.400707491627998,91.95833333333331,,,,,,
Pacific/Oceania-other,2017,bloc,16079846.0,174187918857.0,163.609,37.23,49.35,49.35,0.11,2.07,26.24,0.0,99.151,49.921,14.536,62.915,37.085,31.714166666666667,12692.253833333334,0.0,8.43,44.328,1.961833333333333,42.244,16.076,71.54899999999999,2.6512619492681955,1.1220673388249107,78.96961199747595,70.83075609756098,367.8514511314175,84.27333333333335,2728.366666666667,,,,969214.71,97.925,10832.685764341277,174.187918857,16.079846,16013176278509.666,0.6222088089693532,0.9887793266117508,2.6512619492681955,0.1550643810775199,0.0413387278813964,0.7307580066330134,1.1361089525478043,0.0139109423625027,0.4434642727325812,97.925,,,,,,
Pacific/Oceania-other,2018,bloc,16414520.0,181445758308.0,160.122,38.2,49.52,49.52,0.1399999999999999,2.05,27.49,0.0,99.426,45.023,15.673,61.902,38.098,38.40416666666667,12504.036,0.0,8.17,45.466,1.9775,42.14599999999999,16.233999999999998,61.083,2.2791617695405004,1.1220673388249107,83.46901759932857,70.87838617886179,363.5361164326742,,2742.1083333333336,,,,1008101.26,95.74166666666667,11053.978934991705,181.445758308,16.41452,16428793109078.336,0.6238522029429863,0.9887793266117508,2.2791617695405004,,,0.7244144912757406,1.1368465964499723,0.0139109423625027,0.4201490760897649,95.74166666666667,,,,,,
Pacific/Oceania-other,2019,bloc,16743275.0,187274507980.0,166.522,37.95,49.53000000000001,49.53000000000001,0.17,2.24,26.950000000000003,0.0,101.83,48.044,16.648,63.1,36.9,40.20483333333333,12558.118,0.0,8.5,46.52499999999999,2.0016666666666665,41.752,16.115000000000002,55.96,2.245790606599375,1.1220673388249107,80.04172848540945,70.90484959349594,325.64514433179465,52.10666666666666,2749.06,,,,1052050.6800000002,94.925,11185.05835805719,187.27450798,16.743275,16800317663597.5,0.6248194660503669,0.9887793266117508,2.245790606599375,0.1109119792284762,0.0525665521281683,0.726749451864114,1.1372835278601907,0.0139109423625027,0.4540183246618961,94.925,0.0814,0.9537,0.0463,1.005,1.435,
Pacific/Oceania-other,2020,bloc,17055938.0,184971347287.0,145.762,36.98,48.900000000000006,48.900000000000006,0.2,2.29,25.660000000000004,0.0,84.275,45.726,15.76,60.725,39.275,40.57083333333333,11108.220166666668,0.0,8.639999999999999,44.122,1.8698333333333328,41.044,15.979,57.541,2.2428866474304137,1.1220673388249107,62.89934357484362,70.77084959349594,337.5817760562309,,2761.611666666666,,,,1054913.92,98.05833333333334,10844.982391880178,184.971347287,17.055938,17192185238861.312,0.6220793517660496,0.9887793266117508,2.2428866474304137,,,0.7467258031594882,1.1361499413062677,0.0139109423625027,0.3680632109776767,98.05833333333334,0.0893,1.0463,-0.0463,1.011,1.443,
Pacific/Oceania-other,2021,bloc,17319578.0,196312458906.0,141.322,37.47,49.49,49.49,0.25,2.62,25.610000000000003,0.0,83.893,39.041,18.389,59.684,40.316,40.128166666666665,11036.601166666667,0.0,9.07,44.330000000000005,1.8473333333333333,41.054,15.81,52.926,2.2992207529840702,1.1220673388249107,58.92080242663173,70.23455284552846,283.00418125455286,34.346666666666664,2763.143333333333,,,,1031133.05,125.74166666666667,11334.713750300383,196.312458906,17.319578,17467613917699.03,0.6064555966917539,0.9887793266117508,2.2992207529840702,0.0864221177090842,0.059058556671449,0.7466232496541985,1.137782379167668,0.0139109423625027,0.344721732194085,125.74166666666667,0.0874,1.024,-0.024,0.988,1.462,
Pacific/Oceania-other,2022,bloc,17563742.0,200602760076.0,132.413,39.32,49.26,49.26,0.3400000000000001,2.89,27.360000000000003,0.0,82.972,36.694,12.746,56.705,43.295,41.10966666666667,11117.459333333334,0.0,7.36,42.499,1.7715000000000003,40.666,15.621,47.911,2.2466844522991987,1.1220673388249107,63.18977378003443,71.2735894308943,335.9766218215644,,2752.92,,,,1005925.83,144.51666666666665,11421.413504935335,200.602760076,17.563742,17648325468723.6,0.627696601749784,0.9887793266117508,2.2466844522991987,,,0.7416317803455045,1.1380713783497844,0.0139109423625027,0.2915522381972301,144.51666666666665,0.0831,0.9736,0.0264,0.955,1.424,1.1266
Pacific/Oceania-other,2023,bloc,17823734.0,,138.6,40.38,49.11,49.11,0.43,3.51,27.81000000000001,0.0,88.69,38.52,11.39,57.735,42.265,41.81216666666667,11447.077333333336,0.0,6.66,42.005,1.7374999999999998,40.28,15.61,47.504000000000005,2.2036836928293004,,77.46049199860595,71.48525609756098,266.05057388655746,,2737.9733333333334,,,,1018859.26,124.525,,,17.823734,17812331563235.734,,,2.2036836928293004,,,,,0.0139109423625027,0.316362220827199,124.525,0.0839,0.983,0.017,0.97,1.455,
Pakistan,2000,hub,154879124.0,459798536606.0,426.193,17.19,66.49,66.49,0.0,0.0,17.19,0.38,223.082,179.525,23.586,88.7,10.753,26.425,3123.431,0.0,33.24,103.94,0.671,114.16,37.758,27.516,40.2656704026567,313.745454545455,21.4599638884654,61.903,95.4413659793814,21.44,,,,,30460700.0,53.65,2968.757342700363,459.798536606,154.879124,124367936572000.0,0.333714258067972,0.1,40.2656704026567,0.0474378933567509,0.0670065294117647,0.8538003915890316,1.1098958578090012,0.0169279602009753,0.79162089,53.65,,,,,,1.8034
Pakistan,2001,hub,159270910.0,477964444881.0,432.748,18.94,72.11,72.11,0.0,0.0,18.94,1.98,218.722,189.545,24.481,87.999,10.829,29.011,3108.855,0.0,34.88,105.401,0.662,114.965,38.145,19.8,40.6029472810295,316.065,23.5772074298467,62.241,94.0718849840256,,,,,,27048000.0,55.34166666666667,3000.952558637356,477.964444881,159.27091,127894540730000.0,0.333752353022,0.1,40.6029472810295,,,0.8514148545815087,1.110003175195458,0.0169279602009753,0.7967647848115974,55.34166666666667,,,,,,
Pakistan,2002,hub,163222552.0,504824722487.0,446.136,22.35,75.77,75.77,0.0,0.0,22.35,1.8,213.196,205.493,27.447,87.431,11.551,31.873,3149.744,0.0,35.28,110.566,0.677,119.127,39.238,18.795,40.4991697799917,318.384545454546,23.1290159545291,62.556,97.7847533632287,,,,,,27172850.0,53.425,3092.8613497416704,504.824722487,163.222552,131067709256000.0,0.3391897113811143,0.1,40.4991697799917,,,0.8510971394642903,1.1103095378324723,0.0169279602009753,0.8095046161172483,53.425,,,,,,
Pakistan,2003,hub,167110250.0,543920300431.0,474.271,28.14,82.08,82.15,0.0,0.0,26.94,1.81,189.239,255.504,29.528,86.272,12.784,36.489,3316.559,0.07,36.31,113.142,0.677,123.496,40.332,-1.002,40.4602532171025,320.704090909091,24.6501585248398,62.834,100.970182750882,,,,,,28963500.0,58.11666666666667,3254.858995369824,543.920300431,167.11025,134189530750000.0,0.3444363015435435,0.1,40.4602532171025,,,0.8482260165137451,1.1108495299845662,0.0169279602009753,0.8373100199697773,58.11666666666667,,,,,,
Pakistan,2004,hub,171285999.0,592025705114.0,533.245,26.87,85.96,86.07,0.0,0.0,25.67,1.93,191.357,306.766,35.123,86.82,12.115,33.504,3613.283,0.11,39.7,124.637,0.728,126.702,41.821,-6.174,39.318700705687,323.023636363636,24.8083348519064,63.097,110.778950841306,,,,,,30311300.0,65.89999999999999,3456.3578375953543,592.025705114,171.285999,137542657197000.0,0.3565166305429221,0.1,39.318700705687,,,0.8463886831681323,1.1115211927919846,0.0169279602009753,0.9546738311390616,65.89999999999999,,,,,,
Pakistan,2005,hub,175453212.0,641139042718.0,546.46,31.86,94.56,94.71,0.0,0.0,30.86,2.41,181.895,326.102,38.463,85.947,12.98,36.242,3655.326,0.15,41.77,129.947,0.741,130.2,43.961,0.573,39.1370900788709,325.343181818182,29.8784940550747,62.416,123.483460391117,28.16,,,,,33507800.0,67.63333333333334,3654.188118927113,641.139042718,175.453212,140888929236000.0,0.3681364792231801,0.1,39.1370900788709,0.0585594702973177,0.064443294117647,0.8396699382871994,1.1121806270630905,0.0169279602009753,0.9589630343277344,67.63333333333334,0.0259,1.0,0.0,33.835,1.638,
Pakistan,2006,hub,179682690.0,685965623310.0,586.635,33.01,99.53,99.7,0.0,0.0,31.95,2.55,208.938,333.195,44.502,87.0,11.995,35.728,3782.373,0.17,44.09,137.912,0.768,138.481,45.795,-3.722,39.3316728933167,328.077272727273,33.0497193672284,63.624,125.730244063325,,,,,,33027900.0,72.85833333333333,3817.6500101929687,685.96562331,179.68269,144285200070000.0,0.3757365382489251,0.1,39.3316728933167,,,0.8351365305478302,1.1127255000339766,0.0169279602009753,1.0,72.85833333333333,0.0252,0.973,0.027,33.376,1.768,
Pakistan,2007,hub,184493231.0,719253757580.0,621.19,29.96,96.15,96.35,0.0,0.0,28.71,2.31,227.316,338.003,55.872,87.294,11.84,33.562,3886.621,0.2,43.91,148.349,0.804,140.902,46.319,-15.833,39.1500622665006,330.811363636364,30.7878814312746,63.807,118.423492379059,,,,,,35812200.0,94.55833333333334,3898.5373809188695,719.25375758,184.493231,148148064493000.0,0.3696149180557729,0.1,39.1500622665006,,,0.8367243070610682,1.112995124603063,0.0169279602009753,1.0,94.55833333333334,0.0271,1.0463,-0.0463,36.219,1.849,
Pakistan,2008,hub,189499112.0,746912719652.0,637.138,29.06,93.01,93.24,0.0,0.0,27.78,1.74,230.71,346.076,60.352,89.249,10.105,33.115,3792.511,0.23,42.7,147.901,0.78,146.053,47.768,-12.882,38.2160647571606,333.636363636364,34.3489608135242,64.002,119.154650373388,,,,,,35528100.0,117.74166666666667,3941.510394265066,746.912719652,189.499112,152167786936000.0,0.3713207980998609,0.1,38.2160647571606,,,0.8328051192342669,1.1131383679808835,0.0169279602009753,1.0,117.74166666666667,0.0262,1.0116,-0.0116,36.132,1.934,
Pakistan,2009,hub,194376535.0,774880575078.0,658.239,29.1,96.11,96.36,0.0,0.01,28.09,2.64,246.171,347.017,65.051,88.904,10.194,33.025,3834.629,0.25,44.04,148.355,0.763,149.245,51.785,-9.253,38.1641760066418,332.890909090909,33.3268872863988,64.206,144.327430319511,,,,,,38147050.0,91.8,3986.49237716888,774.880575078,194.376535,156084357605000.0,0.3975134579320094,0.1,38.1641760066418,,,0.8334523429038606,1.1132883079238964,0.0169279602009753,1.0,91.8,0.0276,1.0656,-0.0656,38.568,2.027,
Pakistan,2010,hub,199239048.0,805491514683.0,659.922,32.82,94.54,94.81,0.01,0.01,31.81,2.56,243.88,353.484,62.558,88.675,10.436,37.423,3761.661,0.27,40.62,147.504,0.74,149.038,51.153,20.485,38.1252594437526,336.872727272727,31.9890020462315,64.378,138.30472949983,32.64,2349.35,,,,34811258.0,106.88333333333333,4042.83960784133,805.491514683,199.239048,170850023957862.0,0.3924734641403408,0.1,38.1252594437526,0.0658030990196033,0.0620674117647058,0.8343206678884242,1.113476132026138,0.0169279602009753,1.0,106.88333333333333,,,,,,
Pakistan,2011,hub,203746069.0,845096928750.0,658.422,29.68,94.83,95.1,0.03,0.02,28.52,3.84,245.532,353.396,59.493,88.029,10.606,35.347,3697.388,0.27,42.04,149.488,0.734,154.727,52.183,15.203,39.0462847654628,326.327272727273,32.3626382751438,64.659,128.5226910299,,2353.33,,,,39304580.0,131.76666666666668,4147.7950121825415,845.09692875,203.746069,175010833844316.03,0.3843828930719012,0.1,39.0462847654628,,,0.8330724032900017,1.113825983373942,0.0169279602009753,1.0,131.76666666666668,,,,,,
Pakistan,2012,hub,207667129.0,878485024934.0,664.951,31.11,98.1,98.48,0.07,0.01,29.86,5.27,237.932,365.972,61.047,95.011,3.989,37.085,3379.42,0.38,42.35,150.555,0.725,158.155,50.823,17.424,39.227895392279,341.6,31.3189732760076,64.883,117.362367724868,,2356.53,,,,36496350.0,122.75,4230.255549658993,878.485024934,207.667129,178621444118365.06,0.374562894918673,0.1,39.227895392279,,,0.8334288971435008,1.1141008518321966,0.0169279602009753,1.0,122.75,,,,,,
Pakistan,2013,hub,211073979.0,918328534363.0,677.611,33.76,104.88,105.3,0.14,0.4,31.87,4.4,260.812,355.857,60.942,88.025,10.559,36.384,3673.495,0.42,45.75,148.183,0.702,164.96,54.007,9.253,39.5262557077626,333.636363636364,30.8902743401844,65.129,135.702592714145,,2366.23,,,,40109711.0,120.14166666666668,4350.742515556595,918.328534363,211.073979,182299097185147.03,0.394574601641385,0.1,39.5262557077626,,,0.8328535380301773,1.1145024750518555,0.0169279602009753,1.0,120.14166666666668,,,,,,
Pakistan,2014,hub,214264649.0,961516822345.0,684.963,35.43,107.91,108.35,0.24,0.8,32.47,4.58,269.726,349.867,65.37,87.745,10.733,37.077,3669.797,0.44,46.7,150.81,0.704,170.333,54.468,4.836,39.4873391448734,354.309090909091,29.4698256903998,65.374,134.854139290407,,2354.57,,,,41895811.0,114.975,4487.519648399863,961.516822345,214.264649,184142906827514.47,0.3955027016522884,0.1,39.4873391448734,,,0.8331341772396014,1.1149583988279996,0.0169279602009753,1.0,114.975,,,,,,
Pakistan,2015,hub,217290884.0,1010825281718.0,727.018,37.95,112.79,113.25,0.38,0.79,34.63,4.33,293.961,365.342,67.716,88.27,10.407,37.486,3816.599,0.46,48.7,144.896,0.667,174.168,55.657,30.113,39.4354503943545,358.018181818182,26.6881860172247,65.641,137.471578947368,89.68,2379.4,,,,41081682.0,93.06666666666666,4651.945185689428,1010.825281718,217.290884,188713004227204.0,0.400158664499023,0.1,39.4354503943545,0.1471818629642236,0.0415833529411764,0.8345456041020302,1.115506483952298,0.0169279602009753,1.0,93.06666666666666,,,,,,
Pakistan,2016,hub,220138863.0,1061146810870.0,788.926,35.85,122.9,123.4,0.68,1.33,32.18,5.44,328.849,386.507,73.571,88.228,10.286,33.596,4090.315,0.5,56.16,176.741,0.803,178.868,57.525,27.135,40.2008094645081,363.218181818182,24.7015780480573,65.943,144.562955792191,,2437.74,,,,42555022.0,91.95833333333331,4820.352010585246,1061.14681087,220.138863,195874078839711.28,0.4094386358627592,0.1,40.2008094645081,,,0.8351288218637324,1.116067840035284,0.0169279602009753,1.0,91.95833333333331,,,,,,
Pakistan,2017,hub,223273974.0,1117267177186.0,841.005,32.64,130.36,130.92,0.92,2.1,27.92,8.11,339.493,407.396,94.116,88.88,8.975,31.26,4263.787,0.56,63.37,211.981,0.949,184.139,60.896,15.508,40.486197592362,363.581818181818,25.472035002344,66.223,152.47894905479,71.88,2522.88,,,,44299994.5,97.925,5004.018861535559,1117.267177186,223.273974,205602106886668.8,0.419567310092478,0.1,40.486197592362,0.1231420471538389,0.0475737058823529,0.8328278078181931,1.1166800628717852,0.0169279602009753,1.0,97.925,,,,,,
Pakistan,2018,hub,226928893.0,1165406508457.0,853.311,33.13,129.02,129.51,0.92,3.16,27.34,9.29,284.837,435.876,132.598,88.728,8.879,32.879,4263.363,0.49,62.46,203.5,0.897,189.753,62.02,-3.433,40.4213366542134,350.436363636364,27.6260570796337,66.481,152.723620025674,,2368.91,,,,43254398.0,95.74166666666667,5135.558073061238,1165.406508457,226.928893,196214555229570.0,0.4215994973754939,0.1,40.4213366542134,,,0.8295776256448559,1.1171185269102042,0.0169279602009753,1.0,95.74166666666667,,,,,,
Pakistan,2019,hub,230800908.0,1172330212219.0,843.037,40.78,134.97,135.48,2.61,2.88,33.58,9.07,255.642,444.73,142.666,87.21,10.438,36.934,4218.508,0.51,63.3,190.826,0.827,194.791,62.658,12.266,39.6040888335409,322.018181818182,28.9055769867032,66.729,152.385293154274,42.56,2526.58,,,,43912063.0,94.925,5079.40034715548,1172.330212219,230.800908,212844989719143.6,0.4217620797823693,0.1,39.6040888335409,0.0822825008678887,0.0576273529411764,0.8287660867870013,1.1169313344905183,0.0169279602009753,1.0,94.925,0.0315,0.9707,0.0293,44.045,3.386,
Pakistan,2020,hub,235001745.0,1202026422230.0,819.52,42.3,146.16,146.66,4.1,2.9,33.55,9.64,250.032,411.623,157.865,86.056,11.468,35.536,4083.671,0.5,69.79,215.51,0.917,202.847,64.587,-7.225,40.1229763387298,344.709090909091,26.7162807328814,65.701,155.150889104429,,2520.05,,,,47226053.0,98.05833333333334,5114.968070683901,1202.02642223,235.001745,216158893832846.25,0.4211365585952628,0.1,40.1229763387298,,,0.8306589853447528,1.1170498935689464,0.0169279602009753,1.0,98.05833333333334,0.0334,1.0293,-0.0293,47.373,3.584,
Pakistan,2021,hub,239477805.0,1278204948031.0,915.025,45.77,163.21,163.71,5.79,4.58,33.55,15.74,289.222,448.911,176.892,86.422,9.927,37.688,4451.399,0.5,74.55,243.552,1.017,209.771,67.453,-9.876,39.2797841427978,334.836363636364,27.0304204125548,65.773,161.930184940555,28.8,2587.96,,,,51304736.0,125.74166666666667,5337.467278151309,1278.204948031,239.477805,226212027783147.03,0.4296533001282303,0.1,39.2797841427978,0.0636636681953782,0.062837,0.828490685602851,1.1177915575938375,0.0169279602009753,1.0,125.74166666666667,0.0348,1.0724,-0.0724,51.396,3.65,
Pakistan,2022,hub,243700667.0,1318834969356.0,814.536,50.55,175.97,176.43,7.72,6.34,34.58,22.28,281.948,381.615,150.973,83.805,10.571,41.388,4017.639,0.46,75.96,211.97,0.87,213.51,68.106,-13.399,39.2149232046492,326.0,33.031353478032,67.417,146.916903738009,,2466.24,,,,48519329.0,144.51666666666665,5411.70028622039,1318.834969356,243.700667,219373881538459.2,0.4209372585873214,0.1,39.2149232046492,,,0.8218711441367981,1.1180390009540682,0.0169279602009753,1.0,144.51666666666665,0.0346,1.0663,-0.0663,48.603,3.875,0.4212
Pakistan,2023,hub,247504505.0,,731.522,57.07,171.97,172.45,11.35,6.05,37.9,22.44,223.842,378.13,129.55,81.644,12.266,46.235,3653.434,0.48,69.01,186.861,0.755,222.759,69.263,-15.629,39.2538397675384,,28.4676925469837,67.649,160.257600793126,,2513.76,,,,53065396.0,124.525,,,247.504505,227090927438412.03,,,39.2538397675384,,,,,0.0169279602009753,1.0,124.525,0.0362,1.1156,-0.1156,53.199,4.118,
Pakistan,2024,hub_country,251269160.0,,714.967,,,,,,,,229.708,370.519,114.739,81.18,12.507,,3535.542,,,,,,,,,,,,,,,,,,,,,,,,,,,,,,,,,,,,,,,
Russia,2000,hub,146717784.0,1547057523527.0,6357.776,164.16,877.76,863.7,0.0,0.0,164.08,130.71,1465.806,3661.913,1230.057,88.587,6.354,33.593,49169.844,-14.06,412.49,1480.576,10.091,307.69,66.65,15.162,7.59241917938337,1.76020408163265,68.0939070373555,65.4836585365854,11.4171772235355,,,,,,64242691.0,53.65,10544.444452125856,1547.057523527,146.717784,144590376132000.0,0.3128322684060485,0.9823979591836736,7.59241917938337,,,0.7440357225282623,1.1351481481737529,0.0009476894876414,0.8295818202,53.65,,,,,,0.4957
Russia,2001,hub,146117290.0,1662886727147.0,6431.018,174.01,891.27,875.41,0.0,0.0,173.9,136.93,1509.422,3721.688,1199.908,88.216,6.595,34.887,50153.324,-15.86,408.47,1518.081,10.389,314.789,68.087,-5.492,7.56145744558754,1.53525046382189,61.1108586644206,65.3834146341463,12.9396092362345,,,,,,83303483.0,55.34166666666667,11380.49252861862,1662.886727147,146.11729,143998589295000.0,0.319574552253424,0.9846474953617812,7.56145744558754,,,0.7440517035970909,1.1379349750953955,0.0009476894876414,0.8334738699280794,55.34166666666667,,,,,,
Russia,2002,hub,145939502.0,1781424730851.0,6427.902,162.35,891.28,878.34,0.0,0.01,162.17,141.63,1456.214,3766.749,1204.939,88.529,6.127,34.106,50010.18,-12.94,412.7,1508.33,10.335,320.413,68.712,-39.932,7.5371132547949,1.52520098956401,59.6454457319607,65.1287804878049,11.4929008220953,,,,,,84730327.0,53.425,12206.597298454531,1781.424730851,145.939502,143823379221000.0,0.322736500219731,0.98474799010436,7.5371132547949,,,0.7386329101142515,1.1406886576615152,0.0009476894876414,0.8402147090485718,53.425,,,,,,
Russia,2003,hub,145794230.0,1955875991276.0,6577.551,156.05,916.29,902.91,0.0,0.01,155.67,150.34,1509.185,3855.952,1212.413,88.735,5.738,33.438,51088.902,-13.38,426.33,1539.006,10.556,333.397,69.878,4.533,7.48178680396411,1.51515151507421,59.1282690076014,65.0275609756098,11.0035166736021,,,,,,65335462.0,58.11666666666667,13415.31822813564,1955.875991276,145.79423,143680213665000.0,0.329948010265286,0.984848484849258,7.48178680396411,,,0.7290774124246017,1.144717727427119,0.0009476894876414,0.86534762353128,58.11666666666667,,,,,,
Russia,2004,hub,145180091.0,2143914665541.0,6606.419,176.14,931.91,924.29,0.0,0.01,175.68,144.71,1488.477,3956.19,1161.752,88.367,6.387,34.429,51757.012,-7.62,422.83,1545.353,10.644,335.313,66.092,-37.034,7.4564608396317,1.50510204081633,56.5818523984055,65.4709756097561,11.4197763332405,,,,,,75986000.0,65.89999999999999,14767.277322763215,2143.914665541,145.180091,143074979680500.0,0.3409423233821736,0.9849489795918368,7.4564608396317,,,0.7203575032452344,1.1492242577425442,0.0009476894876414,0.8595817106817518,65.89999999999999,,,,,,
Russia,2005,hub,144597886.0,2331247104465.0,6597.732,173.07,954.11,941.73,0.0,0.01,172.61,149.45,1493.819,4004.01,1099.903,88.383,6.235,33.803,51894.969,-12.38,436.41,1563.98,10.816,342.222,66.591,10.677,7.4341066295351,1.60714285714286,56.7132484905422,65.529756097561,11.7926441727363,,,,,,76192100.0,67.63333333333334,16122.276534976452,2331.247104465,144.597886,142501216653000.0,0.3505559798482848,0.9839285714285714,7.4341066295351,,,0.7089344470513208,1.1537409217832548,0.0009476894876414,0.8600009771472814,67.63333333333334,0.0184,1.0,0.0,73.882,3.309,
Russia,2006,hub,144102948.0,2576148450528.0,6915.315,173.81,992.12,976.31,0.0,0.01,173.29,156.44,1569.592,4217.361,1128.363,88.675,5.962,33.287,54384.289,-15.81,458.86,1623.428,11.266,347.255,67.092,28.036,7.42312431385527,1.48500309206865,54.733401867266,66.7275609756098,12.4807113363055,,,,,,76494549.0,72.85833333333333,17877.139130616535,2576.148450528,144.102948,142013455254000.0,0.3671706776111955,0.9851499690793136,7.42312431385527,,,0.6962904387109297,1.1595904637687218,0.0009476894876414,0.9070084351499602,72.85833333333333,0.0185,1.0054,-0.0054,74.532,3.467,
Russia,2007,hub,143859767.0,2858759376272.0,6942.083,177.53,1018.7,1005.9,0.0,0.01,177.04,160.06,1561.667,4288.172,1092.244,88.545,6.025,33.139,54763.992,-12.8,466.76,1624.315,11.291,355.077,68.459,101.21,7.42312431385527,1.47495361781076,51.7061227454606,67.5868292682927,14.2531297810387,,,,,,80207513.0,94.55833333333334,19871.84767421457,2858.759376272,143.859767,141773800378500.0,0.3852738646344826,0.9852504638218924,7.42312431385527,,,0.6826951466360847,1.166239492247382,0.0009476894876414,0.9085753621959808,94.55833333333334,0.0195,1.0598,-0.0598,75.558,3.619,
Russia,2008,hub,143811837.0,3078094367564.0,7010.48,165.28,1040.0,1022.37,0.0,0.01,164.78,163.08,1611.649,4227.477,1171.354,88.998,5.539,31.573,55034.594,-17.63,494.11,1652.731,11.492,359.43,72.597,34.209,7.42809828740168,1.46490414355288,53.3824660408908,67.9492682926829,15.8827446177116,,,,,,106417890.0,117.74166666666667,21403.623177165868,3078.094367564,143.811837,167972225616000.0,0.3983945127141688,0.9853509585644712,7.42809828740168,,,0.668254007482727,1.171345410590553,0.0009476894876414,0.9269905739053632,117.74166666666667,0.0233,1.2663,-0.2663,102.471,3.943,
Russia,2009,hub,143869128.0,2903690263125.0,6595.961,174.7,993.1,978.24,0.0,0.0,174.2,163.58,1546.319,3977.893,1071.749,88.133,6.13,34.063,52284.949,-14.86,448.98,1545.236,10.741,352.496,71.592,281.838,7.42809828740168,1.45485466906308,48.4350610278181,68.6846341463415,15.6350648176311,,,,,,95615475.7,91.8,20182.85857077691,2903.690263125,143.869128,168039141504000.0,0.3926038111000942,0.9854514533093692,7.42809828740168,,,0.6833744508823743,1.1672761952359232,0.0009476894876414,0.8582982517537,91.8,0.022,1.1957,-0.1957,91.229,4.237,
Russia,2010,hub,143934468.0,3105249267337.0,6896.798,167.02,1038.02,1020.57,0.0,0.0,166.48,170.41,1604.92,4239.202,1052.676,88.695,5.597,32.507,54290.234,-17.45,475.43,1633.147,11.346,367.537,70.277,404.189,7.42809828740168,1.61641929499072,50.3555054872589,68.8412195121951,15.7245024620013,,3348.09,,,,59619073.91,106.88333333333333,21574.049013312087,3105.249267337,143.934468,175895526832633.8,0.4025205059271234,0.9838358070500928,7.42809828740168,,,0.6698607527351405,1.1719134967110405,0.0009476894876414,0.9082956147445242,106.88333333333333,,,,,,
Russia,2011,hub,144043751.0,3306765993750.0,7171.414,163.62,1054.86,1032.31,0.0,0.01,163.05,172.94,1721.716,4356.361,1093.336,89.156,5.274,31.906,56097.879,-22.55,486.62,1684.989,11.698,374.677,73.847,111.242,7.42809828740168,1.43475572054731,48.0353994077919,69.6839024390244,16.1872271864134,,3387.59,,,,91780914.78,131.76666666666668,22956.677889830848,3306.76599375,144.043751,178105827214282.88,0.415174931530862,0.9856524427945268,7.42809828740168,,,0.6606589515102844,1.1765222596327696,0.0009476894876414,0.9526192349141582,131.76666666666668,,,,,,
Russia,2012,hub,144291025.0,3439833075673.0,7211.689,163.96,1069.27,1052.79,0.0,0.01,163.45,177.53,1780.806,4286.259,1144.625,89.12,5.226,31.937,56333.117,-16.48,493.85,1700.104,11.782,383.918,72.319,382.758,7.42809828740168,1.48423005565863,47.1513903857957,70.0721951219512,15.4335835066462,,3422.06,,,,68753478.66,122.75,23839.54979648249,3439.833075673,144.291025,180226978929197.5,0.4216775453253768,0.9851576994434136,7.42809828740168,,,0.6541856946435168,1.179465165988275,0.0009476894876414,0.958067605024907,122.75,,,,,,
Russia,2013,hub,144604105.0,3500216789791.0,7086.33,181.64,1059.08,1045.4,0.01,0.0,181.15,172.51,1785.025,4248.674,1052.631,88.664,5.816,33.439,55548.391,-13.68,476.76,1637.547,11.324,385.321,72.17,261.168,7.42809828740168,1.41465677179963,46.287149400499,70.5787804878049,15.2982761880492,,3399.44,,,,90364970.67,120.14166666666668,24205.514703687008,3500.216789791,144.604105,179424137225938.0,0.4257699524048818,0.9858534322820036,7.42809828740168,,,0.652000228068776,1.1806850490122902,0.0009476894876414,0.9307661950986332,120.14166666666668,,,,,,
Russia,2014,hub,144925639.0,3525987597216.0,7115.961,174.21,1064.2,1056.15,0.16,0.1,173.4,180.76,1875.539,4221.982,1018.439,88.733,5.531,33.356,55599.285,-8.05,478.13,1637.311,11.298,389.142,75.289,127.646,7.42809828740168,1.64216141001855,47.8013412628116,70.7436585365854,15.9005006206381,,3423.56,,,,103135895.46,114.975,24329.63291758196,3525.987597216,144.925639,181098991539016.6,0.427781554121878,0.9835783858998144,7.42809828740168,,,0.6494517177573387,1.18109877639194,0.0009476894876414,0.9382159670762026,114.975,,,,,,
Russia,2015,hub,145307612.0,3456429719677.0,6970.462,168.96,1067.55,1055.89,0.34,0.15,167.99,195.47,1812.358,4086.748,1071.356,88.308,5.423,34.137,54577.699,-11.66,474.37,1635.244,11.254,394.757,74.986,447.421,7.42809828740168,1.44805194805195,49.3593493116887,71.1834146341463,16.6626112832822,,3413.51,,,,102444492.24,93.06666666666666,23786.983160090746,3456.429719677,145.307612,181043280122913.8,0.4264780800789133,0.9855194805194804,7.42809828740168,,,0.6524157910208884,1.1792899438669693,0.0009476894876414,0.9156761959049958,93.06666666666666,,,,,,
Russia,2016,hub,145778668.0,3463123938280.0,7083.562,185.68,1090.97,1076.47,0.47,0.15,184.61,196.61,1839.121,4206.464,1037.977,88.052,5.807,35.041,55468.086,-14.5,483.02,1629.328,11.177,403.675,76.504,455.09,7.42809828740168,1.50255102040816,46.5181198396096,71.6512195121951,18.6871819743689,,3389.48,,,,117753222.78,91.95833333333331,23756.04048103938,3463.12393828,145.778668,180351566058613.6,0.4299474422831632,0.9849744897959184,7.42809828740168,,,0.6555148761517289,1.1791868016034648,0.0009476894876414,0.9240688508480362,91.95833333333331,,,,,,
Russia,2017,hub,146186798.0,3526353842599.0,7120.232,186.36,1091.17,1080.57,0.54,0.14,185.16,203.14,1833.12,4311.006,976.106,87.957,5.769,35.696,55653.059,-10.6,479.71,1661.012,11.362,416.507,77.099,428.437,7.42809828740168,1.49373840445269,46.8765243371311,72.4514634146342,20.328288765218,,3420.61,,,,131294828.27,97.925,24122.24558471416,3526.353842599,146.186798,182517528433974.72,0.4368543066757467,0.9850626159554732,7.42809828740168,,,0.6521047624569177,1.1804074852823807,0.0009476894876414,0.9282247200449896,97.925,,,,,,
Russia,2018,hub,146430146.0,3625347362801.0,7403.698,192.0,1109.19,1096.59,0.62,0.24,190.64,204.58,1850.849,4544.993,1007.856,88.227,5.709,35.754,57585.199,-12.6,487.3,1709.91,11.677,433.595,78.703,317.198,7.42809828740168,1.50324675324675,51.5809003703964,72.6621951219512,20.8141127341778,,3375.45,,,,109839131.32,95.74166666666667,24758.203565548585,3625.347362801,146.430146,180407687255230.47,0.4423236094839374,0.9849675324675324,7.42809828740168,,,0.6421007365833654,1.1825273452184957,0.0009476894876414,0.9687578318013528,95.74166666666667,,,,,,
Russia,2019,hub,146533063.0,3705035583500.0,7322.612,196.22,1118.16,1099.73,0.99,0.31,194.38,208.99,1888.725,4443.127,990.76,87.933,5.855,36.239,57120.422,-18.43,492.03,1704.459,11.632,450.487,80.653,265.446,7.42809828740168,1.50324675324675,49.2287536619033,73.0839024390244,22.5914475252571,,3395.35,,,,117878703.7,94.925,25284.63889067821,3705.0355835,146.533063,181598827941823.25,0.4490988918753548,0.9849675324675324,7.42809828740168,,,0.6400659222491117,1.184282129635594,0.0009476894876414,0.9534764050128288,94.925,0.0265,0.9761,0.0239,126.241,6.448,
Russia,2020,hub,146371295.0,3606716578675.0,6961.566,216.25,1085.42,1074.68,1.86,1.14,212.44,215.91,1815.754,4234.834,910.978,86.683,6.679,39.815,55172.793,-10.74,453.33,1631.902,11.149,441.386,81.091,210.037,7.42809828740168,1.50324675324675,45.9669082029127,71.3387804878049,25.3278119836579,,3410.97,,,,130038976.79,98.05833333333334,24640.87359939666,3606.716578675,146.371295,182232855078744.75,0.4413842337797314,0.9849675324675324,7.42809828740168,,,0.6486924784687819,1.1821362453313222,0.0009476894876414,0.8857579103819408,98.05833333333334,0.0278,1.0239,-0.0239,135.62,6.425,
Russia,2021,hub,145836172.0,3809571453737.0,7193.553,220.24,1157.07,1135.73,2.31,2.58,214.53,222.39,1930.496,4315.445,947.612,86.804,6.586,38.254,57127.566,-21.34,493.85,1674.524,11.482,462.564,84.401,240.227,7.42809828740168,1.50324675324675,50.5861954621752,69.900243902439,27.5029634440069,,3432.24,,,,117580763.77,125.74166666666667,26122.267209105023,3809.571453737,145.836172,182698831189627.2,0.4483581546897858,0.9849675324675324,7.42809828740168,,,0.6317282444619495,1.1870742240303502,0.0009476894876414,0.917465901868914,125.74166666666667,0.0259,0.954,0.046,126.511,6.506,
Russia,2022,hub,145579889.0,3731440829579.0,7528.345,205.11,1166.94,1150.54,2.4,4.2,197.67,223.7,1982.087,4484.05,1062.208,87.678,5.92,36.747,59257.91,-16.4,509.17,1675.461,11.509,464.216,82.895,376.731,7.42809828740168,1.50324675324675,42.7827864294811,72.5456097560976,28.2127185591332,,3501.58,,,,153102998.65,144.51666666666665,25631.56803601492,3731.440829579,145.579889,186062264119486.3,0.4551331673501654,0.9849675324675324,7.42809828740168,,,0.6436208132703946,1.18543856012005,0.0009476894876414,0.9767473329065508,144.51666666666665,0.0325,1.1971,-0.1971,161.207,7.139,0.4516
Russia,2023,hub,145440502.0,,7670.828,209.1,1178.25,1161.72,2.63,4.75,200.87,217.38,2077.033,4533.709,1060.086,88.004,5.913,36.196,60237.031,-16.53,521.66,1733.135,11.916,467.231,84.106,386.151,7.42809828740168,,40.8343264105273,73.2546341463415,28.7290072257067,,3528.4,,,,136335492.63,124.525,,,145.440502,187307877548732.0,,,7.42809828740168,,,,,0.0009476894876414,0.9990082062649606,124.525,0.03,1.105,-0.105,148.509,7.206,
Russia,2024,hub_country,144820421.0,,7940.717,,,,,,,,2129.103,4770.235,1041.379,88.159,5.999,,62485.312,,,,,,,,,,,,,,,,,,,,,,,,,,,,,,,,,,,,,,,
Saudi Arabia,2000,hub,16177733.0,488272422255.0,1334.88,0.0,138.69,138.69,0.0,0.0,,0.0,861.685,473.195,0.0,100.0,0.0,0.0,82513.391,0.0,96.02,309.639,19.14,72.338,6.675,1.179,1.6778969991022,819.758333333333,68.1664488005167,72.607,107.070821776043,64.96,,,,,2167394.0,53.65,30181.75799136999,488.272422255,16.177733,18895592144000.0,0.5645425417185096,0.1,1.6778969991022,0.1763983949784249,0.047367,0.5803189012714001,1.2006058599712337,0.0207165993547779,0.8,53.65,,,,,,0.3396
Saudi Arabia,2001,hub,17041405.0,506978101388.0,1422.332,0.0,146.09,146.09,0.0,0.0,,0.0,912.186,510.055,0.092,100.0,0.0,0.0,83463.328,0.0,101.85,324.374,19.034,71.614,6.816,0.952,1.67357470146858,832.644270833334,63.5605836794513,72.951,106.669133450602,,,,,,2591615.0,55.34166666666667,29749.78303655127,506.978101388,17.041405,19904361040000.0,0.5624751380080026,0.1,1.67357470146858,,,0.5885245576826215,1.199165943455171,0.0207165993547779,0.8524104039314395,55.34166666666667,,,,,,
Saudi Arabia,2002,hub,17910909.0,518347038548.0,1481.383,0.0,154.91,154.91,0.0,0.0,,0.0,942.589,538.65,0.144,100.0,0.0,0.0,82708.406,0.0,108.39,346.93,19.37,69.307,6.985,1.874,1.66925235731664,847.780208333333,64.5927974099254,73.296,101.856687167403,,,,,,2852747.0,53.425,28940.297700580133,518.347038548,17.910909,20919941712000.0,0.553483769877153,0.1,1.66925235731664,,,0.5942380550852402,1.196467659001934,0.0207165993547779,0.8877999520556155,53.425,,,,,,
Saudi Arabia,2003,hub,18786771.0,607244594721.0,1569.191,0.0,166.58,166.58,0.0,0.0,,0.0,998.438,570.57,0.184,100.0,0.0,0.0,83526.383,0.0,116.42,351.228,18.695,79.165,7.132,1.538,1.66493005968302,858.166145833333,69.831170708742,73.657,106.787114634235,,,,,,2948817.0,58.11666666666667,32322.989124687792,607.244594721,18.786771,21942948528000.0,0.5822395911517614,0.1,1.66493005968302,,,0.5608105865855264,1.2077432970822928,0.0207165993547779,0.9404237084981422,58.11666666666667,,,,,,
Saudi Arabia,2004,hub,19669486.0,690846607941.0,1702.448,0.0,173.41,173.41,0.0,0.0,,0.0,1078.324,623.96,0.164,100.0,0.0,0.0,86552.734,0.0,121.47,407.702,20.728,80.244,7.394,1.124,1.66060771553108,870.135416666667,75.0828366569341,74.027,111.771224305014,,,,,,3189319.0,65.89999999999999,35122.758568322526,690.846607941,19.669486,22973959648000.0,0.6071947127997132,0.1,1.66060771553108,,,0.5322275086070449,1.2170758618944084,0.0207165993547779,1.0,65.89999999999999,,,,,,
Saudi Arabia,2005,hub,20559886.0,768984265306.0,1811.106,0.0,191.05,191.05,0.0,0.0,,0.0,1134.001,676.78,0.325,100.0,0.0,0.0,88089.297,0.0,133.76,412.234,20.05,85.504,7.309,0.823,1.65628541789746,894.8203125,81.9540759410158,74.4,94.284505306305,66.24,,,,,3006637.0,67.63333333333334,37402.16581482991,768.984265306,20.559886,24013946848000.0,0.6062205126992888,0.1,1.65628541789746,0.1962414145370747,0.0461807058823529,0.5063612089354017,1.224673886049433,0.0207165993547779,1.0,67.63333333333334,0.0475,1.0,0.0,3.007,0.665,
Saudi Arabia,2006,hub,21459141.0,833723402383.0,1900.17,0.0,196.31,196.31,0.0,0.0,,0.0,1202.06,697.88,0.231,100.0,0.0,0.0,88548.273,0.0,136.98,444.977,20.736,87.661,7.441,1.035,1.65196307374552,943.333333333333,89.9446046768984,74.762,103.063506409156,,,,,,3042777.0,72.85833333333333,38851.667099955215,833.723402383,21.459141,25064276688000.0,0.6259405027617986,0.1,1.65196307374552,,,0.4862915028234748,1.2295055569998508,0.0207165993547779,1.0,72.85833333333333,0.0505,1.0632,-0.0632,3.043,0.672,
Saudi Arabia,2007,hub,22368313.0,896025266041.0,1944.057,0.0,204.43,204.43,0.0,0.0,,0.0,1236.422,706.99,0.645,100.0,0.0,0.0,86911.211,0.0,142.18,423.314,18.925,87.343,7.842,1.204,1.64764072959357,936.128472083333,94.8633170967657,75.066,109.968703951488,,,,,,2960073.0,94.55833333333334,40057.79363159841,896.025266041,22.368313,26126189584000.0,0.6419594850248893,0.1,1.64764072959357,,,0.4713217359732475,1.2335259787719948,0.0207165993547779,1.0,94.55833333333334,0.0512,1.0779,-0.0779,2.96,0.689,
Saudi Arabia,2008,hub,23287884.0,1005243539213.0,2128.462,0.0,204.2,204.2,0.0,0.0,,0.0,1363.536,764.18,0.746,100.0,0.0,0.0,91397.906,0.0,141.88,469.43,20.158,90.533,7.519,0.838,1.64331843195996,928.92361125,96.1026308742185,75.301,73.3165805418588,,,,,,2431704.0,117.74166666666667,43165.94582886964,1005.243539213,23.287884,27200248512000.0,0.6268577880284407,0.1,1.64331843195996,,,0.4441811538852012,1.2438864860962322,0.0207165993547779,1.0,117.74166666666667,0.0522,1.0989,-0.0989,2.432,0.681,
Saudi Arabia,2009,hub,24217656.0,1040467027041.0,2205.137,0.0,217.31,217.31,0.0,0.0,,0.0,1459.588,745.275,0.273,100.0,0.0,0.0,91054.977,0.0,150.01,503.97,20.81,85.948,7.521,0.384,1.63899608780801,921.71875,84.8583415624843,75.447,65.2790886812162,,,,,,1585994.0,91.8,42963.15989627568,1040.467027041,24.217656,28286222208000.0,0.6179836840681521,0.1,1.63899608780801,,,0.4571153259685517,1.2432105329875858,0.0207165993547779,1.0,91.8,0.0487,1.0253,-0.0253,1.586,0.695,
Saudi Arabia,2010,hub,25157134.0,1156842077931.0,2451.095,0.0,248.77,248.77,0.0,0.0,,0.0,1617.539,832.77,0.786,100.0,0.0,0.0,97431.875,0.0,172.0,555.64,22.087,87.389,8.117,0.389,1.6346737901744,914.51388875,82.5496850227537,75.616,68.8665664458924,67.52,3400.26,,,,1565155.0,106.88333333333333,45984.653018543366,1156.842077931,25.157134,31222390706016.605,0.6423109199028482,0.1,1.6346737901744,0.2194896325463584,0.045232,0.4342448731560516,1.253282176728478,0.0207165993547779,1.0,106.88333333333333,,,,,,
Saudi Arabia,2011,hub,26105636.0,1347950226660.0,2557.276,0.01,259.15,259.08,0.01,0.0,,0.0,1680.041,876.47,0.766,99.999,0.001,0.004,97959.344,-0.07,179.14,540.236,20.694,95.212,8.783,0.347,1.63035144602245,907.309027916667,84.3594342438995,75.808,80.8902157991174,,3326.02,,,,1414016.0,131.76666666666668,51634.45267757506,1347.95022666,26.105636,31692171618782.8,0.692677547375108,0.1,1.63035144602245,,,0.3853534601096416,1.2721148422585835,0.0207165993547779,1.0,131.76666666666668,,,,,,
Saudi Arabia,2012,hub,27062447.0,1421109142119.0,2714.14,0.03,281.63,281.58,0.03,0.0,,0.0,1769.607,943.635,0.898,99.998,0.002,0.011,100294.359,-0.05,195.1,605.712,22.382,99.699,9.177,0.472,1.62602914838884,900.104166666667,81.74067854616,76.09,88.4004176161606,,3448.22,,,,1084597.0,122.75,52512.21894749577,1421.109142119,27.062447,34060803912934.098,0.707034818442603,0.1,1.62602914838884,,,0.3806574968913752,1.275040729824986,0.0207165993547779,1.0,122.75,,,,,,
Saudi Arabia,2013,hub,28026825.0,1461615692896.0,2731.104,0.04,294.72,294.67,0.04,0.0,,0.0,1779.671,950.285,1.149,99.996,0.004,0.014,97450.227,-0.05,204.26,583.178,20.808,99.461,9.359,-0.857,1.62170680423689,894.239583333333,80.2515014286783,76.517,82.0958973593605,,3387.41,,,,881553.0,120.14166666666668,52150.59832485485,1461.615692896,28.026825,34652496754736.25,0.6998265528583928,0.1,1.62170680423689,,,0.3851601791975312,1.2738353277495162,0.0207165993547779,1.0,120.14166666666668,,,,,,
Saudi Arabia,2014,hub,28998127.0,1520484201383.0,2931.593,0.05,328.2,328.15,0.05,0.0,,0.0,1957.39,972.61,1.593,99.996,0.004,0.015,101100.227,-0.05,227.3,585.109,20.177,101.296,9.567,-0.824,1.61738450660328,894.708333333333,78.000111117736,77.116,79.0364842823095,,3488.67,,,,1568940.0,114.975,52433.876208039226,1520.484201383,28.998127,36925186938197.85,0.7007697766496298,0.1,1.61738450660328,,,0.3850509204819371,1.2747795873601309,0.0207165993547779,1.0,114.975,,,,,,
Saudi Arabia,2015,hub,29974944.0,1591797027903.0,3056.502,0.05,350.64,350.59,0.05,0.0,,0.0,2063.19,992.275,1.036,99.996,0.004,0.014,101972.688,-0.05,243.02,624.547,20.836,104.79,9.805,-0.731,1.61306216245133,948.875,67.1052692300592,77.776,92.3986374834626,100.0,3498.21,,,,1616813.0,93.06666666666666,53104.25360270898,1591.797027903,29.974944,38273406830337.6,0.7209305242466205,0.1,1.61306216245133,0.2827606340067724,0.0329745882352941,0.3903592840806993,1.2770141786756968,0.0207165993547779,1.0,93.06666666666666,,,,,,
Saudi Arabia,2016,hub,30717804.0,1629412617614.0,3179.721,0.05,357.66,356.94,0.05,0.0,,0.0,2125.696,1053.17,0.855,99.996,0.004,0.014,103517.945,-0.72,249.37,641.174,20.873,107.74,9.782,0.419,1.60873986481772,929.583333333333,57.9216635110364,78.354,91.2878380425944,,3521.66,,,,1507153.0,91.95833333333331,53044.56717068707,1629.412617614,30.717804,39484846496643.6,0.7214618152589396,0.1,1.60873986481772,,,0.400040276733238,1.2768152239022903,0.0207165993547779,1.0,91.95833333333331,,,,,,
Saudi Arabia,2017,hub,30782400.0,1628276592787.0,3181.633,0.07,394.99,394.96,0.07,0.0,,0.0,2087.792,1092.502,1.34,99.995,0.005,0.018,103364.891,-0.03,276.48,644.487,20.937,105.973,9.453,1.135,1.60441752066577,955.958333333333,59.5319791578229,78.721,86.7207810912629,100.0,3575.82,,,,1493943.0,97.925,52896.34962793675,1628.276592787,30.7824,40176397372320.0,0.7172019354735863,0.1,1.60441752066577,0.2822408740698419,0.0325854705882353,0.3996651072760375,1.276321165426456,0.0207165993547779,1.0,97.925,,,,,,
Saudi Arabia,2018,hub,30365119.0,1673253984473.0,3101.243,0.16,374.77,374.74,0.16,0.0,,0.0,1979.128,1121.0,1.114,99.987,0.013,0.043,102146.078,-0.03,263.42,652.204,21.479,109.105,9.497,0.39,1.60009522303216,974.166666666667,59.1029104697141,78.75,87.3911212307019,,3704.1,,,,1378885.0,95.74166666666667,55104.47643801429,1673.253984473,30.365119,41053534610083.5,0.7326954739547188,0.1,1.60009522303216,,,0.3816931192135002,1.2836815881267143,0.0207165993547779,1.0,95.74166666666667,,,,,,
Saudi Arabia,2019,hub,30472809.0,1687180073621.0,2966.819,0.22,378.55,378.85,0.21,0.01,,0.0,1854.147,1111.5,1.173,99.982,0.018,0.058,97377.938,0.3,265.63,708.335,23.245,106.725,9.63,0.449,1.59577287888021,974.166666666667,56.7938204886513,78.313,87.6278306689828,69.44,3786.13,,,,1293633.0,94.925,55366.7393649532,1687.180073621,30.472809,42111515963797.05,0.7331382499647492,0.1,1.59577287888021,0.2456328484123829,0.0434494705882353,0.3818166848034054,1.2845557978831774,0.0207165993547779,1.0,94.925,0.053,1.0433,-0.0433,1.294,1.017,
Saudi Arabia,2020,hub,30991206.0,1613932868835.0,2885.845,0.92,380.9,380.53,0.91,0.01,,0.0,1754.317,1130.5,1.028,99.922,0.078,0.242,93195.883,-0.37,267.34,653.565,21.089,106.547,11.045,0.036,1.59577287888021,974.166666666667,47.533159225048,77.596,125.327912029354,,3780.01,,,,1250955.0,98.05833333333334,52077.12371164258,1613.932868835,30.991206,42758680036101.91,0.7463769720677556,0.1,1.59577287888021,,,0.4184908098445971,1.273590412372142,0.0207165993547779,1.0,98.05833333333334,0.0486,0.9567,0.0433,1.182,1.17,
Saudi Arabia,2021,hub,31328374.0,1677226744197.0,2979.729,1.0,392.95,392.91,0.99,0.01,,0.0,1833.843,1144.607,1.279,99.917,0.083,0.254,95196.312,-0.04,276.02,695.394,22.197,106.548,11.065,-0.041,1.59577287888021,974.166666666667,50.8839263398787,77.089,117.363282656307,47.36,3730.01,,,,877638.0,125.74166666666667,53536.98676468175,1677.226744197,31.328374,42652129130865.1,0.7463553512835971,0.1,1.59577287888021,0.2101464669117044,0.0516814705882352,0.4029745172877734,1.278456622548939,0.0207165993547779,1.0,125.74166666666667,0.0481,0.9469,0.0531,0.808,1.389,
Saudi Arabia,2022,hub,32175351.0,1823886192336.0,3144.813,2.01,409.84,409.8,1.22,0.79,,0.0,1976.064,1167.499,1.251,99.843,0.157,0.49,97902.695,-0.04,286.91,666.994,20.73,117.03,11.82,0.225,1.59577287888021,974.166666666667,56.8241647749332,77.31,119.321062133263,,3720.47,,,,1068752.0,144.51666666666665,56685.82115346621,1823.886192336,32.175351,43693211269264.05,0.7700853600191162,0.1,1.59577287888021,,,0.3707939922795151,1.2889527371782208,0.0207165993547779,1.0,144.51666666666665,0.051,1.0039,-0.0039,0.995,1.328,0.1339
Saudi Arabia,2023,hub,33264289.0,,3188.496,4.72,429.25,429.21,3.13,1.59,,0.0,2013.4,1173.547,1.548,99.641,0.359,1.1,96221.539,-0.04,299.32,677.442,20.365,113.168,12.363,0.373,1.59577287888021,,54.1690118283683,78.732,122.422725866855,,3659.84,,,,1710085.85,124.525,,,33.264289,44435821040622.41,,,1.59577287888021,,,,,0.0207165993547779,1.0,124.525,0.0545,1.0728,-0.0728,1.552,1.368,
Saudi Arabia,2024,hub_country,33962751.0,,3265.001,,,,,,,,2048.456,1214.825,1.721,99.272,0.728,,96883.312,,,,,,,,,,,,,,,,,,,,,,,,,,,,,,,,,,,,,,,
South Asia-other,2000,bloc,90009311.0,238017026839.0,44.06,8.49,15.47,14.19,0.0,0.0,8.49,0.0,44.057,0.0,0.004,83.177,16.823,56.43879999999999,3345.6902,-1.2799999999999998,5.53,24.094,0.6262000000000001,86.236,18.95,160.031,11.962178052317707,12.61161197356238,72.79117593982937,65.38239999999999,108.68651670293389,32.512,,,,,32184798.46,53.65,2644.360057805576,238.017026839,90.009311,72277476733000.0,0.3570769955196768,0.8738838802643762,11.962178052317707,0.0621277001445139,0.0616986352941176,0.8051724902451242,1.1088145335260189,0.0074899637008549,0.6918413329000002,53.65,,,,,,5.0121
South Asia-other,2001,bloc,91215835.0,245207767409.0,42.86,8.67,15.27,13.98,0.0,0.0,8.67,0.0,42.859,0.0,0.001,83.248,16.752,56.848,2999.7152,-1.2899999999999998,5.23,23.176,0.642,87.568,18.612,144.121,11.99434322699465,12.46842803401554,69.26436578089567,66.1428,103.78403005979322,,,,,,32787567.32,55.34166666666667,2688.214907082745,245.207767409,91.215835,73246315505000.0,0.3551506392442664,0.8753157196598446,11.99434322699465,,,0.8083338433267482,1.1089607163569426,0.0074899637008549,0.6741480629628687,55.34166666666667,,,,,,
South Asia-other,2002,bloc,92283443.0,257863951758.0,45.612,9.09,16.480000000000004,14.9,0.0,0.0,9.09,0.0,45.486,0.0,0.127,86.021,13.979,56.1044,3369.7468,-1.58,5.869999999999999,23.795,0.7328,88.55199999999999,18.48,150.09300000000002,11.99512223285825,12.408577427802053,64.2830558278978,66.6094,68.72769456340271,,,,,,33046850.84,53.425,2794.260198527704,257.863951758,92.283443,74103604729000.0,0.3224480958869207,0.8759142257219794,11.99512223285825,,,0.8124314425177046,1.1093142006617591,0.0074899637008549,0.7660261521990286,53.425,,,,,,
South Asia-other,2003,bloc,93241638.0,277898670495.0,45.42,10.16,18.03,16.14,0.0,0.0,10.16,0.0,44.725,0.0,0.695,83.372,16.628,56.37760000000001,3141.1858,-1.89,6.319999999999999,24.571,0.671,91.146,19.454,165.711,12.06328015083769,12.34872682158854,64.1446772018412,67.1584,57.90911851235889,,,,,,35214259.82,58.11666666666667,2980.413862903181,277.898670495,93.241638,74873035314000.0,0.3148081913238703,0.8765127317841146,12.06328015083769,,,0.8110185406072989,1.109934712876344,0.0074899637008549,0.7165443514327735,58.11666666666667,,,,,,
South Asia-other,2004,bloc,94125014.0,299262396756.0,44.932,10.09,18.66,17.189999999999998,0.0,0.0,10.09,0.0,44.749,0.0,0.183,84.784,15.216,55.8506,3648.9642,-1.4700000000000002,6.779999999999999,28.154,0.7658,92.692,20.762,213.201,11.942194478488542,12.288876215375048,71.56359447405227,66.5014,66.5357814355764,,,,,,36450277.0,65.89999999999999,3179.414100868022,299.262396756,94.125014,75582386242000.0,0.3224426989707749,0.8771112378462496,11.942194478488542,,,0.8019412880187142,1.1105980470028936,0.0074899637008549,0.7330592222137813,65.89999999999999,,,,,,
South Asia-other,2005,bloc,94932659.0,322803330606.0,51.853,11.580000000000002,20.24,18.71,0.01,0.0,11.57,0.0,51.173,0.0,0.679,84.756,15.244,57.6758,3645.434600000001,-1.53,6.789999999999999,27.352,0.744,96.569,20.55,213.979,12.644647345260628,11.775156442494884,71.803444660283,68.14559999999999,60.52107121710524,36.288,,,,,40354019.0,67.63333333333334,3400.3401359062323,322.803330606,94.932659,76230925177000.0,0.3237038878094213,0.8822484355750512,12.644647345260628,0.0693040503397655,0.0592392470588235,0.7998603875404985,1.1113344671196876,0.0074899637008549,0.8454156824335178,67.63333333333334,0.0223,1.0,0.0,16.427,0.495,
South Asia-other,2006,bloc,95687656.0,350459929361.0,53.094,15.16,23.12,20.88,0.01,0.0,15.15,0.0,52.585,0.0,0.51,81.016,18.984,60.55460000000001,4433.183999999999,-2.24,6.35,27.931,0.7816,100.318,21.011,238.611,12.459161333822568,11.87436310916156,74.72698704545003,68.4994,86.25216306246496,,,,,,43218501.0,72.85833333333333,3662.540645378543,350.459929361,95.687656,76837187768000.0,0.352431688933616,0.8812563689083844,12.459161333822568,,,0.7947518409097288,1.1122084688179286,0.0074899637008549,0.7909381916478985,72.85833333333333,0.0211,0.9462,0.0538,15.172,0.429,
South Asia-other,2007,bloc,96409223.0,377548080869.0,56.226,16.840000000000003,25.89,20.910000000000004,0.01,0.0,16.83,0.0,55.729,0.0,0.497,84.203,15.797,59.2766,4211.6362,-4.98,7.08,28.436,0.7861999999999999,102.51300000000002,22.165000000000003,277.924,12.266600769862702,12.021188109161558,73.3716030317215,68.8764,80.44994063177082,,,,,,44461333.0,94.55833333333334,3916.0991979885575,377.548080869,96.409223,77416606069000.0,0.3496504450889494,0.8797881189083844,12.266600769862702,,,0.7939942369850406,1.1130536639932953,0.0074899637008549,0.9047900692719792,94.55833333333334,0.0232,1.0404,-0.0404,16.931,0.444,
South Asia-other,2008,bloc,97032740.0,392533790473.0,51.899,17.9,26.630000000000003,21.03,0.01,0.0,17.88,0.0,51.229,0.0,0.67,82.558,17.442,60.6114,4204.099400000001,-5.6000000000000005,6.859999999999999,26.26,0.8657999999999999,104.718,22.125,247.129,12.722945728118654,9.744861512970273,70.45316187631143,67.81880000000001,70.93591050803943,,,,,,46805686.0,117.74166666666667,4045.374689749048,392.533790473,97.03274,77917290220000.0,0.3372655456946017,0.9025513848702972,12.722945728118654,,,0.7958353823757799,1.1134845822991637,0.0074899637008549,0.8028470648393918,117.74166666666667,0.0224,1.0045,-0.0045,16.263,0.474,
South Asia-other,2009,bloc,97632207.0,405776977032.0,53.491,19.18,27.26,22.48,0.01,0.0,19.15,0.0,52.809,0.0,0.682,83.838,16.162,62.9554,4447.322,-4.779999999999999,6.22,28.475,0.8974,105.538,23.128000000000004,215.246,12.725705914414696,8.516290179636933,65.9293336198121,68.904,87.53216431687625,,,,,,46076936.53,91.8,4156.179497529949,405.776977032,97.632207,78398662221000.0,0.3584306158690367,0.9148370982036308,12.725705914414696,,,0.7994358372341049,1.1138539316584333,0.0074899637008549,0.8533320217017794,91.8,0.0238,1.0673,-0.0673,17.917,0.484,
South Asia-other,2010,bloc,98307863.0,427755197499.0,53.678,22.36,30.130000000000003,25.34,0.02,0.05,22.26,0.0,52.981,0.0,0.697,78.206,21.793,65.0522,4588.9974,-4.79,6.290000000000001,32.486,0.9846,107.674,23.905,213.648,13.306357385950514,7.2877188463036,75.49778623393185,70.047,73.03403087734372,46.464,2564.51,,,,47379620.77,106.88333333333333,4351.179900014712,427.755197499,98.307863,92020696675877.44,0.3492666027597947,0.927122811536964,13.306357385950514,0.0859275497500367,0.0548947176470588,0.7882423812659456,1.1145039330000492,0.0074899637008549,0.7451394099620425,106.88333333333333,,,,,,
South Asia-other,2011,bloc,98976448.0,452101002995.0,62.556,22.71,32.790000000000006,28.3,0.02,0.09,22.57,0.0,59.077,0.0,3.479,83.642,16.358,62.662400000000005,4788.1564,-4.49,8.17,36.80799999999999,1.0484,106.46099999999998,24.316,177.231,13.59124469480938,9.744861512970273,69.5461795556015,70.4286,71.56804409960361,,2568.395,,,,44544449.94,131.76666666666668,4567.763464243534,452.101002995,98.976448,92786874168750.4,0.3505913299396585,0.9025513848702972,13.59124469480938,,,0.7923891249090358,1.115225878214145,0.0074899637008549,0.9932836708197548,131.76666666666668,,,,,,
South Asia-other,2012,bloc,99645937.0,484599944596.0,68.397,21.68,33.63,29.58,0.02,0.14,21.31,0.0,63.094,0.0,5.303,88.39,11.61,60.0332,5558.6556,-4.05,9.53,34.945,1.1272,105.817,24.837,164.077,13.535714011721645,9.744861512970273,65.98346660285755,70.8146,78.71899459507863,,2602.28,,,,41875465.91,122.75,4863.218302578659,484.599944596,99.645937,94646919561771.4,0.3610743322985442,0.9025513848702972,13.535714011721645,,,0.793489714208987,1.1162107276752622,0.0074899637008549,1.0,122.75,,,,,,
South Asia-other,2013,bloc,100336843.0,512353710642.0,59.566,27.27,35.89,31.760000000000005,0.05,0.23,26.75,0.0,53.987,0.0,5.579,76.36,23.64,66.49,5749.634599999999,-4.13,7.6,35.441,1.1256,107.794,25.611,148.738,13.496976900451903,9.744861512970273,68.45895700785731,71.1538,90.77612615730712,,2623.785,,,,43177045.45999999,120.14166666666668,5106.336768459019,512.353710642,100.336843,96090740817925.56,0.3759494301038967,0.9025513848702972,13.496976900451903,,,0.7889882365883175,1.11702112256153,0.0074899637008549,0.7882895761997276,120.14166666666668,,,,,,
South Asia-other,2014,bloc,101048236.0,548924614044.0,72.584,24.92,38.33,34.71,0.07,0.28,24.31,0.0,61.877,0.0,10.707,85.305,14.695,60.8338,6839.7718,-3.62,11.62,43.16400000000001,1.277,107.799,27.437,147.713,13.464930341100024,9.744861512970273,99.9653829911174,71.4508,85.81577999669506,,2660.9375,,,,42324727.25,114.975,5432.302786997687,548.924614044,101.048236,98142309775656.23,0.37421042602766,0.9025513848702972,13.464930341100024,,,0.7547654271172353,1.118107675956659,0.0074899637008549,1.0,114.975,,,,,,
South Asia-other,2015,bloc,101811454.0,579008857658.0,73.958,27.28,41.220000000000006,37.39,0.0999999999999999,0.35,26.56,0.0,59.549,0.0,14.409,81.931,18.069,61.974,5689.5830000000005,-3.83,12.63,50.67999999999999,1.298,110.25,27.099,149.446,13.50996830258624,9.744861512970273,81.73584207981224,71.61119999999998,71.25778786371595,96.72,2802.0,,,,43062825.49,93.06666666666666,5687.069921013013,579.008857658,101.811454,104125628349420.0,0.3619169991018418,0.9025513848702972,13.50996830258624,0.1596256748025325,0.0366610352941176,0.7708719085784127,1.11895689973671,0.0074899637008549,1.0,93.06666666666666,,,,,,
South Asia-other,2016,bloc,102553129.0,608822174762.0,88.169,26.79,45.16,39.27,0.13,0.36,26.02,0.0,72.915,0.0,15.254,88.08,11.92,57.93300000000001,6098.4874,-5.89,16.16,56.564,1.4220000000000002,111.935,27.733,149.713,13.501474627901484,9.744861512970273,77.3379970696838,72.0504,66.4266961253355,,2775.595,,,,42916536.190000005,91.95833333333331,5936.651379618071,608.822174762,102.553129,103895772511665.58,0.3602999014012206,0.9025513848702972,13.501474627901484,,,0.7731899081001656,1.1197888379320604,0.0074899637008549,1.0,91.95833333333331,,,,,,
South Asia-other,2017,bloc,103206362.0,647986501078.0,94.215,28.09,48.88999999999999,44.47,0.31,0.38,27.1,0.0,78.414,0.0,15.801,88.898,11.102,57.419,6391.8846,-4.42,18.19,61.385,1.4780000000000002,113.511,29.391,148.65099999999998,13.4950363645229,9.744861512970273,77.62083317073453,72.3058,70.62674089890268,93.592,2737.7925,,,,40958145.59,97.925,6278.551908243796,647.986501078,103.206362,103133525400098.05,0.3676806947969985,0.9025513848702972,13.4950363645229,0.1567251797706094,0.0374698235294117,0.7700579009272338,1.1209285063608128,0.0074899637008549,1.0,97.925,,,,,,
South Asia-other,2018,bloc,103837926.0,679204251903.0,93.415,31.4,50.23,47.13,0.4,0.34,30.32,0.0,78.145,0.0,15.27,83.971,16.029,61.16940000000001,5930.4148000000005,-3.1000000000000005,16.75,71.61200000000001,1.5881999999999998,97.158,22.778,122.82,13.621105677904506,9.744861512970273,80.12190814361728,72.57939999999999,83.74709655331364,,2764.8100000000004,,,,45309824.53,95.74166666666667,6541.0036396817095,679.204251903,103.837926,104788629707181.92,0.3835163757198191,0.9025513848702972,13.621105677904506,,,0.7653697281923685,1.1218033454656058,0.0074899637008549,1.0,95.74166666666667,,,,,,
South Asia-other,2019,bloc,104717903.0,705440213643.0,97.739,31.33,51.6,45.900000000000006,0.54,0.36,30.05,0.0,81.442,0.0,16.297,87.176,12.824,58.748000000000005,6037.723,-5.699999999999999,17.600000000000005,71.03099999999999,1.6326,96.741,24.052,112.832,13.547915771732043,9.744861512970273,77.98094951306024,72.8332,87.3467419310299,58.88,2858.682,,,,44617140.4,94.925,6736.5769694891615,705.440213643,104.717903,109264642300103.8,0.3893156080021341,0.9025513848702972,13.547915771732043,0.1092734424237229,0.0494018588235294,0.7658809090745301,1.122455256564964,0.0074899637008549,1.0,94.925,0.03,1.0033,-0.0033,21.171,0.66,
South Asia-other,2020,bloc,105817053.0,704376033948.0,88.522,32.6,53.65,49.99999999999999,0.66,0.34,31.24,0.0,68.938,0.0,19.583,85.11,14.89,57.8246,6207.1128,-3.65,18.53,73.523,1.403,97.682,25.989,106.905,13.511994171938928,9.744861512970273,66.05006173135672,72.7224,118.33330822051376,,2930.4080000000004,,,,45463690.98,98.05833333333334,6656.545556489841,704.376033948,105.817053,113181805606382.77,0.4193775727147596,0.9025513848702972,13.511994171938928,,,0.7784787252978946,1.1221884851882995,0.0074899637008549,1.0,98.05833333333334,0.0298,0.9967,0.0033,22.678,0.853,
South Asia-other,2021,bloc,106854109.0,655163749371.0,84.89,39.01,58.78000000000001,59.34,0.87,0.66,37.09,0.0,65.323,0.0,19.567,78.995,21.005,60.9402,8124.527199999999,0.5599999999999999,18.01,69.04599999999999,1.5472,99.359,24.62,109.03,13.474338897235487,9.744861512970273,76.1180990220891,72.14320000000001,85.14476717359317,37.632,2928.156,,,,46476094.67,125.74166666666667,6131.385638815256,655.163749371,106.854109,114203207643446.44,0.3806437302558909,0.9025513848702972,13.474338897235487,0.0780132640970381,0.0571227764705882,0.7727870206544505,1.1204379521293844,0.0074899637008549,1.0,125.74166666666667,0.03,1.0033,-0.0033,21.214,0.819,
South Asia-other,2022,bloc,107612228.0,641739594025.0,73.523,39.46,62.32,63.44,1.16,0.75,37.2,0.0,55.179,0.0,18.344,76.551,23.449,59.6494,8584.6186,1.12,21.01,71.39099999999999,1.6398,98.333,22.391,105.906,13.436683483013413,9.744861512970273,85.86766473897364,73.4814,64.40408207121784,,2838.472,,,,45568630.14,144.51666666666665,5963.44491654796,641.739594025,107.612228,111490818052999.84,0.3635064991619297,0.9025513848702972,13.436683483013413,,,0.76443696095646,1.1198781497218266,0.0074899637008549,0.9778685155522536,144.51666666666665,0.0286,0.9565,0.0435,19.576,0.781,0.6263
South Asia-other,2023,bloc,108112424.0,,78.041,39.69,60.2,61.57000000000001,1.2700000000000002,0.83,37.16,0.0,61.569,0.0,16.472,79.031,20.969,60.4236,8488.478,1.37,18.76,73.14199999999998,1.6607999999999996,95.28000000000002,21.769,101.497,13.534424105822191,,79.04824615892451,73.7484,69.81243666431355,,2836.4,,,,44249227.98,124.525,,,108.112424,111927278993264.02,,,13.534424105822191,,,,,0.0074899637008549,1.0,124.525,0.0308,1.0301,-0.0301,21.285,0.778,
Southeast Asia-other,2000,bloc,124848454.0,817849141658.0,1283.702,30.79,153.54,150.91,0.0,0.0,18.1,0.0,896.816,304.216,82.67,92.542,7.457999999999999,25.227833333333333,33698.051,-2.63,85.60000000000001,240.78000000000003,4.881857142857143,111.175,30.024,225.877,10.495090793853938,157.43310004534484,195.08045080350672,69.49080487804878,1506.265015712882,42.816,,,,,25543723.42,53.65,6550.735034796667,817.849141658,124.848454,123038151417000.0,0.5889332311741107,0.1,10.495090793853938,0.0863192375869916,0.0564005391678622,0.7454105413766945,1.1218357834493222,0.0141011496389302,1.0,53.65,,,,,,0.8104
Southeast Asia-other,2001,bloc,127557512.0,836658583239.0,1356.995,28.200000000000003,162.66,159.89,0.0,0.0,16.5,0.0,948.018,321.994,86.981,93.16133333333332,6.838666666666668,23.969166666666663,36795.84366666666,-2.77,92.03,248.385,4.795428571428571,113.355,31.051000000000005,247.543,10.459484029868507,164.60767498488522,187.33221789334627,69.90430487804878,1266.3619124337372,,,,,,26306467.91,55.34166666666667,6559.069474787185,836.658583239,127.557512,125707928076000.0,0.5904482058720867,0.1,10.459484029868507,,,0.7453410877101069,1.1218635649159574,0.0141011496389302,1.0,55.34166666666667,,,,,,
Southeast Asia-other,2002,bloc,130124509.0,878926729573.0,1376.989,27.1,170.84,168.28000000000003,0.0,0.0,15.69,0.0,940.593,344.831,91.566,93.46766666666667,6.532333333333333,23.663,37636.46366666667,-2.56,96.08,250.602,4.603571428571429,114.96999999999998,24.041,284.243,10.484499313209962,169.61558325775863,187.80415321184947,70.32530487804877,357.9309294153132,,,,,,26299448.12,53.425,6754.505637158639,878.926729573,130.124509,128237703619500.0,0.5932369959741708,0.1,10.484499313209962,,,0.743712453023678,1.1225150187905288,0.0141011496389302,1.0,53.425,,,,,,
Southeast Asia-other,2003,bloc,133562128.0,925607925292.0,1413.655,27.06,178.61999999999998,176.4,0.0,0.0,15.83,0.0,922.249,379.476,111.93,93.641,6.358999999999999,19.84614285714286,31853.40728571429,-2.22,100.45000000000002,272.282,4.993857142857143,119.907,26.19,295.264,10.345638087491707,176.75682486387933,194.76582670391863,70.79000609756098,384.5775988495029,,,,,,27916515.95,58.11666666666667,6930.167549381962,925.607925292,133.562128,131625477144000.0,0.5960481973402125,0.1,10.345638087491707,,,0.7422486037551503,1.12310055849794,0.0141011496389302,1.0,58.11666666666667,,,,,,
Southeast Asia-other,2004,bloc,136132416.0,998361452909.0,1533.088,29.010000000000005,195.89,193.22,0.0,0.0,17.189999999999998,0.0,990.667,412.555,129.866,93.42666666666666,6.573333333333334,20.97085714285714,35007.79342857143,-2.67,112.18,292.658,5.029999999999999,122.278,28.075000000000003,255.246,10.507405970489462,183.8980664700862,207.59368607877843,71.26856097560974,525.3306525294781,,,,,,29333802.0,65.89999999999999,7333.752549495633,998.361452909,136.132416,134158495968000.0,0.6004277812242798,0.1,10.507405970489462,,,0.7388853954208697,1.1244458418316523,0.0141011496389302,1.0,65.89999999999999,,,,,,
Southeast Asia-other,2005,bloc,138736371.0,1063019715178.0,1626.158,29.419999999999995,201.26,196.89,0.0,0.02,17.95,0.0,1017.126,467.031,142.0,93.639,6.361,20.87257142857143,37160.08342857143,-4.37,114.28,291.208,4.647714285714286,124.732,27.27,282.84099999999995,10.398532768885854,189.2615344097414,210.420699338159,71.72406097560975,484.3400811613595,52.67199999999999,,,,,31344868.0,67.63333333333334,7662.155983437105,1063.019715178,138.736371,136724693620500.0,0.6042247845093798,0.1,10.398532768885854,0.1028961899585927,0.0520313631276901,0.7361487001380241,1.1255405199447903,0.0141011496389302,1.0,67.63333333333334,0.0315,1.0,0.0,60.885,2.569,
Southeast Asia-other,2006,bloc,141277476.0,1138975430839.0,1670.736,32.00000000000001,208.31,204.18,0.0,0.05,19.91,0.0,1027.673,499.584,143.481,92.731,7.269000000000001,21.392,45332.526000000005,-4.13,117.24,288.47700000000003,5.257571428571429,128.36499999999998,27.167,304.414,10.473918275699448,91.39566551826128,212.2849548436944,71.97411585365853,570.1750930932603,,,,,,33350613.02,72.85833333333333,8061.974655032767,1138.975430839,141.277476,139228952598000.0,0.607772788948425,0.1,10.473918275699448,,,0.7328168778747269,1.1268732488501092,0.0141011496389302,1.0,72.85833333333333,0.0324,1.0286,-0.0286,66.391,2.736,
Southeast Asia-other,2007,bloc,143943870.0,1236262356772.0,1792.8719999999998,29.97,217.49,214.38,0.0,0.06,17.94,0.0,1106.442,520.817,165.613,93.45266666666669,6.547333333333333,20.56128571428572,46972.91685714285,-3.1099999999999994,125.02,300.254,5.547,130.958,28.545,343.569,10.556819533765754,83.72640997241763,198.524745523903,72.37511585365854,649.3647183996702,,,,,,36000544.0,94.55833333333334,8588.502982252736,1236.262356772,143.94387,141856683885000.0,0.6126982719142052,0.1627359002758237,10.556819533765754,,,0.7284291418145605,1.128628343274176,0.0141011496389302,1.0,94.55833333333334,0.0337,1.0698,-0.0698,69.605,2.974,
Southeast Asia-other,2008,bloc,146688569.0,1305377790677.0,1868.3740000000005,34.04,225.05,223.38,0.0,0.06,21.42,0.0,1120.9029999999998,559.8050000000001,187.666,92.96166666666666,7.038333333333334,21.048714285714286,47632.36042857143,-1.67,126.79,325.17,5.906714285714286,135.72000000000003,27.937,337.2,10.686330054374766,76.12852416452606,203.01740528199528,72.68281097560974,585.9465387310597,,,,,,37962035.0,117.74166666666667,8898.974198030386,1305.377790677,146.688569,144561584749500.0,0.6158540628027467,0.2387147583547394,10.686330054374766,,,0.7258418816830802,1.129663247326768,0.0141011496389302,1.0,117.74166666666667,0.0341,1.0825,-0.0825,72.962,3.192,
Southeast Asia-other,2009,bloc,149439825.0,1318452650255.0,1896.249,32.93,228.19,228.08,0.0,0.06,20.1,0.0,1172.725,529.4540000000001,194.069,93.124,6.876,21.008,40865.05728571428,-0.1099999999999999,131.26000000000002,323.817,5.287857142857143,137.829,27.241000000000003,362.066,10.708925100204665,68.01344976929963,170.9815805208042,72.97211585365855,389.170782838784,,,,,,38600826.0,91.8,8822.632455940042,1318.452650255,149.439825,147272947537500.0,0.6163661938956501,0.3198655023070037,10.708925100204665,,,0.7264780628671663,1.1294087748531336,0.0141011496389302,1.0,91.8,0.0341,1.0825,-0.0825,73.89,3.417,
Southeast Asia-other,2010,bloc,152381875.0,1448722218461.0,1993.927,35.01,251.39,247.35,0.0,0.06,22.55,0.0,1241.483,498.842,253.604,93.966,6.034,19.87357142857143,43569.783,-4.04,149.14,342.39,5.443285714285714,136.10800000000003,30.416999999999994,362.977,10.629927554577106,60.03668435106562,175.9332499489887,73.27786585365855,615.8749062590234,60.992,2663.105,,,,37724303.0,106.88333333333333,9507.181995634322,1448.722218461,152.381875,148120260625984.34,0.6220089751406708,0.3996331564893438,10.629927554577106,0.1191567549890858,0.0484795611190817,0.720773483369714,1.1316906066521144,0.0141011496389302,1.0,106.88333333333333,,,,,,
Southeast Asia-other,2011,bloc,155251676.0,1532382866689.0,2037.971,43.52,259.95000000000005,252.37,0.0,0.09,30.65,0.0,1272.258,504.1039999999999,261.61,93.39733333333334,6.602666666666667,20.672571428571427,44160.69571428571,-7.58,150.38000000000002,351.79,6.006714285714287,138.65200000000002,29.782,444.201,10.827641787635732,52.01132811867847,176.15566446287164,73.54922560975609,620.4817471389431,,2716.7725,,,,39889631.0,131.76666666666668,9870.314486582418,1532.382866689,155.251676,153950971636534.16,0.6253875987292965,0.4798867188132153,10.827641787635732,,,0.7177473792784799,1.1329010482886082,0.0141011496389302,1.0,131.76666666666668,,,,,,
Southeast Asia-other,2012,bloc,158136217.0,1622702739874.0,2139.227,46.23,272.33000000000004,265.5,0.01,0.08,32.95,0.0,1314.382,545.942,278.903,93.23466666666668,6.765333333333333,25.17828571428572,43645.841857142856,-6.83,157.60000000000005,365.561,5.941571428571428,139.725,29.745,415.351,11.018408735508446,45.12147988903186,172.90923987129955,73.78878048780487,550.8364338769087,,2734.405,,,,42896403.82,122.75,10261.423794360782,1622.702739874,158.136217,157829088792748.0,0.6288404819193636,0.5487852011096814,11.018408735508446,,,0.7144881350469935,1.1342047459812028,0.0141011496389302,1.0,122.75,,,,,,
Southeast Asia-other,2013,bloc,160987689.0,1714314428732.0,2220.303,50.99,285.99999999999994,277.24999999999994,0.14,0.07,38.19,0.0,1346.361,579.4300000000001,294.512,93.638,6.362000000000001,28.15,42629.20357142857,-8.75,163.19,401.5659999999999,5.393142857142856,140.031,29.599,457.774,10.997405742872818,38.23215358009617,172.61877637864472,73.93708536585368,579.2120399040061,,2737.0325000000003,,,,43288139.510000005,120.14166666666668,10648.72997047619,1714.314428732,160.987689,160829415965905.78,0.631945952074815,0.6176784641990383,10.997405742872818,,,0.7112605835793652,1.135495766568254,0.0141011496389302,1.0,120.14166666666668,,,,,,
Southeast Asia-other,2014,bloc,163619770.0,1813329527794.0,2261.974,52.46,297.03000000000003,288.46000000000004,0.25,0.15,39.5,0.0,1368.8780000000002,586.33,306.766,93.74666666666668,6.253333333333334,28.460857142857144,44317.90514285715,-8.57,169.78,413.27,5.782571428571429,141.233,30.826,441.949,11.044050004139931,32.252491502154434,170.1756577393419,74.06703048780489,650.758609658219,,2754.095,,,,44796969.59,114.975,11082.582060798642,1813.329527794,163.61977,164477902517224.75,0.6352969291858122,0.6774750849784557,11.044050004139931,,,0.7076451494933447,1.136941940202662,0.0141011496389302,1.0,114.975,,,,,,
Southeast Asia-other,2015,bloc,166123383.0,1908157323843.0,2362.656,53.440000000000005,307.99000000000007,300.05,0.41,0.75,38.64,0.0,1403.14,617.4100000000001,342.104,93.82800000000002,6.172000000000001,24.75471428571429,47164.18285714286,-7.939999999999999,179.26,421.2819999999999,5.190571428571429,142.45899999999995,31.64,338.823,11.094788922303724,26.37616971653143,160.5231650765526,74.21997560975609,553.3672557562118,100.0,2801.61,,,,43697000.05,93.06666666666666,11486.386138927835,1908.157323843,166.123383,169875719832019.94,0.6385287626861089,0.7362383028346857,11.094788922303724,0.1787159653473196,0.0344388335724533,0.7042801155089348,1.138287953796426,0.0141011496389302,1.0,93.06666666666666,,,,,,
Southeast Asia-other,2016,bloc,168520836.0,2012612215373.0,2491.282,64.71000000000001,334.68,316.81,1.5000000000000002,0.98,48.23,0.0,1509.241,607.05,374.991,93.65233333333332,6.347666666666666,22.425857142857144,49430.07842857143,-17.869999999999997,192.99,441.937,5.544857142857143,145.036,33.42399999999999,281.11400000000003,11.13692579064725,26.523528677969303,153.55482186008203,74.33558536585365,583.7287936156861,,2814.1075,,,,43781744.08,91.95833333333331,11942.80934716583,2012.612215373,168.520836,173096048200262.56,0.6419796185076478,0.734764713220307,11.13692579064725,,,0.7004765887736181,1.139809364490553,0.0141011496389302,1.0,91.95833333333331,,,,,,
Southeast Asia-other,2017,bloc,170855442.0,2134856322740.0,2558.416,75.53000000000002,349.57000000000005,325.49,1.66,1.09,59.27,0.0,1515.527,611.063,431.8250000000001,93.41666666666669,6.583333333333333,21.633857142857146,50063.55842857143,-24.08,196.99,469.847,6.191714285714285,149.026,35.219,256.526,11.178230517870896,26.33677443061492,159.8183509252214,74.61128048780486,606.9942915490399,99.048,2830.7575,,,,46744136.46,97.925,12495.102864443732,2134.85632274,170.855442,176532368207919.97,0.6466346168963871,0.7366322556938508,11.178230517870896,0.1799049571611093,0.0346109080344332,0.6958741427963023,1.1416503428814793,0.0141011496389302,1.0,97.925,,,,,,
Southeast Asia-other,2018,bloc,173126951.0,2248220170192.0,2603.673,80.33,370.64,343.80999999999995,2.06,1.15,62.78,0.0,1538.51,610.529,454.634,93.521,6.479,23.826,50665.38257142856,-26.83,210.18,497.181,6.247857142857143,150.061,34.149,230.058,11.2198164624768,25.89757109675964,161.9000666252383,74.69639024390244,580.5154823458006,,2859.515,,,,46167658.91,95.74166666666667,12985.962943412547,2248.220170192,173.126951,180696576350399.2,0.6502074047973079,0.7410242890324036,11.2198164624768,,,0.6917836421382288,1.1432865431447086,0.0141011496389302,1.0,95.74166666666667,,,,,,
Southeast Asia-other,2019,bloc,175377413.0,2352357544711.0,2631.226,76.39,384.03,362.66,3.03,1.04,58.0,0.0,1558.062,619.799,453.365,93.76733333333334,6.232666666666667,21.67771428571428,50224.349,-21.37,221.52,516.4789999999999,6.288714285714285,150.084,34.93599999999999,209.601,11.261405625704786,25.771729231241217,158.00051711881494,74.82553048780487,430.3641694999628,68.92800000000001,2894.51,,,,45255945.870000005,94.925,13413.115773985102,2352.357544711,175.377413,185285561631460.0,0.6535108794305846,0.7422827076875878,11.261405625704786,0.1400319894349627,0.0450646874461979,0.6882240352167909,1.1447103859132837,0.0141011496389302,1.0,94.925,0.0366,0.9986,0.0014,74.574,4.097,
Southeast Asia-other,2020,bloc,177436455.0,2195697883884.0,2469.207,86.43999999999998,382.55,355.45,4.0600000000000005,1.03,66.86,0.0,1371.467,600.549,497.191,93.228,6.771999999999999,24.057,49708.964,-27.1,217.46,491.404,6.626714285714286,149.575,35.64300000000001,191.584,11.3029976985877,26.086617289696346,157.27598614208677,74.9392256097561,500.6331481167266,,2901.035,,,,45809079.1,98.05833333333334,12374.55901541766,2195.697883884,177.436455,187883518674287.6,0.6469884446078059,0.7391338271030365,11.3029976985877,,,0.6968786748715196,1.1412485300513924,0.0141011496389302,1.0,98.05833333333334,0.0367,1.0014,-0.0014,74.919,4.102,
Southeast Asia-other,2021,bloc,179159007.0,2310737520835.0,2538.317,97.48000000000002,397.58,366.66,4.8500000000000005,1.28,77.33,0.0,1366.7420000000002,679.8670000000001,491.706,93.02266666666668,6.977333333333334,25.219,49119.49871428572,-30.92,219.37,518.6429999999999,6.968428571428572,151.534,36.456,182.776,11.345134566931252,19.933430231763143,168.21545867446878,73.24642073170732,648.0394425399835,45.952,2892.99,,,,47791837.010000005,125.74166666666667,12897.691048460656,2310.737520835,179.159007,189181403716239.44,0.6445013860428224,0.8006656976823685,11.345134566931252,0.1065770276211516,0.0537565091104734,0.6925192412628279,1.142992303494869,0.0141011496389302,1.0,125.74166666666667,0.0373,1.0177,-0.0177,78.121,4.046,
Southeast Asia-other,2022,bloc,180895127.0,2474286837828.0,2635.571,108.28,419.3500000000001,383.86,6.0200000000000005,1.06,86.51,0.0,1453.1280000000002,680.8509999999999,501.593,92.87133333333333,7.128666666666668,26.75842857142857,47795.46371428572,-35.49,227.31,538.1019999999999,7.095428571428571,149.204,36.16,175.68300000000002,11.345134566931252,13.807040386251668,174.26937222022846,74.58478048780488,516.99017209251,,2928.6425,,,,47554377.96,144.51666666666665,13678.018191324743,2474.286837828,180.895127,193368662295910.56,0.6544271896638292,0.8619295961374833,11.345134566931252,,,0.6860165150722938,1.1455933939710825,0.0141011496389302,1.0,144.51666666666665,0.0376,1.0259,-0.0259,78.452,4.158,0.5329
Southeast Asia-other,2023,bloc,182738722.0,,2732.48,109.44,433.86000000000007,401.01,6.9,1.35,86.44,0.0,1601.959,593.709,536.812,92.82266666666668,7.177333333333333,23.42342857142857,49881.048285714285,-32.85,238.96,547.054,7.167142857142857,150.87599999999998,37.082,172.196,11.313929270933686,,164.97837435217664,75.06389024390245,828.6170129020015,,2935.105,,,,49698999.05,124.525,,,182.738722,195770427872070.62,,,11.313929270933686,,,,,0.0141011496389302,1.0,124.525,0.0379,1.0341,-0.0341,78.177,4.248,
Southern Africa (SADC),2000,bloc,121251256.0,486494230020.0,1143.66,26.34,241.11,252.97,0.0,0.0,25.33,13.01,264.298,11.396,867.965,96.562,0.386,70.0924,5530.7478,11.86,173.83,420.65400000000005,1.5776,190.86300000000003,68.454,268.122,8.413998799136406,12.36919177219604,67.6094896378374,49.4745,20.18572123733085,28.266666666666666,,,,,22866362.51,53.65,4012.281984278992,486.49423002,121.251256,97364758568000.0,0.2215501501521319,0.8763080822780396,8.413998799136406,0.0596040382940308,0.0697348137254902,0.7989548271598377,1.11337427328093,0.0147224159029635,0.9618927068,53.65,,,,,,0.5503
Southern Africa (SADC),2001,bloc,123363139.0,510101537701.0,1154.88,29.020000000000003,243.87,246.27,0.0,0.0,28.03,10.72,269.982,13.829,871.069,97.0,0.513,69.43690000000001,5643.74,2.4000000000000004,175.89,413.2849999999999,1.5572,191.315,72.388,310.16700000000003,8.453315174198538,12.619068586581047,68.0436331245545,49.1277,24.921800085869453,,,,,,17973961.560000002,55.34166666666667,4134.95912827737,510.101537701,123.363139,99060600617000.0,0.2258800766273264,0.8738093141341895,8.453315174198538,,,0.7974983741398007,1.113783197094258,0.0147224159029635,0.974491371239704,55.34166666666667,,,,,,
Southern Africa (SADC),2002,bloc,125610395.0,538198372676.0,1119.46,31.74,256.55000000000007,258.54,0.02,0.0,30.7,11.99,276.942,13.92,828.598,96.506,0.661,70.0561,5490.6443,1.99,183.44,397.763,1.4969,192.182,75.289,329.439,8.42301542558039,12.87033474168274,76.47468538293897,49.2599,26.533289778160185,,,,,,18865938.93,53.425,4284.664280181589,538.198372676,125.610395,100865147185000.0,0.2289561889009394,0.8712966525831726,8.42301542558039,,,0.7878197789488811,1.114282214267272,0.0147224159029635,0.9383951349991816,53.425,,,,,,
Southern Africa (SADC),2003,bloc,127979028.0,559202521415.0,1218.415,30.43,268.86999999999995,270.58,0.02,0.01,29.43,12.66,286.923,10.525,920.966,96.927,0.328,71.4991,5658.591600000001,1.7100000000000002,194.52,446.19700000000006,1.5698,192.852,74.27,307.63800000000003,8.626608676239467,12.829838733742765,74.44632397337935,49.47580000000001,23.78364829434816,,,,,,19330978.95,58.11666666666667,4369.485611462841,559.202521415,127.979028,102767159484000.0,0.2275340229590024,0.8717016126625723,8.626608676239467,,,0.7891412959310969,1.1145649520382097,0.0147224159029635,1.0,58.11666666666667,,,,,,
Southern Africa (SADC),2004,bloc,130430536.0,594806375084.0,1331.142,32.17,281.38000000000005,282.78,0.02,0.01,31.24,13.37,297.692,24.343,1009.107,97.033,0.327,72.42909999999999,5832.6542,1.3999999999999997,203.17,489.754,1.6446999999999998,198.794,74.36500000000001,311.698,8.690163485730706,12.789342726511254,75.39917103570335,49.829,23.64200029072214,,,,,,20484888.239999995,65.89999999999999,4560.330681183431,594.806375084,130.430536,104735720408000.0,0.2299112636554744,0.8721065727348875,8.690163485730706,,,0.7865980732877681,1.1152011022706114,0.0147224159029635,1.0,65.89999999999999,,,,,,
Southern Africa (SADC),2005,bloc,132966628.0,639685710884.0,1263.038,35.02,284.37,286.77000000000004,0.02,0.01,34.059999999999995,11.29,298.219,34.555,930.264,97.278,0.384,72.5926,5717.1427,2.4,205.15,456.803,1.5893000000000002,203.082,76.485,316.365,8.991041445312993,12.748846722737934,74.60108354956336,50.3532,19.72992256560076,34.27555555555555,,,,,20608593.95,67.63333333333334,4810.8741306427655,639.685710884,132.966628,106772202284000.0,0.2295195932404741,0.8725115327726207,8.991041445312993,0.0700129631043846,0.0672698849673202,0.7853082986950803,1.1160362471021426,0.0147224159029635,1.0,67.63333333333334,0.0233,1.0,0.0,16.023,2.084,
Southern Africa (SADC),2006,bloc,135661265.0,696412810949.0,1288.987,39.63,294.42,296.78000000000003,0.02,0.01,38.510000000000005,10.03,304.012,37.447,947.528,97.285,0.692,73.81190000000001,5848.0119,2.3599999999999994,211.05,488.958,1.6406000000000005,192.542,74.014,306.783,9.05314718801901,12.683052271626496,74.26655649789403,50.9374,25.319977674618347,,,,,,19229393.450000003,72.85833333333333,5133.468355532435,696.412810949,135.661265,133694176657500.0,0.239322158868364,0.8731694772837351,9.05314718801901,,,0.7829545405393357,1.117111561185108,0.0147224159029635,1.0,72.85833333333333,0.0194,0.8326,0.1674,11.027,2.195,
Southern Africa (SADC),2007,bloc,138514075.0,761489885608.0,1321.134,40.99999999999999,305.12000000000006,306.38,0.02,0.01,39.9,11.32,310.248,37.909,972.977,97.066,0.723,73.9602,5976.9238000000005,1.2600000000000002,217.67,507.536,1.6555,192.579,75.736,391.264,9.132391008488913,12.617637546673478,92.36695851820176,51.7977,25.263220537789483,,,,,,18876996.19,94.55833333333334,5497.563230364856,761.489885608,138.514075,136505620912500.0,0.244729053838261,0.8738236245332652,9.132391008488913,,,0.7618200145620911,1.118325210767883,0.0147224159029635,1.0,94.55833333333334,0.0183,0.7854,0.2146,10.78,2.394,
Southern Africa (SADC),2008,bloc,141530861.0,812948950373.0,1418.934,39.4,299.71000000000004,300.03,0.02,0.02,38.25,13.0,294.213,39.219,1085.503,97.275,0.373,73.7783,6110.8549,0.3200000000000006,213.12,537.376,1.7222000000000002,199.3,79.10000000000001,439.332,9.537702743481574,12.6377367402041,98.54926112644672,52.6626,24.67746016258929,,,,,,22825263.82,117.74166666666667,5743.969510458924,812.948950373,141.530861,139478663515500.0,0.2488385902323154,0.873622632597959,9.537702743481574,,,0.7535843262863956,1.119146565034863,0.0147224159029635,1.0,117.74166666666667,0.0285,1.2232,-0.2232,17.216,2.567,
Southern Africa (SADC),2009,bloc,144718131.0,831162232898.0,1412.956,41.66,293.54,293.94,0.03,0.03,40.59,12.81,288.546,33.24,1091.17,97.296,0.39,73.2523,6008.2996,0.4000000000000001,205.98,519.6139999999999,1.6412,192.69900000000004,73.703,396.983,9.599025834691542,12.657835933734727,88.59819172336222,53.6,25.251027366745085,,,,,,25063752.410000004,91.8,5743.317904637671,831.162232898,144.718131,142619718100500.0,0.2527162839858982,0.8734216406626527,9.599025834691542,,,0.7635408257379905,1.119144393015459,0.0147224159029635,1.0,91.8,0.0259,1.1116,-0.1116,16.697,2.639,
Southern Africa (SADC),2010,bloc,148037544.0,887393939601.0,1423.193,42.72999999999999,305.99999999999994,306.51,0.04,0.03,41.65,13.53,302.437,41.221,1079.536,97.282,0.31,72.87280000000001,6070.0446,0.51,214.89,516.4179999999999,1.6565,207.906,83.965,401.71,9.52476895619153,12.6779351293978,89.52369070254622,54.738200000000006,30.802215045034146,43.55555555555557,2369.059,,,,27075229.96,106.88333333333333,5994.384367799293,887.393939601,148.037544,128009031722150.05,0.263958424555853,0.873220648706022,9.52476895619153,0.085963738697276,0.0622162967320261,0.7605231062324598,1.1199812812259975,0.0147224159029635,1.0,106.88333333333333,,,,,,
Southern Africa (SADC),2011,bloc,151512587.0,948157347843.0,1401.501,45.11000000000001,310.36,311.6,0.04,0.04,44.190000000000005,12.9,306.035,42.809,1052.656,96.995,0.692,72.19250000000001,6062.225700000001,1.239999999999999,217.01,526.0870000000001,1.658,214.688,88.25,337.344,9.567617181648696,12.698034321305048,92.66101313843924,55.739,27.768628717649563,,2392.3859999999995,,,,25979393.48,131.76666666666668,6257.944416479404,948.157347843,151.512587,132303956066342.4,0.2662141405137868,0.8730196567869495,9.567617181648696,,,0.7551894500575658,1.120859814721598,0.0147224159029635,1.0,131.76666666666668,,,,,,
Southern Africa (SADC),2012,bloc,155200418.0,985580781239.0,1384.678,44.22,307.16,307.4199999999999,0.06,0.04,43.29,12.97,313.721,43.573,1027.384,97.294,0.358,71.8894,6028.458500000001,0.2600000000000003,214.3,519.0790000000001,1.7119,215.391,82.62400000000001,290.7,9.459146132805015,12.705254729468113,94.41054484932424,56.81389999999999,28.562221861376987,,2402.832,,,,26485887.539999995,122.75,6350.3745282374175,985.580781239,155.200418,136115993736078.23,0.2714176991084499,0.8729474527053189,9.459146132805015,,,0.7526696674153639,1.1211679150941247,0.0147224159029635,1.0,122.75,,,,,,
Southern Africa (SADC),2013,bloc,159050346.0,1019657485613.0,1387.736,43.74999999999999,307.24,308.37,0.09,0.04,42.71,14.11,319.58,40.544,1027.612,97.079,0.397,69.8962,6018.5188,1.1299999999999986,212.85,514.8020000000001,1.6834,212.969,79.32,278.36800000000005,9.394036980290194,12.439617992641606,91.86660104008622,57.77270000000001,35.67361991609221,,2399.922,,,,25645946.200000003,120.14166666666668,6410.910200805221,1019.657485613,159.050346,139323574932649.4,0.2823166683136172,0.875603820073584,9.394036980290194,,,0.7547091472865369,1.1213697006693508,0.0147224159029635,1.0,120.14166666666668,,,,,,
Southern Africa (SADC),2014,bloc,162968893.0,1046145097545.0,1399.793,49.64,312.12,311.83000000000004,1.15,1.07,46.650000000000006,13.79,316.091,42.982,1040.72,96.764,0.81,70.05839999999999,6064.587699999999,-0.29,212.08,547.0449999999998,1.7416,210.339,76.669,243.57600000000005,9.567125170675451,12.88471139918129,90.75466706400556,58.71659999999999,34.07980993202529,,2368.156,,,,29794149.81,114.975,6419.293144152363,1046.145097545,162.968893,140866553046527.4,0.2841101563832371,0.8711528860081871,9.567125170675451,,,0.7557512234013914,1.121397643813841,0.0147224159029635,1.0,114.975,,,,,,
Southern Africa (SADC),2015,bloc,167137618.0,1060766247921.0,1364.474,51.57,308.94,308.98,2.5,3.07,45.24,12.24,344.8,43.186,976.488,96.518,1.29,69.0893,6175.443399999999,0.0400000000000002,209.53,522.005,1.6132000000000002,212.219,76.64899999999999,269.43699999999995,9.433218375385938,13.344181868591246,86.13410804224516,59.5841,33.73966084680093,95.29777777777775,2344.663,,,,23132793.74,93.06666666666666,6346.663669222568,1060.766247921,167.137618,143036706923947.9,0.2863475755043631,0.8665581813140876,9.433218375385938,0.1592835480619453,0.042111148366013,0.7609770280475667,1.1211555455640754,0.0147224159029635,1.0,93.06666666666666,,,,,,
Southern Africa (SADC),2016,bloc,170806138.0,1067211911352.0,1418.199,48.81,308.79,308.76,3.1299999999999994,4.21,40.52,15.03,331.598,36.547,1050.054,95.963,1.482,67.1236,6310.221200000001,-0.0299999999999998,209.59,521.773,1.6459,207.769,74.61999999999999,256.13,9.94771787579138,13.475230632098205,84.28371040809952,60.4141,32.06043498370504,,2343.366,,,,21036545.56,91.95833333333331,6248.08876219659,1067.211911352,170.806138,146095373178885.4,0.2869405953591333,0.865247693679018,9.94771787579138,,,0.7636488832402623,1.1208269625406553,0.0147224159029635,1.0,91.95833333333331,,,,,,
Southern Africa (SADC),2017,bloc,174418835.0,1081324306854.0,1405.124,55.31,313.37,312.35,4.12,7.02,43.11,14.19,332.07,40.109,1032.945,95.43,2.16,69.4658,6132.092900000001,-1.0199999999999996,208.7,502.912,1.6265,211.456,77.774,257.22100000000006,10.240567405703857,13.450408873652052,77.32507719240563,61.1962,36.09862118576076,85.92000000000002,2381.5199999999995,,,,33441566.9,97.925,6199.584505044997,1081.324306854,174.418835,151614409534157.97,0.2934157727880215,0.8654959112634795,10.240567405703857,0.1457869612626125,0.0447295647058823,0.7710117185988861,1.1206652816834834,0.0147224159029635,1.0,97.925,,,,,,
Southern Africa (SADC),2018,bloc,178693945.0,1097337338893.0,1346.292,59.84,319.63,318.71000000000004,4.82,6.43,47.48000000000001,11.58,321.924,44.108,980.26,95.663,2.29,68.7543,5926.2565,-0.92,212.05,520.069,1.6641,209.207,76.577,211.66700000000003,10.349418312663188,13.892209975883286,81.01236439068941,61.8941,41.85140229812826,,2402.7920000000004,,,,28029077.89,95.74166666666667,6140.87589197832,1097.337338893,178.693945,156717999245470.62,0.3012403396171993,0.8610779002411671,10.349418312663188,,,0.7678136698428246,1.1204695863065943,0.0147224159029635,1.0,95.74166666666667,,,,,,
Southern Africa (SADC),2019,bloc,183030735.0,1100671208233.0,1403.281,60.66,317.72,316.0,5.970000000000001,6.65,46.92,13.25,315.921,42.612,1044.748,95.527,2.24,68.4034,5925.329299999999,-1.7199999999999998,207.41,535.344,1.6601,205.73900000000003,77.32499999999999,203.259,9.470534597801173,14.32996675079448,77.24487542531499,62.520900000000005,41.97246250596635,51.02222222222221,2377.767,,,,25836531.23,94.925,6013.586779471765,1100.671208233,183.030735,158849621209091.94,0.3027250410357782,0.8567003324920552,9.470534597801173,0.0964650780597905,0.0563983222222222,0.7726419014124203,1.120045289264906,0.0147224159029635,1.0,94.925,0.0245,0.9142,0.0858,17.688,3.323,
Southern Africa (SADC),2020,bloc,187440480.0,1036426175755.0,1336.406,65.39,305.36,304.4699999999999,7.670000000000001,6.43,50.24999999999999,9.9,274.014,39.705,1022.687,95.667,2.582,70.59200000000001,5476.9792,-0.8900000000000011,195.71,491.144,1.4651,202.29,77.947,182.616,10.17128273796208,15.01055428998504,74.51269165584189,62.6472,42.39537346636378,,2379.764,,,,33685092.52,98.05833333333334,5529.361511211452,1036.426175755,187.44048,162813398853052.8,0.3003655482469892,0.8498944571001495,10.17128273796208,,,0.7794092957507294,1.1184312050373717,0.0147224159029635,1.0,98.05833333333334,0.0291,1.0858,-0.0858,23.044,3.396,
Southern Africa (SADC),2021,bloc,191871068.0,1083251695191.0,1326.379,73.89,314.33,312.81999999999994,8.629999999999999,8.67,55.580000000000005,12.35,288.233,41.993,996.153,94.583,3.247,72.3306,5535.331999999999,-1.509999999999999,193.61,502.036,1.541,206.656,84.458,177.302,9.845890317885203,15.168542204865997,80.61096438871792,60.91059999999999,43.51136366318033,34.27555555555556,2392.995,,,,35879871.01,125.74166666666667,5645.727135844159,1083.251695191,191.871068,167588474824560.88,0.2961281328041021,0.84831457795134,9.845890317885203,0.0721000956173881,0.0629227202614379,0.7723413094792474,1.118819090452814,0.0147224159029635,1.0,125.74166666666667,0.0306,1.1418,-0.1418,23.381,3.436,
Southern Africa (SADC),2022,bloc,196295010.0,1109693155928.0,1269.034,80.47000000000001,311.19,311.24000000000007,11.64,9.72,58.13,10.1,287.8,42.695,938.539,94.504,3.648,72.04650000000001,5763.8493,0.0500000000000001,187.09,498.528,1.5315,209.365,83.695,177.139,9.999591838800606,15.13279238105647,84.32826093542315,63.9166,40.85085180677309,,2410.242,,,,32902449.64,144.51666666666665,5653.190857617828,1109.693155928,196.29501,172688244284733.3,0.3041267908575585,0.8486720761894353,9.999591838800606,,,0.768561815251095,1.118843969525393,0.0147224159029635,1.0,144.51666666666665,0.029,1.0821,-0.0821,22.523,3.465,0.4639
Southern Africa (SADC),2023,bloc,200752061.0,,1293.333,84.4,305.72,305.61,16.01,11.62,55.66,8.1,290.035,47.449,955.848,94.795,3.757,67.71388888888889,5592.0058,-0.1099999999999996,180.99,508.715,1.525,210.152,84.51500000000001,171.405,10.279930267714391,,80.65552284662165,64.88900000000001,49.89456340997252,,2420.236,,,,34392366.349999994,124.525,,,200.752061,177341588263834.53,,,10.279930267714391,,,,,0.0147224159029635,1.0,124.525,0.0306,1.1418,-0.1418,23.467,3.404,
Thailand,2000,hub,63007815.0,579217712636.0,722.589,6.42,95.52,98.34,0.0,0.0,5.89,0.0,418.939,211.954,91.696,97.568,2.432,6.721,11771.415,2.82,57.98,167.352,2.656,82.667,17.217,93.99,34.5964884808863,,121.297955351472,71.205,88.3103818953324,40.64,,,,,29629373.0,53.65,9192.79160269246,579.217712636,63.007815,62094201682500.0,0.4009074239524978,,34.5964884808863,0.0898779790067311,0.056456294117647,0.7233934033108962,1.1306426386756416,0.003756238986196,0.9519514624,53.65,,,,,,1.9377
Thailand,2001,hub,63651137.0,596448007832.0,762.087,6.79,100.99,103.7,0.0,0.0,6.17,0.0,414.405,245.605,102.078,97.568,2.432,6.723,12288.995,2.71,60.99,172.267,2.706,84.285,17.698,97.463,34.7198026972538,,120.267966273533,71.52,94.9414815650017,,,,,,33189016.02,55.34166666666667,9370.57900210015,596.448007832,63.651137,62728195513500.0,0.409835537657434,,34.7198026972538,,,0.7219118416491654,1.131235263340334,0.003756238986196,1.0,55.34166666666667,,,,,,
Thailand,2002,hub,64266433.0,630177413705.0,824.037,8.12,108.44,111.06,0.0,0.0,7.37,0.0,448.202,266.892,108.942,97.338,2.662,7.488,13194.149,2.62,64.17,184.665,2.873,83.555,18.56,95.165,34.8039695433459,,114.969743021067,71.775,100.000843597098,,,,,,31995728.46,53.425,9805.700803481655,630.177413705,64.266433,63334569721500.0,0.4186957116987404,,34.8039695433459,,,0.718285826637653,1.132685669344939,0.003756238986196,1.0,53.425,,,,,,
Thailand,2003,hub,64868164.0,672602585235.0,886.855,8.44,115.94,118.21,0.0,0.0,7.21,0.0,491.361,284.222,111.272,97.42,2.58,7.28,14054.511,2.27,68.41,191.088,2.946,87.695,20.176,97.637,34.880306915383,,116.692819704865,72.101,126.544219977553,,,,,,34387328.42,58.11666666666667,10368.762483165085,672.602585235,64.868164,63927575622000.0,0.4501434208457123,,34.880306915383,,,0.7135936459736243,1.1345625416105505,0.003756238986196,1.0,58.11666666666667,,,,,,
Thailand,2004,hub,65452049.0,712165919937.0,966.805,7.74,124.13,127.25,0.0,0.0,5.9,0.0,544.581,297.55,124.673,97.796,2.204,6.235,15121.47,3.12,74.23,207.331,3.168,89.596,20.47,100.604,35.0603848186498,,127.411873720393,72.1,111.829667262171,,,,,,33852949.16,65.89999999999999,10880.727659679533,712.165919937,65.452049,64502994289500.0,0.4388384398953285,,35.0603848186498,,,0.7093272695026707,1.1362690921989318,0.003756238986196,1.0,65.89999999999999,,,,,,
Thailand,2005,hub,66017415.0,739238460898.0,998.502,7.53,130.43,134.3,0.0,0.0,5.67,0.0,543.148,320.592,134.762,97.892,2.108,5.773,15467.393,3.87,78.2,214.325,3.246,92.053,19.792,103.318,35.1347648221731,,137.853866832247,72.894,96.2122005571031,57.92,,,,,34089933.01,67.63333333333334,11197.628094011254,739.238460898,66.017415,65060162482500.0,0.4281359956936487,,35.1347648221731,0.1190820702350281,0.0497128235294117,0.7066864325499063,1.1373254269800377,0.003756238986196,1.0,67.63333333333334,0.0303,1.0,0.0,34.012,1.119,
Thailand,2006,hub,66567685.0,773067090714.0,1013.12,9.98,136.78,141.35,0.04,0.0,7.95,0.0,539.189,330.112,143.818,97.276,2.724,7.296,15668.239,4.57,81.69,215.825,3.242,93.174,19.97,102.818,35.1406369277144,,134.086946191268,73.341,99.8178020386565,,,,,,34083142.02,72.85833333333333,11613.24884159634,773.067090714,66.567685,65602453567500.0,0.4360900492179262,,35.1406369277144,,,0.7032229263200306,1.138710829471988,0.003756238986196,1.0,72.85833333333333,0.0303,1.0,0.0,33.973,1.188,
Thailand,2007,hub,67102388.0,811667437725.0,1046.645,10.42,142.53,146.27,0.04,0.0,7.96,0.0,533.296,351.72,161.628,97.168,2.832,7.311,16074.729,3.74,86.31,224.083,3.339,97.886,22.443,128.336,35.1249779796042,25.5253663533918,129.873226989717,73.779,116.771802730566,,,,,,34674779.91,94.55833333333334,12095.954583985893,811.667437725,67.102388,66129403374000.0,0.4578079705453738,0.744746336466082,35.1249779796042,,,0.6992003784667843,1.1403198486132864,0.003756238986196,1.0,94.55833333333334,0.0305,1.0066,-0.0066,34.481,1.25,
Thailand,2008,hub,67619835.0,822020817321.0,1046.369,9.13,145.44,147.26,0.04,0.0,6.95,0.0,502.643,369.417,174.309,97.138,2.862,6.278,15950.123,1.82,88.39,224.249,3.316,98.921,21.742,110.887,34.9155395486308,25.5253663533918,140.437011540931,74.221,110.614530776993,,,,,,36978970.66,117.74166666666667,12156.504335170295,822.020817321,67.619835,66639347392500.0,0.4536143635996969,0.744746336466082,34.9155395486308,,,0.6986957972069142,1.1405216811172345,0.003756238986196,1.0,117.74166666666667,0.031,1.0231,-0.0231,36.782,1.301,
Thailand,2009,hub,68121077.0,812859746470.0,1074.584,9.26,145.9,147.05,0.04,0.0,6.97,0.0,518.445,381.244,174.895,97.02,2.98,6.347,16278.564,1.15,88.23,228.836,3.359,101.885,23.68,106.302,34.3459453111237,25.5253663533918,119.269418854589,74.669,109.013734541517,,,,,,36910786.6,91.8,11932.573327782236,812.85974647,68.121077,67133321383500.0,0.452101870452222,0.744746336466082,34.3459453111237,,,0.700561888935148,1.1397752444259408,0.003756238986196,1.0,91.8,0.0308,1.0165,-0.0165,36.701,1.3,
Thailand,2010,hub,68579443.0,870109340511.0,1145.885,8.77,157.57,163.51,0.06,0.0,5.35,0.0,534.345,432.056,179.485,97.25,2.75,5.566,17198.229,5.94,95.37,241.019,3.514,107.371,24.737,113.985,35.2414414061735,25.5253663533918,127.250522638251,75.012,139.43669638146,65.92,2742.89,,,,39940959.61,106.88333333333333,12687.611658073689,870.109340511,68.579443,68658641969748.55,0.4887690093960689,0.744746336466082,35.2414414061735,0.1340070291451842,0.0460407058823529,0.694269902849386,1.1422920388602458,0.003756238986196,1.0,106.88333333333333,,,,,,
Thailand,2011,hub,69007212.0,873642799890.0,1169.192,12.0,153.3,162.74,0.09,0.0,7.93,0.0,543.492,443.181,182.519,96.558,3.442,7.828,17570.367,9.44,91.95,244.878,3.549,106.081,24.61,89.661,35.0384622912956,25.5253663533918,139.675407224576,75.302,143.798265999285,,2730.82,,,,41473129.68,131.76666666666668,12660.166590848505,873.64279989,69.007212,68782890255951.6,0.4939711413108241,0.744746336466082,35.0384622912956,,,0.6944986117429292,1.1422005553028285,0.003756238986196,1.0,131.76666666666668,,,,,,
Thailand,2012,hub,69436091.0,936920832597.0,1242.263,13.65,168.96,177.58,0.5,0.02,8.43,0.0,564.366,486.335,191.562,96.219,3.781,8.079,18619.578,8.62,100.85,262.348,3.778,106.888,24.787,72.908,34.0251326117168,25.5253663533918,137.67493851024,75.59,145.71158193878,,2752.72,,,,44807570.0,122.75,13493.283091022506,936.920832597,69.436091,69765412492394.8,0.5024550378397143,0.744746336466082,34.0251326117168,,,0.6875559742414792,1.1449776103034084,0.003756238986196,1.0,122.75,,,,,,
Thailand,2013,hub,69845112.0,962095812070.0,1261.473,12.65,168.64,179.93,1.26,0.35,5.41,0.0,584.294,488.643,188.535,96.2,3.8,7.501,18796.785,11.29,101.49,263.754,3.776,105.641,25.028,66.95,33.9491189884319,25.5253663533918,132.462274174269,75.96,161.546190362147,,2722.84,,,,43134420.0,120.14166666666668,13774.704979641238,962.09581207,69.845112,69414628636699.2,0.5214716745401474,0.744746336466082,33.9491189884319,,,0.685210791836323,1.1459156832654709,0.003756238986196,1.0,120.14166666666668,,,,,,
Thailand,2014,hub,70216362.0,971562808709.0,1298.02,14.21,173.76,183.95,1.93,0.4,5.16,0.0,590.702,499.447,207.87,95.76,4.24,8.178,19328.395,10.19,104.48,272.488,3.881,100.16,23.905,77.243,33.3369218422752,25.5253663533918,130.905495444398,76.279,156.825235592872,,2760.69,,,,41177062.68,114.975,13836.701034283147,971.562808709,70.216362,70753647069569.7,0.5182899091547596,0.744746336466082,33.3369218422752,,,0.6846941580476404,1.146122336780944,0.003756238986196,1.0,114.975,,,,,,
Thailand,2015,hub,70540787.0,1002011619070.0,1318.1,13.81,177.83,189.98,2.38,0.33,3.76,0.0,604.417,509.61,204.074,95.798,4.202,7.766,19526.947,12.15,106.19,277.099,3.928,96.053,21.845,62.685,33.1065395682045,25.5253663533918,124.839662152526,76.563,135.252101834005,100.0,2775.64,,,,34846952.99,93.06666666666666,14204.712786518812,1002.01161907,70.540787,71465477960468.2,0.5001725400186402,0.744746336466082,33.1065395682045,0.185511781966297,0.0334740588235294,0.6816273934456766,1.1473490426217294,0.003756238986196,1.0,93.06666666666666,,,,,,
Thailand,2016,hub,70859835.0,1036430730493.0,1338.951,16.07,179.82,198.21,3.55,0.38,3.54,0.0,625.278,505.643,208.03,95.383,4.617,8.937,19835.943,18.39,107.08,284.045,4.009,97.366,23.263,55.774,33.0188494587876,25.5253663533918,120.57522728913,76.769,146.941193905981,,2763.2,,,,33166701.95,91.95833333333331,14626.490881512778,1036.430730493,70.859835,71466962066280.0,0.5154005448807721,0.744746336466082,33.0188494587876,,,0.6781125759873936,1.1487549696050428,0.003756238986196,1.0,91.95833333333331,,,,,,
Thailand,2017,hub,71160183.0,1079732734924.0,1354.329,19.63,176.73,200.05,4.54,1.11,4.69,0.0,644.634,500.838,208.857,94.682,5.318,11.107,20133.205,23.32,103.09,283.348,3.982,96.405,24.498,53.671,32.8127385542876,25.5253663533918,120.891427433638,76.989,166.988314035684,100.0,2751.94,,,,36825406.77,97.925,15173.270913651248,1079.732734924,71.160183,71477422211832.3,0.5398693358129669,0.744746336466082,32.8127385542876,0.1879331772841281,0.0332986470588235,0.673556075719573,1.150577569712171,0.003756238986196,1.0,97.925,,,,,,
Thailand,2018,hub,71376081.0,1125329902301.0,1381.293,25.52,177.76,203.34,4.54,1.64,7.6,0.0,658.427,500.196,222.67,93.621,6.379,14.356,20712.488,25.58,100.93,288.305,4.039,93.232,22.803,89.04,32.7604699641802,25.5253663533918,120.841864730984,77.19,138.496115476872,,2777.13,,,,38651676.3,95.74166666666667,15766.20467998236,1125.329902301,71.376081,72350539377048.45,0.5160394407944014,0.744746336466082,32.7604699641802,,,0.6686149610001471,1.1525540155999412,0.003756238986196,1.0,95.74166666666667,,,,,,
Thailand,2019,hub,71522264.0,1149130685920.0,1373.846,27.72,186.51,209.17,5.15,3.67,6.31,0.0,665.997,509.396,198.453,93.049,6.951,14.862,20689.293,22.66,104.87,281.877,3.941,89.534,21.914,134.974,32.5479594433244,25.5253663533918,109.689514715166,77.197,113.527214570566,79.04,2800.6,,,,36228761.85,94.925,16066.754904738476,1149.13068592,71.522264,73111417183816.0,0.4930989139354892,0.744746336466082,32.5479594433244,0.1608228872618462,0.0405489999999999,0.6661103757938461,1.1535558496824616,0.003756238986196,1.0,94.925,0.0311,1.0163,-0.0163,35.979,1.791,
Thailand,2020,hub,71641484.0,1078332670656.0,1280.837,25.08,176.48,203.41,5.03,3.22,4.54,0.0,600.125,468.529,212.183,93.03,6.97,14.211,19257.477,26.93,100.68,271.923,3.796,92.627,22.769,143.83,32.9299843410519,25.5253663533918,97.8007432465178,77.331,136.490349327558,,2850.46,,,,36458939.1,98.05833333333334,15051.791370709185,1078.332670656,71.641484,74537082336163.61,0.5097685663087566,0.744746336466082,32.9299843410519,,,0.6767676619975724,1.150172637902364,0.003756238986196,1.0,98.05833333333334,0.0301,0.9837,0.0163,36.206,1.808,
Thailand,2021,hub,71727338.0,1095187026392.0,1286.562,26.47,176.36,207.75,4.99,3.53,4.54,0.0,599.15,470.137,217.274,92.966,7.034,15.009,19334.578,31.39,99.83,267.142,3.724,93.565,21.955,89.945,31.6905791853432,25.5253663533918,117.252944620852,77.606,147.621182923214,52.48,2858.29,,,,37471282.69,125.74166666666667,15268.75326659969,1095.187026392,71.727338,74831399520187.3,0.5233164007789766,0.744746336466082,31.6905791853432,0.1216438831664992,0.0496765882352941,0.6727603894450026,1.150895844221999,0.003756238986196,1.0,125.74166666666667,0.0306,1.0,0.0,37.212,1.929,
Thailand,2022,hub,71735321.0,1124143758569.0,1284.39,28.48,180.37,213.78,5.03,2.99,6.6,0.0,643.53,443.181,197.679,92.752,7.248,15.79,19347.238,33.41,101.06,272.573,3.8,94.947,20.634,105.576,31.0307502593513,25.5253663533918,132.858712082871,75.291,227.527581008371,,2861.83,,,,38093913.06,144.51666666666665,15670.714829156475,1124.143758569,71.735321,74932417199561.95,0.5977319543792181,0.744746336466082,31.0307502593513,,,0.6694107097570294,1.1522357160971883,0.003756238986196,1.0,144.51666666666665,0.0311,1.0163,-0.0163,37.837,1.961,0.4978
Thailand,2023,hub,71702436.0,,1279.415,29.76,190.48,221.03,5.14,3.74,6.59,0.0,639.625,471.742,168.048,92.392,7.608,15.624,19360.342,30.55,104.62,264.734,3.692,93.381,20.493,110.642,30.9953218892521,,128.824114152375,76.412,287.332398706679,,2855.27,,,,38985513.53,124.525,,,71.702436,74726382269767.8,,,30.9953218892521,,,,,0.003756238986196,1.0,124.525,0.0311,1.0163,-0.0163,38.727,1.996,
Thailand,2024,hub_country,71668010.0,,1312.641,,,,,,,,659.746,482.259,170.635,92.597,7.403,,19825.014,,,,,,,,,,,,,,,,,,,,,,,,,,,,,,,,,,,,,,,
Ukraine,2000,hub,49556654.0,253196030608.0,1332.646,11.28,171.84,167.99,0.0,0.01,11.27,77.34,142.378,741.986,448.281,84.408,1.985,51.571,31992.809,-3.85,69.16,285.663,5.764,79.51,21.398,13.756,56.2078191076206,33.1760435571688,115.735714934593,67.786,13.5118535806412,49.28,,,,,23814123.87,53.65,5109.223689880273,253.196030608,49.556654,48838082517000.0,0.2868180507288626,0.6682395644283119,56.2078191076206,0.0917650592247007,0.0548401176470588,0.7574231359176644,1.1170307456329345,-0.0102590746688272,0.827325012,53.65,,,,,,1.6362
Ukraine,2001,hub,49106854.0,281110336028.0,1312.779,12.05,173.3,170.24,0.0,0.02,12.03,76.17,157.055,719.272,436.451,84.343,2.138,50.906,31826.52,-3.06,70.85,303.876,6.188,78.868,21.637,4.648,56.161215154915,32.0185117967332,99.9261276192731,67.675,14.5680302424932,,,,,,38886120.16,55.34166666666667,5724.462333262074,281.110336028,49.106854,48394804617000.0,0.2915840536407109,0.6798148820326679,56.161215154915,,,0.752370019603543,1.1190815411108737,-0.0102590746688272,0.813092494785323,55.34166666666667,,,,,,
Ukraine,2002,hub,48677280.0,301087057315.0,1306.632,9.65,174.03,170.91,0.0,0.02,9.63,77.99,159.518,707.915,439.198,84.477,1.709,50.359,31908.885,-3.12,72.08,295.901,6.079,80.758,22.913,1.677,56.1742672696517,30.8573502722323,95.994669810112,67.699,15.9493915929204,,,,,,37984706.45,53.425,6185.371436427837,301.087057315,48.67728,47971459440000.0,0.2961228482279295,0.691426497277677,56.1742672696517,,,0.7524605682196561,1.1206179047880929,-0.0102590746688272,0.8141243155157503,53.425,,,,,,
Ukraine,2003,hub,48315133.0,335257370240.0,1338.498,9.27,180.58,175.64,0.0,0.03,9.24,81.41,165.028,722.112,451.359,84.418,1.593,50.216,32948.844,-4.94,74.17,307.245,6.359,81.218,22.042,3.152,56.0637967342148,29.6961887477314,102.590182257396,67.638,15.77835591133,,,,,,27493983.59,58.11666666666667,6938.972314119471,335.25737024,48.315133,47614563571500.0,0.3007605242799696,0.703038112522686,56.0637967342148,,,0.7421752307156712,1.1231299077137316,-0.0102590746688272,0.8343801768066501,58.11666666666667,,,,,,
Ukraine,2004,hub,47979502.0,381078098070.0,1311.274,11.78,182.44,177.11,0.0,0.03,11.75,87.02,165.99,716.433,428.85,83.042,2.023,54.155,33053.113,-5.33,67.16,310.626,6.474,79.345,21.224,-1.588,56.0672489384472,28.5350272232305,109.981708544962,67.472,16.4180161320116,,,,,,40996700.0,65.89999999999999,7942.518829603525,381.07809807,47.979502,47283799221000.0,0.307504612250937,0.714649727767695,56.0672489384472,,,0.7338123430866373,1.1264750627653453,-0.0102590746688272,0.8005723523746978,65.89999999999999,,,,,,
Ukraine,2005,hub,47585558.0,399366244154.0,1326.107,12.4,186.39,178.04,0.0,0.04,12.36,88.76,170.23,722.112,433.765,82.984,2.086,54.273,33739.07,-8.35,69.87,313.513,6.588,80.238,21.441,-0.64,56.0115986054058,27.3684210526316,94.6475701087848,67.517,17.1924688771108,50.88,,,,,37258000.0,67.63333333333334,8392.593487166841,399.366244154,47.585558,46895567409000.0,0.3114383862425367,0.726315789473684,56.0115986054058,0.1022134837179171,0.0543908823529411,0.7354141508314915,1.1279753116238895,-0.0102590746688272,0.8085426343666083,67.63333333333334,0.0242,1.0,0.0,39.834,1.075,
Ukraine,2006,hub,47278691.0,436786761547.0,1341.312,12.93,193.61,183.17,0.0,0.04,12.89,90.22,174.579,700.344,466.389,82.945,2.136,53.277,34358.633,-10.44,78.27,333.054,7.044,78.567,21.802,-2.07,56.0031759182546,27.2878402903811,89.181052639031,67.49,21.5536583862418,,,,,,33518621.59,72.85833333333333,9238.554458857585,436.786761547,47.278691,46593149980500.0,0.3213440214452923,0.7271215970961891,56.0031759182546,,,0.7338309935371559,1.1307951815295254,-0.0102590746688272,0.817011527403208,72.85833333333333,0.0226,0.9339,0.0661,37.325,1.171,
Ukraine,2007,hub,47062802.0,480580682697.0,1337.076,10.47,196.25,187.08,0.0,0.05,10.14,92.54,180.38,660.595,496.101,82.988,1.736,52.489,34377.082,-9.17,81.65,336.829,7.157,80.265,23.611,1.291,55.9853624013947,27.2014519056261,88.0465606718626,67.715,27.6388974532898,,,,,,28945257.88,94.55833333333334,10211.476203584309,480.580682697,47.062802,46380391371000.0,0.334709523124244,0.7279854809437389,55.9853624013947,,,0.7268578042982682,1.1340382540119478,-0.0102590746688272,0.818184090604649,94.55833333333334,0.0205,0.8471,0.1529,31.785,1.251,
Ukraine,2008,hub,46819168.0,499592169886.0,1286.476,11.82,192.58,185.85,0.0,0.05,11.51,89.84,172.895,627.47,486.111,82.74,2.014,52.788,33363.531,-6.73,80.49,325.983,6.963,79.63,24.873,-0.614,56.0553752675551,27.1157894736842,94.1718921417534,68.262,32.7868448605038,,,,,,52747334.16,117.74166666666667,10670.67594806469,499.592169886,46.819168,46140290064000.0,0.3448493903966214,0.728842105263158,56.0553752675551,,,0.7169058082910409,1.1355689198268824,-0.0102590746688272,0.782647917990272,117.74166666666667,0.0313,1.2934,-0.2934,57.023,1.291,
Ukraine,2009,hub,46623731.0,431074416655.0,1074.434,12.12,173.61,169.34,0.0,0.04,11.94,82.92,168.18,489.086,417.168,81.153,2.408,54.743,28538.205,-4.27,71.12,277.593,5.954,75.628,21.432,12.384,56.0622799143824,27.0297640653358,87.4761626200316,69.159,27.3034053821048,,,,,,45413410.45,91.8,9245.815540909844,431.074416655,46.623731,45947686900500.0,0.3330327638901312,0.7297023593466421,56.0622799143824,,,0.735475374539053,1.1308193851363662,-0.0102590746688272,0.6385335783168211,91.8,0.0275,1.1364,-0.1364,49.894,1.365,
Ukraine,2010,hub,46455997.0,439429783004.0,1152.221,13.39,188.82,184.76,0.0,0.05,13.15,89.15,161.756,545.606,444.859,81.179,2.464,54.306,30715.402,-4.06,77.39,294.366,6.336,73.169,23.078,4.688,56.0605537526755,26.950998185118,95.72973045329,70.188,32.6581888721249,60.48,3097.05,,,,38685986.74,106.88333333333333,9459.053973246984,439.429783004,46.455997,52514939110730.25,0.3434409016349479,0.7304900181488201,56.0605537526755,0.1183196349331174,0.0499310588235294,0.7254448197696518,1.1315301799108233,-0.0102590746688272,0.6845885393308219,106.88333333333333,,,,,,
Ukraine,2011,hub,46307854.0,471221167316.0,1204.893,11.19,194.95,188.66,0.03,0.09,10.94,90.25,161.096,561.269,482.529,82.09,1.981,52.034,31846.529,-6.29,83.36,308.376,6.659,77.838,26.03,2.905,56.0985293102258,25.1583484573503,104.805073904259,70.711,38.8722729930152,,3139.92,,,,56263263.02,131.76666666666668,10175.836852988265,471.221167316,46.307854,53072079280063.2,0.3562794206403879,0.748416515426497,56.0985293102258,,,0.7152013595584311,1.1339194561766277,-0.0102590746688272,0.727502021386102,131.76666666666668,,,,,,
Ukraine,2012,hub,46210051.0,472276721174.0,1174.961,11.23,198.88,187.41,0.33,0.29,10.48,90.14,159.763,518.387,496.81,81.805,2.021,50.97,31226.742,-11.47,87.88,304.43,6.588,77.545,25.392,20.878,56.1313263826555,23.3656987295826,102.622788356626,71.09,41.4087582262132,,3121.91,,,,45750171.09,122.75,10220.216402141605,472.276721174,46.210051,52656221415854.65,0.3604494165934317,0.7663430127041739,56.1313263826555,,,0.7148315299821534,1.1340673880071388,-0.0102590746688272,0.7066778889452484,122.75,,,,,,
Ukraine,2013,hub,46126760.0,472286166147.0,1110.22,15.11,194.37,184.48,0.57,0.64,13.8,83.21,151.433,476.991,481.796,81.5,2.878,50.584,29691.408,-9.89,87.27,297.54,6.45,79.455,25.564,9.981,56.5784022647242,21.5730490018149,94.0016694501782,71.474,45.5718949263203,,3111.21,,,,62687581.61,120.14166666666668,10238.87578808917,472.286166147,46.12676,52381163497554.0,0.366092243317503,0.784269509981851,56.5784022647242,,,0.7206743656490787,1.1341295859602971,-0.0102590746688272,0.6594311713283197,120.14166666666668,,,,,,
Ukraine,2014,hub,45972379.0,441233307180.0,950.507,10.17,182.82,174.39,0.43,1.13,8.48,88.39,133.587,403.171,413.749,79.088,2.199,53.911,26284.715,-8.43,76.36,257.703,5.606,73.781,24.73,7.159,56.569248562896,19.7803992740472,100.691782483624,71.803,44.9081476960635,,3085.39,,,,63388560.0,114.975,9597.791473441042,441.23330718,45.972379,51772592231625.65,0.3623157771268468,0.802196007259528,56.569248562896,,,0.7200184043879914,1.1319926382448036,-0.0102590746688272,0.551689105774708,114.975,,,,,,
Ukraine,2015,hub,45784904.0,398045419167.0,757.371,7.1,163.68,162.33,0.48,1.08,5.4,87.63,119.474,319.887,318.011,75.914,1.85,57.875,21915.693,-1.35,62.22,223.85,4.889,63.406,22.838,18.745,56.5778798183984,16.5317604355717,107.806616298156,72.686,43.1734553775744,100.0,3023.2,,,,59627180.0,93.06666666666666,8693.813558438389,398.045419167,45.784904,50522176447071.99,0.357671035963242,0.834682395644283,56.5778798183984,0.171734533896096,0.0350704705882352,0.7275515536796802,1.128979378528128,-0.0102590746688272,0.4234538162817508,93.06666666666666,,,,,,
Ukraine,2016,hub,45616831.0,407666198456.0,816.763,9.26,164.58,160.83,0.49,0.95,7.68,80.95,125.162,314.208,377.393,78.239,2.277,54.812,23017.719,-3.75,67.23,234.106,5.132,66.397,25.006,9.278,56.5796060694989,16.9237749546279,105.521204913122,73.389,52.7474371491335,,3012.31,,,,65217850.0,91.95833333333331,8936.749649619458,407.666198456,45.616831,50155393209207.65,0.3713457681465965,0.830762250453721,56.5796060694989,,,0.7255270862531712,1.1297891654987315,-0.0102590746688272,0.4685989783818892,91.95833333333331,,,,,,
Ukraine,2017,hub,45436037.0,417287091525.0,727.248,10.86,156.04,150.86,0.72,0.98,8.95,85.58,125.789,301.905,299.554,75.052,2.87,61.805,21466.02,-5.18,54.18,223.288,4.914,61.068,25.248,9.574,56.5734507163818,19.4283121597096,104.034982911399,73.993,61.882647301132,100.0,2982.75,,,,60735683.33,97.925,9184.055632426744,417.287091525,45.436037,49466383867038.75,0.3842614495565259,0.8057168784029041,56.5734507163818,0.1729601390810669,0.034532294117647,0.7234662030631105,1.130613518774756,-0.0102590746688272,0.3978170514231448,97.925,,,,,,
Ukraine,2018,hub,45208903.0,431842093109.0,762.677,13.03,159.86,153.79,1.11,1.19,10.43,84.4,130.707,305.691,326.28,75.841,3.282,60.947,22384.719,-6.07,55.84,231.9,5.13,62.329,25.631,7.981,56.7638936831205,19.4283121597096,99.1998150718675,73.569,65.3907993554076,,2938.99,,,,69154567.78,95.74166666666667,9552.147131484257,431.842093109,45.208903,48497007547209.05,0.3887270743496164,0.8057168784029041,56.7638936831205,,,0.7211989588324305,1.131840490438281,-0.0102590746688272,0.419794947801316,95.74166666666667,,,,,,
Ukraine,2019,hub,44957451.0,445656664440.0,715.21,11.87,154.14,150.1,2.93,2.02,6.51,83.0,128.969,282.977,303.264,75.183,3.22,61.548,21301.547,-4.04,52.64,222.188,4.942,63.107,26.312,6.155,56.8243010010356,19.2304900181488,90.5112342910763,73.92,65.0731988822743,72.64,2894.45,,,,74481803.68,94.925,9912.854366231752,445.65666444,44.957451,47496389327136.75,0.3920530123042114,0.807695099818512,56.8243010010356,0.1364781359155794,0.0441383529411764,0.7268816459903258,1.1330428478874393,-0.0102590746688272,0.3905027053962868,94.925,0.0433,1.0879,-0.0879,88.838,1.705,
Ukraine,2020,hub,44680008.0,428931213784.0,680.882,16.95,147.79,145.37,5.37,3.26,7.56,76.2,121.784,293.387,265.711,74.661,4.707,63.029,20556.209,-2.42,48.09,207.101,4.635,64.368,26.056,5.481,56.8243010010356,17.1669691470054,79.1564523761815,73.283,75.5888409670757,,2874.88,,,,64374797.76,98.05833333333334,9600.070210014286,428.931213784,44.680008,46884126410649.6,0.3982351913867787,0.828330308529946,56.8243010010356,,,0.7408429625403661,1.132000234033381,-0.0102590746688272,0.3635062272481654,98.05833333333334,0.0363,0.9121,0.0879,76.373,1.701,
Ukraine,2021,hub,44298642.0,443313281092.0,660.588,21.67,156.44,154.4,6.5,3.82,10.44,86.21,123.14,272.566,264.882,71.218,5.89,68.959,21105.271,-2.04,43.72,210.636,4.755,62.012,26.995,4.782,56.8243010010356,15.1852994555354,82.69796136345,71.631,78.4872737212975,48.64,2885.65,,,,85368634.79,125.74166666666667,10007.378580408851,443.313281092,44.298642,46658087344864.5,0.3980184250416703,0.848147005444646,56.8243010010356,0.1031144464510221,0.0534808823529411,0.7339072171331429,1.1333579286013629,-0.0102590746688272,0.3322319741684018,125.74166666666667,0.046,1.1558,-0.1558,100.55,1.636,
Ukraine,2022,hub,41048768.0,309166674673.0,414.518,18.3,111.51,111.61,5.08,1.42,11.02,62.18,107.295,182.657,124.565,67.587,7.503,72.173,15074.283,0.1,27.93,143.04,3.485,54.067,20.965,5.296,56.8243010010356,8.82196007259528,87.3965139907244,72.658,55.639351233143,,2767.31,,,,53536000.57,144.51666666666665,7531.691929779719,309.166674673,41.048768,41462053153539.2,0.3622906307650078,0.9117803992740472,56.8243010010356,,,0.7498393865944446,1.1251056397659325,-0.0102590746688272,0.1944551327224786,144.51666666666665,0.0389,0.9774,0.0226,63.987,1.487,2.9496
Ukraine,2023,hub,37732833.0,,404.017,,,,,,,,109.061,187.389,107.567,69.396,8.777,,15586.688,,,139.325,3.692,54.79,21.895,5.565,56.8243010010356,,77.5096141935657,73.422,42.5221722755437,,2785.79,,,,59318005.32,124.525,,,37.732833,38367248327720.55,,,56.8243010010356,,,,,-0.0102590746688272,0.1919214995673446,124.525,0.0461,1.1583,-0.1583,71.18,1.535,
Ukraine,2024,hub_country,37860221.0,,417.078,,,,,,,,110.54,199.438,107.1,70.004,8.299,,15875.597,,,,,,,,,,,,,,,,,,,,,,,,,,,,,,,,,,,,,,,
United Kingdom,2000,hub,59057333.0,1889565292321.0,2392.519,9.91,377.06,391.23,0.0,0.94,5.09,85.06,951.954,1013.417,427.148,90.022,1.087,25.187,45110.676,14.17,196.82,569.034,9.635,100.304,35.664,1.924,24.2880171950564,8.60962382758621,52.3380212335903,77.7414634146342,300.204220558203,69.76,,,,,23988441.0,53.65,31995.438946100054,1889.565292321,59.057333,68978964944000.0,0.7876845618883956,0.913903761724138,24.2880171950564,0.1876525973652501,0.0435728091822094,0.5810333208822426,1.206651463153667,0.0065969655598445,0.8904346086,53.65,,,,,,0.8889
United Kingdom,2001,hub,59288095.0,1939268312671.0,2408.626,9.54,384.77,395.17,0.0,0.96,4.05,90.09,947.549,1008.532,452.545,89.689,1.043,25.893,45402.137,10.4,203.54,577.971,9.749,97.011,34.326,1.09,23.3579961145786,8.66396237931034,52.6342367336438,77.9926829268293,330.914882321713,,,,,,18958946.0,55.34166666666667,32709.236359694136,1939.268312671,59.288095,69248494960000.0,0.7933298684142212,0.9133603762068966,23.3579961145786,,,0.5747887936022384,1.2090307878656472,0.0065969655598445,0.8935105343791,55.34166666666667,,,,,,
United Kingdom,2002,hub,59540764.0,1983994308619.0,2350.893,11.12,387.24,395.65,0.0,1.25,4.79,87.85,940.243,995.341,415.308,89.591,1.237,25.558,44185.527,8.41,201.71,560.273,9.41,92.26,33.997,2.976,23.9160087628653,8.71830093793103,51.2361820991323,78.1439024390244,323.36674732112,,,,,,22965900.0,53.425,33321.61321643437,1983.994308619,59.540764,69543612352000.0,0.7979460967178839,0.9128169906206896,23.9160087628653,,,0.5710837077639146,1.2110720440547813,0.0065969655598445,0.8694330098510469,53.425,,,,,,
United Kingdom,2003,hub,59820385.0,2050625402735.0,2388.923,10.69,398.21,400.37,0.0,1.29,3.23,88.69,947.682,998.092,443.148,89.729,1.194,24.957,44612.457,2.16,213.75,571.619,9.556,87.62,33.598,5.66,23.3910635307734,8.77263949655172,50.0681187039704,78.4463414634146,315.956882841491,,,,,,21494212.0,58.11666666666667,34279.70921175114,2050.625402735,59.820385,69870209680000.0,0.805400835204118,0.9122736050344828,23.3910635307734,,,0.5642676378647701,1.214265697372504,0.0065969655598445,0.8852438168512268,58.11666666666667,,,,,,
United Kingdom,2004,hub,60169964.0,2099526641365.0,2426.199,14.14,393.92,401.41,0.0,1.94,4.84,80.0,973.814,1019.879,432.506,90.375,1.549,23.898,44717.523,7.49,211.15,573.43,9.53,83.165,33.456,7.919,24.0524118546687,8.82697805517241,50.2885521756133,78.7463414634146,305.550781921292,,,,,,22009971.0,65.89999999999999,34893.26736783489,2099.526641365,60.169964,70278517952000.0,0.8105500464407547,0.911730219448276,24.0524118546687,,,0.558934219759096,1.2163108912261165,0.0065969655598445,0.9022761257722876,65.89999999999999,,,,,,
United Kingdom,2005,hub,60596107.0,2161729510824.0,2436.095,16.93,398.35,406.67,0.01,2.9,4.92,81.62,1001.766,993.866,440.463,90.031,1.86,24.74,44766.613,8.32,213.22,570.338,9.412,76.798,32.053,48.191,23.6804034224776,8.8813166137931,52.5442740383211,79.0487804878049,291.848490137895,76.16,,,,,20994000.0,67.63333333333334,35674.39589516864,2161.729510824,60.596107,70776252976000.0,0.8086734919449974,0.911186833862069,23.6804034224776,0.2058099897379215,0.0407945021520803,0.5501690935019403,1.2189146529838957,0.0065969655598445,0.899656977698497,67.63333333333334,0.0726,1.0,0.0,20.358,2.427,
United Kingdom,2006,hub,61051093.0,2212618867772.0,2415.492,18.1,397.27,404.79,0.01,4.22,4.59,75.45,991.901,942.602,480.989,90.403,2.047,23.548,43870.426,7.52,222.21,567.846,9.301,71.09,31.329,23.831,25.1891042863638,8.93565517241379,56.7047791729812,79.2487804878049,256.481785362652,,,,,,20840385.0,72.85833333333333,36242.08444182973,2212.618867772,61.051093,71307676624000.0,0.7777972598337695,0.910643448275862,25.1891042863638,,,0.5412778504784378,1.2208069481394326,0.0065969655598445,0.8940273242575728,72.85833333333333,0.0736,1.0138,-0.0138,19.994,2.47,
United Kingdom,2007,hub,61535859.0,2267631534502.0,2370.073,19.68,396.81,402.02,0.01,5.27,5.08,63.03,964.176,953.005,452.891,91.212,2.337,20.844,42319.914,5.21,220.65,559.566,9.093,66.371,31.065,19.608,25.1519034431447,5.87103448275862,52.7493524964733,79.4487804878049,254.56039441249,,,,,,19123516.0,94.55833333333334,36850.57089236375,2267.631534502,61.535859,71873883312000.0,0.7806383275734421,0.9412896551724138,25.1519034431447,,,0.5401625567338288,1.2228352363078792,0.0065969655598445,0.8824464630985831,94.55833333333334,0.0671,0.9242,0.0758,18.3,2.482,
United Kingdom,2008,hub,62027303.0,2252034759561.0,2342.807,21.94,388.96,399.98,0.02,7.13,5.14,52.49,944.148,978.326,420.333,91.766,2.81,19.136,41253.062,11.02,215.63,544.932,8.785,61.309,30.562,12.281,24.821229281197,5.75655172413793,56.4365501052604,79.6,256.61948376353,,,,,,24282470.0,117.74166666666667,36307.15266728589,2252.034759561,62.027303,72447889904000.0,0.7796083446826909,0.9424344827586209,24.821229281197,,,0.5410038443340239,1.2210238422242865,0.0065969655598445,0.8733423115918737,117.74166666666667,0.0751,1.0344,-0.0344,23.371,2.453,
United Kingdom,2009,hub,62506222.0,2151479208521.0,2162.27,25.24,376.76,379.62,0.02,9.28,5.23,69.1,903.338,912.237,346.695,89.504,2.989,25.04,38761.125,2.86,190.13,494.108,7.905,58.192,29.219,8.228,25.0031000702683,5.71103448275862,54.6537301085991,80.0512195121951,212.431806910233,,,,,,21619013.0,91.8,34420.2407325306,2151.479208521,62.506222,73007267296000.0,0.7244337943858314,0.9428896551724136,25.0031000702683,,,0.558510930453646,1.214734135775102,0.0065969655598445,0.7847258398246737,91.8,0.0711,0.9793,0.0207,20.744,2.416,
United Kingdom,2010,hub,63006482.0,2190919919855.0,2231.316,26.18,382.06,384.72,0.04,10.29,3.59,62.14,891.579,984.928,354.809,90.401,3.043,23.117,39283.996,2.66,197.6,511.905,8.125,53.283,29.91,7.22,24.6765593353449,5.69931034482759,59.0511802227821,80.4024390243902,243.048576214405,80.0,3304.41,,,,20946145.0,106.88333333333333,34772.92891634547,2190.919919855,63.006482,75992725952751.3,0.7586414165271049,0.943006896551724,24.6765593353449,0.2089323222908636,0.0388931133428981,0.5511744121410057,1.215909763054485,0.0065969655598445,0.8174441461468107,106.88333333333333,,,,,,
United Kingdom,2011,hub,63509285.0,2223011392593.0,2045.831,35.2,367.97,374.19,0.24,15.96,5.69,68.98,868.942,819.185,357.704,88.041,4.268,28.312,36722.008,6.22,183.85,469.713,7.396,51.071,29.747,11.546,25.0568346215848,5.3,63.3240615708901,80.9512195121951,246.94820191356,,3321.13,,,,21484952.0,131.76666666666668,35002.93528092782,2223.011392593,63.509285,76986745967598.25,0.7660112903000418,0.947,25.0568346215848,,,0.5449848110880448,1.216676450936426,0.0065969655598445,0.7207032136806842,131.76666666666668,,,,,,
United Kingdom,2012,hub,63960488.0,2255210551431.0,2069.352,41.24,363.87,375.73,1.35,19.84,5.31,70.41,849.11,768.987,451.254,87.462,4.869,30.684,37134.582,11.86,195.48,487.477,7.622,49.958,29.807,18.566,25.6768486752366,5.52896551724138,61.9688704472535,80.9048780487805,232.936252414681,,3303.77,,,,19515045.0,122.75,35259.4331586557,2255.210551431,63.960488,77128420625512.4,0.753545768546513,0.9447103448275862,25.6768486752366,,,0.5442025198972823,1.2175314438621858,0.0065969655598445,0.7196485288244626,122.75,,,,,,
United Kingdom,2013,hub,64389386.0,2296252599482.0,2038.486,53.21,358.28,372.71,2.01,28.4,4.7,70.61,840.304,763.258,434.925,85.748,6.655,34.56,37094.207,14.43,181.62,477.611,7.418,47.803,29.747,17.676,25.8975736783367,5.27655172413793,61.7195395154583,81.0048780487805,233.025824368755,,3330.13,,,,20083467.0,120.14166666666668,35661.97384584472,2296.252599482,64.389386,78265134490065.7,0.7566718862583176,0.9472344827586208,25.8975736783367,,,0.5410973451025024,1.2188732461528158,0.0065969655598445,0.6819733395534648,120.14166666666668,,,,,,
United Kingdom,2014,hub,64865914.0,2369725553442.0,1890.725,64.51,338.08,358.6,4.05,31.95,5.89,63.75,838.975,700.555,351.194,84.265,8.506,37.938,34774.93,20.52,156.49,438.807,6.765,46.74,30.524,13.417,25.7657173562601,5.02413793103448,58.8210228333296,81.3048780487805,247.854335445576,,3351.7,,,,24468841.0,114.975,36532.67806327373,2369.725553442,64.865914,79355045643137.0,0.7783639156474105,0.9497586206896552,25.7657173562601,,,0.536739993306056,1.2217755935442458,0.0065969655598445,0.6092742324213413,114.975,,,,,,
United Kingdom,2015,hub,65382107.0,2426435869267.0,1847.762,83.36,338.87,359.98,7.53,40.27,6.3,70.34,849.985,720.454,277.323,81.576,10.562,45.357,34863.777,21.11,134.8,422.461,6.461,46.304,30.518,22.445,24.8460298433431,5.62758620689655,57.125044605439,80.9560975609756,252.370653801364,100.0,3365.31,,,,24734564.0,93.06666666666666,37111.61938031456,2426.435869267,65.382107,80311336355482.05,0.7855088528265122,0.9437241379310344,24.8460298433431,0.2427790484507864,0.0316651362984218,0.5336114605586064,1.223705397934382,0.0065969655598445,0.5634756086611414,93.06666666666666,,,,,,
United Kingdom,2016,hub,65893359.0,2478973016876.0,1814.012,83.01,339.18,356.93,10.41,37.16,5.37,71.73,873.856,798.983,141.172,81.267,10.659,45.622,34099.367,17.75,113.1,399.43,6.062,45.942,30.209,21.362,24.9080746496921,5.80620689655172,59.8395315138259,81.1560975609756,247.759276224295,,3345.3,,,,21964131.0,91.95833333333331,37620.984185614216,2478.973016876,65.893359,80458064659885.5,0.7849991229710487,0.9419379310344828,24.9080746496921,,,0.526652266939389,1.225403280618714,0.0065969655598445,0.5504904605128973,91.95833333333331,,,,,,
United Kingdom,2017,hub,66354473.0,2539548543933.0,1780.515,98.89,338.22,352.98,11.46,49.65,5.88,70.34,884.0,782.288,114.227,79.69,12.44,50.035,33924.512,14.76,102.21,387.367,5.838,46.574,30.525,12.431,25.1431380977969,5.80620689655172,63.1899245764158,81.2560975609756,248.566493032888,100.0,3370.01,,,,23000066.0,97.925,38272.45442719438,2539.548543933,66.354473,81619561707476.45,0.79050241589998,0.9419379310344828,25.1431380977969,0.2456811360679859,0.031541606886657,0.5178729551969643,1.227574848090648,0.0065969655598445,0.519277877627973,97.925,,,,,,
United Kingdom,2018,hub,66752473.0,2582848171416.0,1755.417,110.14,333.76,352.87,12.67,56.91,5.44,65.06,870.514,788.487,96.415,78.758,13.98,52.493,33653.051,19.11,95.34,379.73,5.689,46.395,30.151,23.365,24.9567536064151,5.80620689655172,64.9097721959201,81.2560975609756,245.619777867634,,3323.67,,,,21084346.0,95.74166666666667,38692.921105949135,2582.848171416,66.752473,80980065056607.16,0.7903588119264245,0.9419379310344828,24.9567536064151,,,0.5126492185878372,1.2289764036864972,0.0065969655598445,0.4970716814385892,95.74166666666667,,,,,,
United Kingdom,2019,hub,67110958.0,2624285076706.0,1694.126,119.74,327.19,348.36,12.42,63.84,5.93,56.18,846.475,778.738,68.913,77.919,15.684,53.767,32676.998,21.17,87.82,364.753,5.435,45.686,30.285,10.602,25.1543768858761,5.80620689655172,65.0035664177054,81.3691219512195,245.004665440953,83.84,3356.4,,,,25517303.0,94.925,39103.67479340706,2624.285076706,67.110958,82216695092388.0,0.7928809670287551,0.9419379310344828,25.1543768858761,0.2251351869835176,0.0371510674318508,0.5091324769705691,1.2303455826446903,0.0065969655598445,0.4652042543233682,94.925,0.0815,1.1195,-0.1195,24.273,2.947,
United Kingdom,2020,hub,67351860.0,2334804059780.0,1464.439,133.63,310.3,328.55,12.55,75.62,6.88,50.24,666.999,734.638,62.803,74.612,19.068,59.256,29440.059,18.25,75.26,326.263,4.844,44.528,28.932,9.169,24.7117025585913,5.80620689655172,59.1598893030611,80.331756097561,233.168769261304,,3355.24,,,,18961989.0,98.05833333333334,34665.76958349777,2334.80405978,67.35186,82483303982436.0,0.7477977448681712,0.9419379310344828,24.7117025585913,,,0.5519586975011241,1.215552565278326,0.0065969655598445,0.3696109637986815,98.05833333333334,0.0641,0.8805,0.1195,17.775,3.022,
United Kingdom,2021,hub,67668788.0,2512190098029.0,1514.853,122.49,307.9,332.64,12.13,64.93,5.42,46.1,681.037,769.544,64.272,76.764,17.482,54.755,29422.24,24.74,82.24,342.366,5.059,44.922,29.73,2.03,24.8410870913074,5.80620689655172,58.53838629291,80.6473170731707,241.438814262867,56.32,3322.56,,,,22369109.0,125.74166666666667,37124.79818655833,2512.190098029,67.668788,82064267013907.2,0.7735750585099368,0.9419379310344828,24.8410870913074,0.1816599954663958,0.047080281205165,0.5320882954857706,1.2237493272885278,0.0065969655598445,0.4010711156631339,125.74166666666667,0.0713,0.9794,0.0206,20.949,3.03,
United Kingdom,2022,hub,68179315.0,2615230634906.0,1494.374,135.06,324.58,320.28,13.34,80.21,5.66,47.4,730.236,704.881,59.256,75.077,19.072,56.214,29480.258,-4.3,82.76,311.118,4.563,44.674,28.922,-0.406,24.9704873310462,5.80620689655172,69.1989264413981,81.0112195121951,193.50748455168,,3337.85,,,,24362311.0,144.51666666666665,38358.12423322235,2615.230634906,68.179315,83063899199053.75,0.7351502639926744,0.9419379310344828,24.9704873310462,,,0.511150038281749,1.2278604141107412,0.0065969655598445,0.3794981170986957,144.51666666666665,0.0787,1.081,-0.081,22.925,3.061,0.3703
United Kingdom,2023,hub,68682965.0,,1428.648,135.67,292.53,315.83,13.88,82.15,5.54,40.6,741.418,636.197,51.034,74.837,19.976,60.257,28094.684,23.3,68.93,307.826,4.482,44.023,28.327,-2.557,24.9811581862522,,64.9923841747803,81.2380975609756,191.439285220973,,3434.59,,,,22047420.0,124.525,,,68.682965,86102706037162.75,,,24.9811581862522,,,,,0.0065969655598445,0.3576073756408632,124.525,0.0733,1.0069,-0.0069,20.943,3.038,
United Kingdom,2024,hub_country,69138185.0,,1409.699,,,,,,,,744.16,618.572,46.967,73.543,21.293,,28015.771,,,,,,,,,,,,,,,,,,,,,,,,,,,,,,,,,,,,,,,
United States,2000,hub,281484126.0,12947417795437.0,23225.385,350.93,3802.1,3835.86,0.49,5.59,270.03,753.89,10654.942,6283.907,6286.536,87.81,3.856,29.058,94308.109,33.76,2309.84,6023.158,21.398,799.68,268.434,155.802,19.1528849848067,16.80624556423,25.1029953595813,76.6365853658537,108.683783420296,74.24,,,,,342631506.0,53.65,45996.97318433154,12947.417795437,281.484126,328773459168000.0,0.6858123373129702,0.8319375443577,19.1528849848067,0.2289284329608288,0.0424597589670014,0.4915888947709893,1.253323243947772,0.0078181182953287,0.844240464,53.65,,,,,,0.6016
United States,2001,hub,284279634.0,13073810008320.0,22750.32,280.06,3727.57,3749.6,0.54,6.74,208.14,768.83,10642.425,6006.58,6101.316,88.059,3.287,28.139,91172.055,22.03,2273.41,5903.562,20.767,776.109,261.563,56.933,19.151313261849,16.8417317246274,22.967181335596,76.8365853658537,110.090851166173,,,,,,324994633.58,55.34166666666667,45989.26002669611,13073.81000832,284.279634,332038612512000.0,0.6878738663608855,0.831582682753726,19.151313261849,,,0.4937889851086031,1.2532975334223204,0.0078181182953287,0.83422498394869,55.34166666666667,,,,,,
United States,2002,hub,287084335.0,13307343638671.0,22941.4,336.34,3844.23,3865.21,0.55,10.35,255.59,780.06,10641.834,6201.112,6098.454,87.563,3.851,29.041,91601.203,20.98,2309.06,5947.819,20.718,757.572,257.693,126.328,18.8799945862876,16.8772178850248,22.2863741094897,76.9365853658537,111.881758846552,,,,,,297143451.84,53.425,46353.43004232885,13307.343638671,287.084335,335314503280000.0,0.6924455153219535,0.831227821149752,18.8799945862876,,,0.4914350422044366,1.2545114334744296,0.0078181182953287,0.831615163497276,53.425,,,,,,
United States,2003,hub,289908091.0,13680911930765.0,23043.094,349.18,3868.94,3875.36,0.53,11.19,267.27,763.73,10806.655,6021.901,6214.537,87.655,4.012,28.765,91004.992,6.42,2345.89,6006.44,20.718,764.525,263.692,268.839,18.6342900833013,16.9127040454223,22.6273130062789,77.0365853658537,124.193734546682,,,,,,348247631.26,58.11666666666667,47190.51435775554,13680.911930765,289.908091,338612650288000.0,0.7106909943013987,0.830872959545777,18.6342900833013,,,0.4841184006790917,1.2573017145258518,0.0078181182953287,0.8347789831249953,58.11666666666667,,,,,,
United States,2004,hub,292786248.0,14198910513593.0,23500.695,345.14,3951.95,3963.26,0.58,14.14,259.93,788.53,11199.437,6046.277,6254.982,87.665,3.944,28.686,91872.883,11.31,2380.82,6111.545,20.874,765.332,263.281,215.298,18.3928163529042,16.9481902058197,24.4480622643257,77.4878048780488,119.232195457418,,,,,,389023763.41,65.89999999999999,48495.82454976847,14198.910513593,292.786248,341974337664000.0,0.7160240626136938,0.830518097941803,18.3928163529042,,,0.4714200664876037,1.2616527484992284,0.0078181182953287,0.8520567454994687,65.89999999999999,,,,,,
United States,2005,hub,295716666.0,14673826218839.0,23515.395,353.04,4034.99,4059.77,0.55,17.81,263.76,781.99,11216.509,5951.93,6346.957,87.693,4.055,28.13,91007.938,24.78,2438.7,6126.903,20.719,772.655,261.767,323.501,18.1487285416157,16.9836763662172,25.6385530316517,77.4878048780488,115.91132828741,77.12,,,,,366436345.76,67.63333333333334,49621.235141474914,14673.826218839,295.716666,345397065888000.0,0.7202059327217287,0.830163236337828,18.1487285416157,0.2420210878536872,0.041101256814921,0.460851154122724,1.2654041171382495,0.0078181182953287,0.8518764868018531,67.63333333333334,0.0643,1.0,0.0,366.334,27.541,
United States,2006,hub,298730208.0,15065164240312.0,23188.213,381.16,4046.94,4065.36,0.51,26.59,282.69,787.22,11072.753,5865.778,6249.683,87.169,4.502,28.871,89378.18,18.42,2409.78,6045.326,20.237,785.023,265.772,-49.36,17.9130815374943,16.5592618878637,26.9752780973197,77.6878048780488,126.579395023904,,,,,,338336800.0,72.85833333333333,50430.66900121464,15065.164240312,298.730208,348916882944000.0,0.7369761075427621,0.834407381121363,17.9130815374943,,,0.4527691468925583,1.268102230004049,0.0078181182953287,0.831114193747641,72.85833333333333,0.064,0.9953,0.0047,337.703,27.669,
United States,2007,hub,301844223.0,15333183877566.0,23579.912,347.91,4142.57,4173.82,0.61,34.45,240.61,806.42,11004.68,6241.383,6333.85,87.409,4.222,27.865,89671.125,31.25,2479.22,6121.542,20.28,793.939,266.411,-20.978,17.6588154011386,16.1348474095103,28.0120176822667,77.9878048780488,120.375258205684,,,,,,415130860.0,94.55833333333334,50798.33473429107,15333.183877566,301.844223,352554052464000.0,0.7342818991411301,0.838651525904897,17.6588154011386,,,0.448668526198641,1.269327782447637,0.0078181182953287,0.8499652568065081,94.55833333333334,0.067,1.042,-0.042,414.891,28.632,
United States,2008,hub,304970325.0,15288552732632.0,22797.396,377.11,4107.53,4140.35,0.86,55.36,248.54,806.21,10275.43,6288.912,6233.055,86.656,4.833,28.809,86589.57,32.82,2428.91,5919.221,19.409,810.64,254.756,97.343,17.5380978571007,15.7104329311569,29.8677957945319,78.0390243902439,99.9728619656146,,,,,,402399936.0,117.74166666666667,50131.27992906195,15288.552732632,304.970325,356205339600000.0,0.7096132456151237,0.842895670688431,17.5380978571007,,,0.4523715381299518,1.2671042664302066,0.0078181182953287,0.8094822658069981,117.74166666666667,0.0658,1.0233,-0.0233,402.351,29.119,
United States,2009,hub,308023452.0,14864003344421.0,21400.898,415.56,3939.82,3973.87,0.89,73.89,268.82,798.85,9742.241,6176.281,5482.376,85.574,5.601,30.824,81521.477,34.05,2226.07,5486.104,17.811,772.483,250.126,79.04,17.3860510613922,15.2860184528034,24.7595311689876,78.390243902439,118.956904300449,,,,,,418666166.07,91.8,48256.076762690784,14864.003344421,308.023452,359771391936000.0,0.7173355317858194,0.847139815471966,17.3860510613922,,,0.4731064958085892,1.2608535892089694,0.0078181182953287,0.7443519006906595,91.8,0.0721,1.1213,-0.1213,418.464,28.518,
United States,2010,hub,311062785.0,15239586726210.0,22175.387,424.48,4113.94,4139.92,1.21,94.65,254.7,806.97,9892.91,6481.935,5800.542,85.799,5.642,29.934,83435.078,25.98,2348.28,5669.25,18.225,756.187,256.39,170.196,17.2358768155392,14.86160397445,28.2198952346731,78.5414634146342,124.742074360818,78.72,3730.68,,,,401126329.74,106.88333333333333,48991.9960248861,15239.58672621,311.062785,423573634421487.0,0.7285605461862186,0.8513839602555,17.2358768155392,0.2426879900622152,0.0401073974175035,0.4635134712246094,1.2633066534162871,0.0078181182953287,0.7729817476200298,106.88333333333333,,,,,,
United States,2011,hub,314105075.0,15477885525000.0,21752.76,509.74,4088.87,4126.12,1.82,120.18,312.93,790.2,9697.58,6582.108,5473.071,84.934,6.653,31.792,81912.359,37.25,2250.83,5538.973,17.634,764.383,255.979,-68.071,17.0864234286826,15.0425124201561,30.8424862411943,78.6414634146341,130.282137245549,,3724.24,,,,385545255.77,131.76666666666668,49276.13960073711,15477.885525,314.105075,426977979849070.0,0.7363478407530932,0.8495748757984389,17.0864234286826,,,0.4585230170859965,1.2642537986691238,0.0078181182953287,0.7425631430161889,131.76666666666668,,,,,,
United States,2012,hub,317115349.0,15830886903539.0,21191.723,492.32,4040.67,4087.93,4.33,140.82,271.29,769.33,9472.091,6881.228,4838.405,84.978,6.652,31.224,78985.039,47.26,2152.74,5331.467,16.812,749.641,249.914,46.088,16.9341433431503,15.2234208658623,30.6818353657295,78.7414634146342,134.988067410634,,3759.04,,,,356210124.0,122.75,49921.54102114748,15830.886903539,317.115349,435097987749310.4,0.7457093882307183,0.847765791341377,16.9341433431503,,,0.4533053227913748,1.2664051367371585,0.0078181182953287,0.7237938185836348,122.75,,,,,,
United States,2013,hub,320110752.0,16122472460312.0,21720.932,520.38,4055.61,4113.49,9.04,167.84,263.88,789.02,9628.432,7070.228,5022.271,84.818,6.888,32.286,80374.148,57.88,2163.4,5473.436,17.099,748.067,254.243,2.382,16.9903285735213,15.4043293115685,30.0079539684645,78.7414634146342,135.673477861669,,3745.33,,,,434308450.0,120.14166666666668,50365.29500987208,16122.472460312,320.110752,437605947017678.4,0.749353158606584,0.845956706884315,16.9903285735213,,,0.4502812542826015,1.2678843166995737,0.0078181182953287,0.7385998530406713,120.14166666666668,,,,,,
United States,2014,hub,323115377.0,16491319003554.0,21926.422,546.83,4096.01,4149.22,28.92,181.65,253.19,797.17,9692.96,7222.605,5010.856,84.734,7.015,32.812,80453.969,53.21,2168.45,5531.385,17.119,763.215,252.467,74.884,17.0496535963146,15.5852377572747,30.0044781614855,78.8414634146341,128.08924823705,,3728.99,,,,442849090.0,114.975,51038.48401357265,16491.319003554,323.115377,439786313532918.9,0.7466097968497722,0.844147622427253,17.0496535963146,,,0.4446748217254091,1.2701282800452425,0.0078181182953287,0.7438330145267249,114.975,,,,,,
United States,2015,hub,326126496.0,16937633974582.0,21655.984,556.49,4083.99,4150.66,39.03,190.72,243.99,797.18,9891.111,7435.795,4329.078,84.492,7.219,33.146,78949.203,66.67,2061.99,5368.497,16.461,754.889,249.664,53.68,17.103561900514,15.7661462029808,27.8235649187872,78.690243902439,129.184330326896,100.0,3736.74,,,,431870370.62,93.06666666666666,51935.78008019931,16937.633974582,326.126496,444807221772009.6,0.753153136791735,0.842338537970192,17.103561900514,0.2798394502004983,0.0325981348637016,0.4393782677462186,1.273119266933998,0.0078181182953287,0.7309533139763925,93.06666666666666,,,,,,
United States,2016,hub,329179423.0,17220065720000.0,21417.207,624.91,4087.56,4154.06,54.87,226.99,261.13,805.69,9965.476,7490.989,3960.741,83.681,7.993,34.999,78155.102,66.5,1975.7,5245.362,15.935,733.371,251.182,105.186,17.154019176992,15.7661462029808,26.6079620604584,78.5390243902439,128.040032389991,,3754.29,,,,503466147.24,91.95833333333331,52312.09643380412,17220.06572,329.179423,451079780830754.5,0.7539838986201342,0.842338537970192,17.154019176992,,,0.4374579009911739,1.2743736547793472,0.0078181182953287,0.7099824997435209,91.95833333333331,,,,,,
United States,2017,hub,332204657.0,17606124654726.0,21313.416,707.19,4052.31,4108.62,77.28,254.3,293.84,804.95,10062.591,7398.232,3852.593,82.997,8.755,37.316,77729.664,56.31,1900.6,5195.417,15.639,749.256,247.069,164.417,17.2100806566223,15.7661462029808,27.3130208877206,78.5390243902439,127.967235730789,100.0,3763.31,,,,440271775.02,97.925,52997.82614042644,17606.124654726,332.204657,456319024323154.5,0.7584826333384143,0.842338537970192,17.2100806566223,0.2824945653510661,0.0326604017216642,0.4310384279420591,1.2766594204680883,0.0078181182953287,0.694962882787223,97.925,,,,,,
United States,2018,hub,335056492.0,18124692769570.0,22212.854,733.17,4201.55,4246.01,93.36,272.67,286.62,807.08,10303.763,8219.633,3689.459,83.423,8.64,36.659,79893.953,44.46,1943.68,5361.236,16.001,777.6,249.199,99.65,17.0873260438462,15.7661462029808,27.6103792720958,78.6390243902439,130.337684511433,,3790.3,,,,439710828.46,95.74166666666667,54094.43840762829,18124.69276957,335.056492,463537086894074.06,0.7685167717435413,0.842338537970192,17.0873260438462,,,0.4216026339976685,1.2803147946920943,0.0078181182953287,0.7289258210442976,95.74166666666667,,,,,,
United States,2019,hub,337790069.0,18540552700117.0,21948.143,760.76,4158.38,4197.42,106.89,295.88,282.61,809.41,10287.684,8509.999,3150.46,83.053,8.967,37.759,78683.469,39.04,1827.4,5235.912,15.5,799.062,244.477,98.056,16.9548167680067,15.7661462029808,26.4537594940475,78.7878048780488,130.085491379582,80.96,3819.76,,,,420873692.84,94.925,54887.79689410289,18540.552700117,337.790069,470951102796655.7,0.774078742792205,0.842338537970192,16.9548167680067,0.2605634922352572,0.039221962697274,0.4161479330550951,1.282959322980343,0.0078181182953287,0.7144782931420431,94.925,0.0801,0.992,0.008,420.632,32.661,
United States,2020,hub,339436156.0,18027359681343.0,19944.744,821.4,4043.18,4090.49,130.72,337.94,279.95,789.88,9035.32,8353.242,2556.181,81.489,10.123,39.852,72562.672,47.31,1664.71,4689.954,13.817,761.174,241.329,86.538,16.8248090718476,15.7661462029808,23.4015629969394,76.9804878048781,134.602541285667,,3847.34,,,,433259869.82,98.05833333333334,53109.72140912119,18027.359681343,339.436156,476663099655139.6,0.7603631899911426,0.842338537970192,16.8248090718476,,,0.434017425260384,1.277032404697071,0.0078181182953287,0.6289456249808159,98.05833333333334,0.0814,1.008,-0.008,433.281,31.277,
United States,2021,hub,340161438.0,19099378164000.0,21170.129,861.58,4153.62,4192.93,164.42,378.2,246.47,779.65,9868.985,8364.249,2936.894,82.05,10.116,39.513,76307.383,39.31,1760.23,5020.111,14.758,789.44,244.912,89.716,16.6944952784501,15.7661462029808,25.6095576621932,76.3292682926829,130.586361634967,55.04,3875.35,,,,450200713.33,125.74166666666667,56147.98160631012,19099.378164,340.161438,481159289494954.5,0.7743036565139545,0.842338537970192,16.6944952784501,0.2274259540157753,0.0493063012912482,0.4064905956185558,1.2871599386877004,0.0078181182953287,0.6722356789637881,125.74166666666667,0.0824,1.0204,-0.0204,450.15,32.037,
United States,2022,hub,341534041.0,19493170182843.0,21487.639,958.14,4286.89,4328.1,205.07,434.3,248.76,771.54,9930.587,8804.077,2752.975,81.552,10.875,40.348,77627.719,41.21,1759.3,5055.403,14.802,801.907,241.442,118.009,16.5679749153313,15.7661462029808,27.3139397355363,77.4341463414634,127.804790577231,,3937.0,,,,408899960.3,144.51666666666665,57075.33610930162,19493.170182843,341.534041,490786124587205.0,0.7816040183934263,0.842338537970192,16.5679749153313,,,0.3970582593536169,1.2902511203643388,0.0078181182953287,0.6724499045839628,144.51666666666665,0.0806,0.9981,0.0019,408.935,32.802,0.2363
United States,2023,hub,343477330.0,,21127.553,964.74,4253.91,4272.81,238.94,421.14,239.01,774.87,9967.948,8884.396,2275.209,81.147,11.212,40.894,76326.859,18.9,1671.3,4918.407,14.319,819.061,239.774,119.043,16.5689915954444,,25.2903297883366,78.3853658536585,127.796948422916,,3947.33,,,,462631157.55,124.525,,,343.47733,494873704695548.5,,,16.5689915954444,,,,,0.0078181182953287,0.6554099344046238,124.525,0.0833,1.0316,-0.0316,462.478,32.259,
United States,2024,hub_country,345426566.0,,21166.57,,,,,,,,9948.951,9021.992,2195.627,80.33,12.05,,76799.57,,,,,,,,,,,,,,,,,,,,,,,,,,,,,,,,,,,,,,,
Vietnam,2000,hub,77154016.0,220383060780.0,171.122,14.55,26.56,26.56,0.0,0.0,14.55,0.0,101.146,15.44,54.536,80.893,19.107,54.782,2775.604,0.0,8.55,53.935,0.699,74.138,17.876,278.542,19.9318459461197,19.9805241778421,111.417094419512,72.746,365.645161290323,,,,,,34537105.64,53.65,2856.4042703882064,220.38306078,77.154016,61954674848000.0,0.5757932833712155,0.800194758221579,19.9318459461197,,,0.7761966310800983,1.1095213475679608,0.0109634604209845,0.6543677449,53.65,,,,,,3.7683
Vietnam,2001,hub,77969357.0,234846323475.0,188.548,18.21,30.61,30.61,0.0,0.0,18.21,0.0,109.649,19.3,59.599,78.939,21.061,59.49,3104.359,0.0,8.9,60.983,0.782,74.062,16.424,161.406,21.3732360410171,20.5489956040287,111.955937998525,72.984,286.734847345465,,,,,,34271811.29,55.34166666666667,3012.0336053944884,234.846323475,77.969357,62609393671000.0,0.5644056596167224,0.794510043959713,21.3732360410171,,,0.7748997199550459,1.1100401120179817,0.0109634604209845,0.6865929243248138,55.34166666666667,,,,,,
Vietnam,2002,hub,78772227.0,250683369279.0,211.638,18.2,35.8,35.8,0.0,0.0,18.2,0.0,120.419,23.16,68.059,80.934,19.066,50.838,3361.023,0.0,12.33,69.531,0.883,75.064,17.319,134.484,21.2526163258735,21.1174670302153,116.696868652499,73.138,295.487575757576,,,,,,36960263.05,53.425,3182.382659804705,250.683369279,78.772227,63254098281000.0,0.5748375778033329,0.788825329697847,21.2526163258735,,,0.7734801445016275,1.110607942199349,0.0109634604209845,0.8101208531919495,53.425,,,,,,
Vietnam,2003,hub,79563778.0,268202912195.0,230.267,18.99,40.93,40.93,0.0,0.0,18.99,0.0,128.13,22.899,79.237,81.655,18.345,46.396,3586.163,0.0,15.38,77.261,0.971,77.335,18.527,157.441,21.2242396878124,21.6372489010072,124.327954439125,73.236,332.929190092691,,,,,,37706900.0,58.11666666666667,3370.917255776869,268.202912195,79.563778,63889713734000.0,0.5809527817051792,0.783627510989928,21.2242396878124,,,0.7719090228685261,1.1112363908525895,0.0109634604209845,0.8972044556922398,58.11666666666667,,,,,,
Vietnam,2004,hub,80338977.0,288148996981.0,296.429,17.82,46.2,46.2,0.0,0.0,17.82,0.0,152.441,40.144,103.844,85.992,14.008,38.571,4328.84,0.0,18.81,88.939,1.107,83.34,19.42,165.41,20.8646434676041,22.2057203271938,133.016497868747,73.062,367.814514259216,,,,,,39581000.0,65.89999999999999,3586.665000489115,288.148996981,80.338977,64512198531000.0,0.5817769823562019,0.777942796728062,20.8646434676041,,,0.770111124995924,1.1119555500016305,0.0109634604209845,1.0,65.89999999999999,,,,,,
Vietnam,2005,hub,81088309.0,308988652738.0,322.285,16.58,52.08,52.46,0.0,0.0,16.53,0.0,151.399,62.146,108.74,87.842,12.158,31.836,4560.353,0.38,24.09,95.842,1.182,87.113,18.676,117.482,20.3236829403172,22.7761393355962,130.714846045026,73.198,339.648788927336,,,,,,39621600.0,67.63333333333334,3810.5203641378193,308.988652738,81.088309,65113912127000.0,0.5837493514471932,0.772238606644038,20.3236829403172,,,0.7682456636321849,1.1127017345471262,0.0109634604209845,1.0,67.63333333333334,0.0473,1.0,0.0,39.622,0.409,
Vietnam,2006,hub,82167901.0,329425429734.0,282.675,19.77,57.9,58.87,0.0,0.0,19.71,0.0,148.51,67.55,66.615,84.234,15.766,34.145,4125.312,0.97,25.96,99.656,1.213,89.878,18.542,95.654,20.2944420467079,22.7761393355962,138.313621869598,73.293,342.97243226213,,,,,,39705591.33,72.85833333333333,4009.174211885977,329.425429734,82.167901,65980824503000.0,0.5854090045498281,0.772238606644038,20.2944420467079,,,0.7665902149009503,1.11336391403962,0.0109634604209845,1.0,72.85833333333333,0.0475,1.0042,-0.0042,39.706,0.443,
Vietnam,2007,hub,83633374.0,351786434406.0,306.578,22.52,64.16,66.79,0.0,0.0,22.44,0.0,165.336,68.322,72.92,83.651,16.349,35.1,4427.346,2.63,28.16,101.433,1.213,92.079,19.958,122.926,20.1869732977559,22.7761393355962,154.605383996554,73.385,403.517814124509,,,,,,40247513.93,94.55833333333334,4206.292507175425,351.786434406,83.633374,67157599322000.0,0.5870478324007773,0.772238606644038,20.1869732977559,,,0.7649475624402048,1.1140209750239185,0.0109634604209845,1.0,94.55833333333334,0.0485,1.0254,-0.0254,40.248,0.483,
Vietnam,2008,hub,85175789.0,370681828207.0,384.012,26.03,70.95,74.17,0.0,0.0,25.98,0.0,173.385,72.365,138.261,84.818,15.182,36.688,5367.823,3.22,29.93,114.3,1.342,91.099,17.594,112.909,20.0852323588839,22.7761393355962,154.317479627758,73.455,303.463589335456,,,,,,43304798.82,117.74166666666667,4351.962365819705,370.681828207,85.175789,68396158567000.0,0.5882660236152686,0.772238606644038,20.0852323588839,,,0.7637336469515025,1.114506541219399,0.0109634604209845,1.0,117.74166666666667,0.049,1.0359,-0.0359,43.305,0.582,
Vietnam,2009,hub,86460023.0,389670892896.0,383.778,30.05,80.64,84.37,0.0,0.01,29.98,0.0,176.749,77.297,129.732,82.946,17.054,37.264,5409.73,3.73,33.22,124.493,1.44,94.019,22.62,193.021,20.1431120148867,22.7761393355962,134.706317721758,73.525,443.776507936508,,,,,,43323522.66,91.8,4506.948753599106,389.670892896,86.460023,69427398469000.0,0.5895463250239941,0.772238606644038,20.1431120148867,,,0.7624420937200075,1.115023162511997,0.0109634604209845,1.0,91.8,0.0508,1.074,-0.074,43.324,0.682,
Vietnam,2010,hub,87455148.0,413666257649.0,460.749,28.62,91.72,96.36,0.01,0.04,28.52,0.0,200.762,90.729,169.257,86.069,13.931,31.204,6177.169,4.64,41.34,139.564,1.596,94.408,20.741,131.775,20.5474729806508,22.7761393355962,113.977687539714,73.611,365.253518501258,,2729.5,,,,44613831.2,106.88333333333333,4730.038964075619,413.666257649,87.455148,87128721660090.0,0.5913371225056021,0.772238606644038,20.5474729806508,,,0.7605830086327032,1.115766796546919,0.0109634604209845,1.0,106.88333333333333,,,,,,
Vietnam,2011,hub,88468315.0,438354712953.0,483.521,41.19,101.51,105.38,0.01,0.04,41.08,0.0,199.979,81.832,201.71,81.921,18.079,40.577,6749.783,3.87,41.16,152.564,1.725,95.667,20.176,114.125,20.5487672527164,22.7761393355962,125.260577940829,73.713,353.756679507891,,2757.69,,,,47235597.59,131.76666666666668,4954.934576893434,438.354712953,88.468315,89048388471207.75,0.5931964265910542,0.772238606644038,20.5487672527164,,,0.7587088785258881,1.1165164485896448,0.0109634604209845,1.0,131.76666666666668,,,,,,
Vietnam,2012,hub,89510355.0,462486159336.0,474.568,53.42,115.16,116.61,0.01,0.04,53.31,0.0,197.07,90.276,187.222,77.512,22.488,46.388,6938.164,1.45,42.54,144.288,1.612,94.762,21.559,114.696,20.4216208283752,22.7761393355962,123.224116745985,73.762,371.137581428772,,2815.86,,,,48712657.95,122.75,5166.845325727956,462.486159336,89.510355,91997749304059.5,0.5947821060930882,0.772238606644038,20.4216208283752,,,0.7569429556189338,1.1172228177524266,0.0109634604209845,1.0,122.75,,,,,,
Vietnam,2013,hub,90573103.0,488172621311.0,498.152,57.96,124.46,126.79,0.01,0.07,57.82,0.0,204.085,94.097,199.971,77.065,22.935,46.569,7244.138,2.33,46.22,151.459,1.672,95.205,23.93,120.357,20.5196472555451,22.7761393355962,130.846354866743,73.821,483.857974715078,,2800.42,,,,49231389.27,120.14166666666668,5389.818888185822,488.172621311,90.573103,92579596122689.9,0.5964768318035918,0.772238606644038,20.5196472555451,,,0.7550848425984515,1.1179660629606194,0.0109634604209845,1.0,120.14166666666668,,,,,,
Vietnam,2014,hub,91679582.0,519523061605.0,554.977,62.3,141.25,142.69,0.01,0.07,62.16,0.0,214.834,98.527,241.617,77.779,22.221,44.106,7894.68,1.44,56.66,180.048,1.964,95.628,22.571,380.325,20.4533923049676,22.7761393355962,135.410521454361,73.886,436.848584132928,,2833.53,,,,50178378.0,114.975,5666.725897648617,519.523061605,91.679582,94818548784327.9,0.5985522902980496,0.772238606644038,20.4533923049676,,,0.7527772841862616,1.1188890863254954,0.0109634604209845,1.0,114.975,,,,,,
Vietnam,2015,hub,92823254.0,555822142751.0,658.775,56.32,161.93,162.91,0.01,0.12,56.12,0.0,250.783,102.869,305.123,82.203,17.797,34.78,8731.432,0.98,78.33,213.391,2.299,92.971,26.072,228.095,22.3458196519913,22.7761393355962,144.914228195237,73.955,432.273519163763,,2822.85,,,,50379409.69,93.06666666666666,5987.962270219487,555.822142751,92.823254,95639534732173.5,0.6009373955269535,0.772238606644038,22.3458196519913,,,0.7501003144148376,1.119959874234065,0.0109634604209845,1.0,93.06666666666666,,,,,,
Vietnam,2016,hub,94000115.0,593006635951.0,704.559,64.27,179.17,180.5,0.01,0.2,63.94,0.0,271.993,102.386,330.179,81.347,18.653,35.871,9326.302,1.33,87.63,221.027,2.351,91.86,25.942,170.077,22.3302179094857,22.7761393355962,145.409507973118,73.984,424.697484995713,,2847.28,,,,48359869.77,91.95833333333331,6308.573515585593,593.006635951,94.000115,97690296314578.0,0.6031771567705706,0.772238606644038,22.3302179094857,,,0.7474285540367868,1.1210285783852854,0.0109634604209845,1.0,91.95833333333331,,,,,,
Vietnam,2017,hub,95176978.0,634161327073.0,719.698,86.51,194.72,195.43,0.01,0.35,85.94,0.0,294.576,95.207,329.915,76.883,23.117,44.428,9981.674,0.71,83.83,227.694,2.392,91.562,25.823,142.413,22.2981273312636,22.7761393355962,160.98008365887,74.026,457.98634861125,,2862.37,,,,47877218.26,97.925,6662.969768519021,634.161327073,95.176978,99437580179018.88,0.6056880337509112,0.772238606644038,22.2981273312636,,,0.7444752519290082,1.1222098992283969,0.0109634604209845,1.0,97.925,,,,,,
Vietnam,2018,hub,96237319.0,681501440291.0,856.198,84.08,217.18,218.8,0.02,0.49,83.08,0.0,320.087,96.596,439.514,80.345,19.655,38.714,11210.952,1.62,104.87,255.468,2.655,93.491,27.598,175.547,22.1807809743195,22.7761393355962,164.663936775893,74.1,417.43602652436,,2885.87,,,,48923673.32,95.74166666666667,7081.467432514408,681.501440291,96.237319,101370863000623.44,0.6087391946481353,0.772238606644038,22.1807809743195,,,0.7409877713957133,1.1236048914417147,0.0109634604209845,1.0,95.74166666666667,,,,,,
Vietnam,2019,hub,97173778.0,731653148132.0,1018.165,72.01,236.89,238.14,4.82,0.72,66.12,0.0,339.071,98.43,580.664,85.086,14.914,30.398,12433.123,1.25,131.21,339.312,3.492,93.762,28.683,132.526,21.6444553630966,22.7761393355962,164.704215031408,74.211,432.696344339623,,2922.1,,,,48231531.65,94.925,7529.326976789973,731.653148132,97.173778,103642296293237.0,0.6121166896491881,0.772238606644038,21.6444553630966,,,0.7372556085267503,1.1250977565893,0.0109634604209845,1.0,94.925,0.0572,0.9931,0.0069,48.231,1.246,
Vietnam,2020,hub,98079196.0,752629620043.0,1005.433,84.95,244.0,245.51,10.76,0.98,72.87,0.0,307.297,88.394,609.741,82.724,17.276,34.816,12527.92,1.51,128.94,362.599,3.697,91.83,28.791,118.866,21.6540269088055,22.7761393355962,163.245862814935,75.383,456.874465890673,,2966.22,,,,47325157.08,98.05833333333334,7673.692798654263,752.629620043,98.079196,106187432557078.8,0.6172155990498519,0.772238606644038,21.6540269088055,,,0.7360525600112146,1.1255789759955144,0.0109634604209845,1.0,98.05833333333334,0.058,1.0069,-0.0069,47.325,1.411,
Vietnam,2021,hub,98935101.0,771912038182.0,939.331,108.48,253.61,254.43,26.15,3.34,78.67,0.0,288.109,71.989,579.233,77.84,22.16,42.774,12365.529,0.82,120.48,314.197,3.176,94.744,28.665,111.275,21.6740633444895,22.7761393355962,186.675832836814,74.145,460.037860944934,,3004.1,,,,48301162.59,125.74166666666667,7802.205995443417,771.912038182,98.935101,108481991973646.48,0.613702941930407,0.772238606644038,21.6740633444895,,,0.7349816167046382,1.1260073533181447,0.0109634604209845,1.0,125.74166666666667,0.0595,1.033,-0.033,48.301,1.598,
Vietnam,2022,hub,99680656.0,833803909046.0,951.403,131.13,265.11,267.43,25.75,9.09,95.91,0.0,337.14,77.972,536.291,74.688,25.312,49.462,12976.387,2.32,110.13,322.653,3.237,94.227,29.127,114.257,21.5455493907711,22.7761393355962,183.153619147836,74.502,418.424700133274,,3030.66,,,,47085607.1,144.51666666666665,8364.751422241843,833.803909046,99.680656,110265834573230.4,0.6187132447757299,0.772238606644038,21.5455493907711,,,0.7302937381479847,1.1278825047408063,0.0109634604209845,1.0,144.51666666666665,0.059,1.0243,-0.0243,47.086,1.663,1.1143
Vietnam,2023,hub,100352189.0,,1066.903,118.77,276.59,280.07,25.69,11.59,80.62,0.0,362.14,72.057,632.707,78.612,21.388,42.941,13711.071,3.48,130.66,347.399,3.462,94.51,30.457,114.569,21.4673179571769,,164.818071269894,74.588,419.949527976601,,3086.03,,,,47935652.71,124.525,,,100.352189,113036801024179.56,,,21.4673179571769,,,,,0.0109634604209845,1.0,124.525,0.06,1.0417,-0.0417,47.936,1.842,
Vietnam,2024,hub_country,100987685.0,,1143.39,,,,,,,,388.967,60.988,693.435,78.466,21.534,,14618.14,,,,,,,,,,,,,,,,,,,,,,,,,,,,,,,,,,,,,,,
West Africa (ECOWAS),2000,bloc,221911395.0,402195089507.0,,13.15,26.73,27.87,0.0,0.01,13.02,0.0,,,,,,22.06992857142857,1041.2927142857145,1.14,9.240000000000002,114.27000000000002,0.2424285714285714,365.309,62.813,426.28899999999993,16.77273652324318,4.636219277113144,52.23331636579972,52.02783333333332,6.250391062775655,19.913846153846155,,,,,35140930.52,53.65,1812.4129655757424,402.195089507,221.911395,178194850185000.0,0.2019607912254374,0.9536378072288686,16.77273652324318,0.0424104170293239,0.0716069283559577,0.8326632422544025,1.1060413765519193,0.0246313885267503,,53.65,,,,,,0.999
West Africa (ECOWAS),2001,bloc,228184773.0,435373327539.0,,13.48,28.5,29.79,0.0,0.01,13.34,0.0,,,,,,19.633714285714287,1094.8635000000002,1.29,10.19,119.165,0.2555,363.5060000000001,61.18999999999999,427.75,17.09493870910317,4.877839769397709,49.71227538456162,52.51341666666667,5.878093615714283,,,,,,35881672.9,55.34166666666667,1907.9858914994293,435.373327539,228.184773,183232372719000.0,0.2039394701472791,0.9512216023060228,17.09493870910317,,,0.8343878421862765,1.1063599529716648,0.0246313885267503,,55.34166666666667,,,,,,
West Africa (ECOWAS),2002,bloc,234720639.0,493034407975.0,,14.56,34.50999999999999,35.99,0.0,0.01,14.41,0.0,,,,,,21.0525,1115.642214285714,1.48,13.45,110.479,0.2626428571428572,323.54099999999994,62.77,460.875,17.467218401110934,5.090322442968897,47.113273982161736,53.0555,7.051360414464969,,,,,,37880291.73,53.425,2100.515787940574,493.034407975,234.720639,188480673117000.0,0.2083095048830884,0.949096775570311,17.467218401110934,,,0.8353824277850002,1.1070017192931354,0.0246313885267503,,53.425,,,,,,
West Africa (ECOWAS),2003,bloc,241390001.0,542108079311.0,,12.62,32.02,33.18,0.0,0.0,12.5,0.0,,,,,,20.9175,1139.0924285714286,1.16,13.06,122.455,0.283,352.55499999999995,65.53799999999997,377.88499999999993,18.004369499614153,5.219646479987553,47.53121730891145,53.4375,6.344233260709983,,,,,,41360556.69,58.11666666666667,2245.776863437686,542.108079311,241.390001,193836170803000.0,0.2099190201934318,0.9478035352001244,18.004369499614153,,,0.8337539754957746,1.1074859228781258,0.0246313885267503,,58.11666666666667,,,,,,
West Africa (ECOWAS),2004,bloc,248235853.0,599566978324.0,,14.75,36.53999999999999,37.83,0.0,0.01,14.63,0.0,,,,,,21.720357142857143,1179.8965714285714,1.29,14.660000000000002,117.882,0.2804285714285714,350.293,67.333,370.312,18.312438152427195,5.34897051920305,49.15199791037576,54.1825,6.7111087813067725,,,,,,40809060.56,65.89999999999999,2415.311773372237,599.566978324,248.235853,199333389959000.0,0.2140455402116314,0.9465102948079696,18.312438152427195,,,0.830720403978189,1.1080510392445742,0.0246313885267503,,65.89999999999999,,,,,,
West Africa (ECOWAS),2005,bloc,255350758.0,650862864914.0,,14.86,37.02,38.38000000000001,0.0,0.01,14.73,0.0,,,,,,22.02464285714285,1324.5930000000003,1.36,14.910000000000002,124.508,0.2830714285714286,348.4080000000001,72.81099999999999,322.286,18.55300570272349,5.478294558741548,51.23272048932856,54.72083333333333,6.067509306753881,24.344615384615388,,,,,45803103.260000005,67.63333333333334,2548.897328567946,650.862864914,255.350758,205046658674000.0,0.2161925111050499,0.9452170544125844,18.55300570272349,0.0504547048598814,0.0689472767722473,0.8275264684392719,1.10849632442856,0.0246313885267503,,67.63333333333334,0.009,1.0,0.0,19.67,0.91,
West Africa (ECOWAS),2006,bloc,262691232.0,704431257284.0,,13.29,38.34,39.43,0.0,0.01,13.16,0.0,,,,,,18.595714285714287,1341.5297142857144,1.09,16.770000000000003,115.376,0.2885,333.0969999999999,72.96600000000001,302.09000000000003,18.68367590941797,5.641436772343475,48.0935507687658,55.34083333333333,7.456994632805805,,,,,,49369827.79,72.85833333333333,2681.594097834221,704.431257284,262.691232,210941059296000.0,0.2206548768536614,0.9435856322765652,18.68367590941797,,,0.8295598317492824,1.1089386469927809,0.0246313885267503,,72.85833333333333,0.009,1.0,0.0,20.391,0.942,
West Africa (ECOWAS),2007,bloc,270253633.0,765625221588.0,,11.45,37.19,38.78,0.0,0.01,11.32,0.0,,,,,,21.19442857142857,1419.382142857143,1.59,17.169999999999998,109.883,0.2906428571428571,320.29800000000006,72.456,327.14900000000006,18.413614390957623,5.8017061763338775,49.08661546279547,55.86916666666667,5.451372905186452,,,,,,46321329.0,94.55833333333334,2832.9877126499164,765.625221588,270.253633,217013667299000.0,0.2215232517738329,0.9419829382366612,18.413614390957623,,,0.8273051535984552,1.1094432923754998,0.0246313885267503,,94.55833333333334,0.0084,0.9333,0.0667,19.032,0.954,
West Africa (ECOWAS),2008,bloc,278041224.0,835216722150.0,,13.54,37.080000000000005,38.42,0.0,0.01,13.41,0.0,,,,,,23.99614285714285,1454.7577142857142,1.3400000000000003,15.8,113.516,0.2795714285714286,320.31199999999995,74.363,382.206,19.02297933225321,5.962238223818225,50.16783508178826,56.32483333333332,5.872620782326926,,,,,,54758815.99,117.74166666666667,3003.931252115334,835.21672215,278.041224,223267102872000.0,0.2246923585415271,0.9403776177618176,19.02297933225321,,,0.8247994044839173,1.1100131041737178,0.0246313885267503,,117.74166666666667,0.0096,1.0667,-0.0667,24.33,0.997,
West Africa (ECOWAS),2009,bloc,286025364.0,912304559380.0,,13.17,36.27,37.98000000000001,0.0,0.01,13.03,0.0,,,,,,24.89028571428571,1451.2267142857145,1.71,15.509999999999998,104.706,0.2896428571428572,316.65500000000003,74.29399999999998,353.514,19.31643735985571,6.1225514016735625,49.7651132843477,56.79916666666667,7.289115840320335,,,,,,45914517.76,91.8,3189.5932116705567,912.30455938,286.025364,229678367292000.0,0.2290207176436142,0.9387744859832644,19.31643735985571,,,0.8236549432850643,1.1106319773722353,0.0246313885267503,,91.8,0.0101,1.1222,-0.1222,24.39,1.048,
West Africa (ECOWAS),2010,bloc,294227603.0,1024552888904.0,,15.63,44.68000000000001,46.3,0.02,0.0,15.46,0.0,,,,,,26.95564285714285,1549.017857142857,1.62,19.54,145.16899999999995,0.3327142857142857,330.107,77.89099999999999,338.312,19.75412535101835,6.282864581623726,54.09152272363311,57.215916666666665,9.659359657484078,33.35384615384616,2507.9581818181823,,,,51795867.16,106.88333333333333,3482.178009328377,1024.552888904,294.227603,269337341355119.7,0.2348124091314379,0.9371713541837629,19.75412535101835,0.0654008296387055,0.0647666587481146,0.8168903271986304,1.111607260031095,0.0246313885267503,,106.88333333333333,,,,,,
West Africa (ECOWAS),2011,bloc,302703614.0,1101169004659.0,,15.73,46.66,49.53999999999999,0.04,0.02,15.510000000000002,0.0,,,,,,27.84778571428572,1704.4845000000005,2.8800000000000003,20.89,162.25,0.3535,346.39300000000003,80.59100000000001,365.285,19.82958822519016,6.437207970192442,59.80997225147244,57.62341666666668,6.86535357766191,,2485.15,,,,45042537.54,131.76666666666668,3637.779510154776,1101.169004659,302.703614,274576318511216.44,0.2344939816845761,0.9356279202980756,19.82958822519016,,,0.8098751984972378,1.112125931700516,0.0246313885267503,,131.76666666666668,,,,,,
West Africa (ECOWAS),2012,bloc,311315062.0,1153379981366.0,,16.240000000000002,50.09,52.59,0.07,0.06,15.98,0.0,,,,,,24.984500000000004,1611.143214285714,2.5,22.76,148.855,0.3308571428571429,354.365,82.638,352.354,20.24324647272797,6.592101415824619,62.15268356647283,57.99125,10.351698123377847,,2498.908181818182,,,,50724657.94,122.75,3704.8640498030254,1153.379981366,311.315062,283950930777587.6,0.2397257917887313,0.9340789858417538,20.24324647272797,,,0.8069734493518352,1.112349546832677,0.0246313885267503,,122.75,,,,,,
West Africa (ECOWAS),2013,bloc,320017314.0,1217322131495.0,,15.929999999999998,51.35999999999999,53.94999999999999,0.07,0.08,15.63,0.0,,,,,,23.71828571428572,1635.9155714285714,2.59,23.74,156.765,0.3263571428571429,348.764,85.702,319.276,20.60632007155032,6.744244584085209,60.14149864002478,58.39841666666667,10.232290757674756,,2493.259090909091,,,,49432406.3,120.14166666666668,3803.925844759137,1217.322131495,320.017314,291228418243265.3,0.2417038552129317,0.932557554159148,20.60632007155032,,,0.8081591193203157,1.1126797528158638,0.0246313885267503,,120.14166666666668,,,,,,
West Africa (ECOWAS),2014,bloc,328855517.0,1288878326731.0,,16.410000000000004,55.94,59.3,0.08,0.08,16.09,0.0,,,,,,25.39442857142857,1711.7989285714286,3.3600000000000003,26.54,165.85400000000004,0.3327142857142857,354.535,86.69600000000003,324.18600000000004,20.797566286607506,6.896717788016171,58.886726510742406,58.63425,8.970720971100649,,2478.55,,,,55115374.8,114.975,3919.2844884855617,1288.878326731,328.855517,297505967206027.7,0.2420436959923769,0.9310328221198384,20.797566286607506,,,0.8084525694185446,1.1130642816282852,0.0246313885267503,,114.975,,,,,,
West Africa (ECOWAS),2015,bloc,337691045.0,1323118608000.0,,15.169999999999998,56.45,59.39,0.11,0.08,14.81,0.0,,,,,,23.350142857142856,1735.5407857142857,2.94,27.79,156.865,0.3430714285714286,355.98500000000007,87.80499999999999,285.11799999999994,21.090708989373866,7.42444139655892,58.12033495166846,59.005833333333335,9.630885799444046,83.54153846153847,2497.6272727272726,,,,56839681.03,93.06666666666666,3918.133535344415,1323.118608,337.691045,307850622767937.06,0.2440076583880146,0.9257555860344108,21.090708989373866,0.1367534876845149,0.0464639419306183,0.8092285522537948,1.1130604451178148,0.0246313885267503,,93.06666666666666,,,,,,
West Africa (ECOWAS),2016,bloc,346607795.0,1320030026943.0,,17.459999999999997,63.36,65.24,0.16,0.08,17.049999999999997,0.0,,,,,,22.483214285714286,1816.7898571428573,1.88,30.89,164.12,0.3532857142857142,352.702,94.517,294.867,21.33526311025854,7.494818627929772,60.4618392514389,59.550916666666666,13.287346203621109,,2522.0227272727275,,,,60231080.68,91.95833333333331,3808.4256787790937,1320.030026943,346.607795,319065748800558.56,0.2488565566111679,0.9250518137207022,21.33526311025854,,,0.8078012800920686,1.1126947522625972,0.0246313885267503,,91.95833333333331,,,,,,
West Africa (ECOWAS),2017,bloc,355591038.0,1348551757322.0,,17.4,59.68000000000001,60.7,0.26,0.07,16.89,0.0,,,,,,22.47571428571429,1820.8355,1.0200000000000002,28.47,162.79500000000002,0.3653571428571429,361.22300000000007,95.919,328.944,21.6329451076782,7.105537936492305,59.5457752377392,59.91858333333334,15.262015354538365,68.07076923076923,2564.16,,,,60584539.4,97.925,3792.4233549496826,1348.551757322,355.591038,332804195339299.2,0.252022190662046,0.928944620635077,21.6329451076782,0.1147801353104511,0.0515028729260935,0.8088506968043468,1.1126414111831655,0.0246313885267503,,97.925,,,,,,
West Africa (ECOWAS),2018,bloc,364440077.0,1387329822519.0,,18.09,66.88,67.47000000000001,0.5,0.08,17.259999999999998,0.0,,,,,,24.943857142857144,1704.2955000000002,0.59,32.82999999999999,160.07000000000002,0.3638571428571429,367.951,96.71,294.97300000000007,22.14494851103809,9.30880640282528,57.93327715493206,60.32225,15.67298417941084,,2585.320909090909,,,,65283780.35,95.74166666666667,3806.743303149396,1387.329822519,364.440077,343901011180262.25,0.2539533316906029,0.9069119359717472,22.14494851103809,,,0.8103438619854897,1.1126891443438314,0.0246313885267503,,95.74166666666667,,,,,,
West Africa (ECOWAS),2019,bloc,373171037.0,1429780809455.0,,20.2,70.46,71.27,0.63,0.09,19.19,0.0,,,,,,26.27207142857143,1793.2474285714286,0.8100000000000006,34.059999999999995,186.098,0.3978571428571428,379.838,99.651,272.516,22.3826021274237,9.681790662699775,57.85153086626292,60.6565,17.223338289921838,41.15692307692307,2584.5618181818177,,,,66845048.32,94.925,3831.435635919944,1429.780809455,373.171037,352036519066752.75,0.2568480072352704,0.9031820933730024,22.3826021274237,0.0771982813974921,0.0606188710407239,0.8102198388344042,1.1127714521197332,0.0246313885267503,,94.925,0.0117,0.971,0.029,36.856,1.429,
West Africa (ECOWAS),2020,bloc,381918472.0,1413867922252.0,,20.13,75.70000000000002,75.45000000000002,0.79,0.28,18.72,0.0,,,,,,25.333,1639.4924285714285,-0.25,37.68,186.088,0.3831428571428571,361.133,102.779,291.01199999999994,22.34916655600959,9.681790662699775,56.80796180004044,60.585583333333325,17.912611577542076,,2623.127272727273,,,,68178154.44000001,98.05833333333334,3702.015026526394,1413.867922252,381.918472,365664577349457.5,0.2564241823426199,0.9031820933730024,22.34916655600959,,,0.8123419129789063,1.1123400500884213,0.0246313885267503,,98.05833333333334,0.0124,1.029,-0.029,38.806,1.377,
West Africa (ECOWAS),2021,bloc,390720409.0,1471279142972.0,,22.24,81.36999999999999,81.22,1.15,0.47,20.28,0.0,,,,,,27.21042857142857,1681.7279999999998,-0.1500000000000001,40.22999999999998,213.379,0.4092142857142856,359.83200000000005,103.777,246.776,22.70727485938416,9.681790662699775,59.48160531776561,60.559333333333335,13.083096901396052,27.96307692307692,2609.578181818182,,,,66138923.42,125.74166666666667,3765.554880374831,1471.279142972,390.720409,372159640898878.9,0.2519256196333067,0.9031820933730024,22.70727485938416,0.0585621948932447,0.0652767269984917,0.8091387706791109,1.1125518496012494,0.0246313885267503,,125.74166666666667,0.0115,0.9544,0.0456,36.204,1.418,
West Africa (ECOWAS),2022,bloc,399639936.0,1523757105392.0,,24.95,82.77000000000001,83.54000000000002,1.34,0.47,22.79,0.0,,,,,,28.14842857142857,1718.4379285714288,0.77,39.51,200.023,0.4115714285714285,355.473,104.986,254.765,22.87317158151677,9.681790662699775,62.25377094416476,61.52158333333333,13.980682170879716,,2632.916363636364,,,,71223903.03,144.51666666666665,3812.824915956348,1523.757105392,399.639936,384059762375800.94,0.256534514943922,0.9031820933730024,22.87317158151677,,,0.8059726880895324,1.1127094163865212,0.0246313885267503,,144.51666666666665,0.0126,1.0456,-0.0456,40.881,1.462,0.9066
West Africa (ECOWAS),2023,bloc,408770647.0,,,25.4,89.70999999999998,90.41,1.37,0.45,23.23,0.0,,,,,,28.633000000000003,1724.8156428571426,0.7000000000000011,43.74,196.139,0.3916428571428571,364.836,107.534,259.574,23.048097238011533,,59.90848796287899,61.970416666666665,12.507761369698589,,2651.210909090909,,,,69670152.24,124.525,,,408.770647,395564077504530.4,,,23.048097238011533,,,,,0.0246313885267503,,124.525,0.0123,1.0207,-0.0207,41.596,1.504,
